Франке, Ян: 0.0
Karczewski, Wincenty: 0.0
Кислицын, Сергей Сергеевич: 0.0
Zolotov, Borisz Jevgenyjevics: 0.0
Тиморин, Владлен: 0.0
Калинин, Никита: 0.0
Tyupkin, Yu. S.: 0.0
Кострикин, Игорь Алексеевич: 0.0
Заболоцкий, Микола Васильевич: 0.0
Тарасюк, Роман Иванович: 0.0
Шеремета, Мирослав Николаевич: 0.0
Reznikov, Alexander: 0.01
Куликов, Виктор Степанович: 0.01
Альбрехт, Владимир Янович: 0.01
Богданов, Дмитрий Степанович: 0.01
Краснопёров, Егор Иванович: 0.01
Остапенко, Сергей (актёр): 0.01
Редер, Александр Христофорович: 0.01
Kalandiya, Apollon Iosifovich: 0.01
Biermann, Otto: 0.01
Зморович, Валентин Анатольевич: 0.01
Максимович, Владимир Павлович: 0.01
Созанов, Валерий Гаврилович: 0.01
Bleher, Pavel: 0.01
Kulisch, Pjotr Petrowitsch: 0.01
Matwejew, Wladimir Borissowitsch: 0.01
Demjanenko, Wadim Andrejewitsch: 0.01
Борисов, Евгений Васильевич: 0.01
Шестопал, Анатолий Фёдорович: 0.01
Ангарская, Надежда Викторовна: 0.01
Botanarsky, Andrey: 0.01
Косинский, Викентий Викентьевич: 0.01
Q18707824: 0.01
Rosanov, Yuri Anatolievich: 0.01
Гордон, Владимир Осипович: 0.01
Фетисов, Антонин Иванович: 0.01
Лешкевич, Николай Анатольевич: 0.01
Berlyand, Leonid: 0.01
Браверман, Максим Эммануилович: 0.01
Волкова, Валентина Александровна: 0.01
Попруженко, Михаил Григорьевич: 0.01
Bortniker, Liouba: 0.01
Хасанова, Тамилла: 0.01
Evdokimov, Sergei: 0.01
Q71869813: 0.01
Магарил-Ильяев, Георгий Георгиевич: 0.01
Q93593591: 0.01
Gomtsyan, Arsen: 0.01
Goussarov, Mikhail: 0.019
Вильямс, Николай Николаевич: 0.019
Gukov, Sergei: 0.019
Kramsztyk, Stanisław: 0.019
Budrewicz, Wincenty: 0.019
Архимович, Зиновий Алоизиевич: 0.019
Рычков, Вячеслав Сергеевич: 0.019
Kasparow, Gennadi Georgijewitsch: 0.019
Харазов, Георгий Артёмович: 0.019
Кузьмина, Галина Васильевна: 0.019
Сырмус, Тамара: 0.019
Крысько, Вадим Анатольевич: 0.019
Николаевич, Бронштейн Илья: 0.019
Ященко, Иван Валериевич: 0.019
Дернов, Николай Андреевич: 0.019
Михайлов, Леонид Григорьевич: 0.019
Мифтахов, Азат Фанисович: 0.019
Q85988048: 0.019
Ондар, Хеймер-оол Опанович: 0.019
Arzhantseva, Goulnara: 0.028
Штейнберг, Михаил: 0.028
Кремер, Арон Иосифович: 0.028
Каменомостская, Сусанна Львовна: 0.028
Запольский, Иван Ипатович: 0.028
Павловский, Андрей Фёдорович: 0.028
Wenkow, Alexei Borissowitsch: 0.028
Ruubel, Alma Johanna: 0.028
Smbatyan, Ashot: 0.028
Слисенко, Анатолий Олесьевич: 0.028
Alderson, Helen Popova: 0.028
Folkierski, Władysław: 0.038
Госиевский, Владислав: 0.038
Кржижановский, Адриан: 0.038
Мутанов, Галимкаир Мутанович: 0.038
Naumov, Pavel: 0.038
Шеврин, Лев Наумович: 0.038
Арраго, Роман Семёнович: 0.038
Гангнус, Рудольф Вильгельмович: 0.038
Цейтин, Григорий Самуилович: 0.038
Мухачёва, Элита Александровна: 0.038
Гарбиньский, Кажетан: 0.048
Аничков, Дмитрий Сергеевич: 0.048
Новопашенный, Пётр Алексеевич: 0.048
Жулиньский, Роман: 0.057
Хесин, Борис Аронович: 0.057
Нуут, Юрий Юрьевич: 0.057
Вистелиус, Андрей Борисович: 0.057
Левин, Владимир Леонидович: 0.066
Гулак, Николай Иванович: 0.066
Синцов, Дмитрий Матвеевич: 0.066
Пикар, Софи: 0.066
Маркович, Сима: 0.076
Ботезат, Георгий Александрович: 0.076
Линцбах, Яков Иванович: 0.076
Штерн, Авраам: 0.085
Андрианов, Анатолий Николаевич: 0.095
Инкулец, Ион Константинович: 0.124
Нётер, Фриц: 0.152
Ольшевский, Кароль: 0.162
Повзнер, Александр Яковлевич: 0.17
Тарасов, Василий: 0.17
Шабат, Георгий Борисович: 0.17
Leites, Dimitry Alexander: 0.17
Panchishkin, Alexei: 0.17
Yagunov, Serge A.: 0.17
Vaintrob, Arkady: 0.17
Mihailovs, Aleksandrs: 0.17
Vakhutinski, I. Ya.: 0.17
Ovchinnikov, S. V.: 0.17
Busyatskaya, I. K.: 0.17
Zaitsev, A. A.: 0.17
Ol'shanskii, G. I.: 0.17
Rozenberg, A. L.: 0.17
Fomin, A. I.: 0.17
Shapovalov, N. N.: 0.17
Suncheleev, R. R.: 0.17
Shchepochkina, I. M.: 0.17
Kostrikin, Igor Alexeevich: 0.17
Belkin, S. E.: 0.17
Sergeev, Aleksandr Nikolaevich: 0.17
Korkina, Elena I.: 0.17
Agranovich, I. M.: 0.17
Barabasheva, Yu: 0.17
Khoroshkin, Sergei Mikhailovich: 0.17
Shiheeva, V.: 0.17
Grozman, P.: 0.17
Eliseev, S.: 0.17
Bekbaev, U.: 0.17
Gnedin, Alexander V.: 0.17
Neretin, Yurii A.: 0.17
Shander, V.: 0.17
Mikhailov, A. A.: 0.17
Karabegov, A. V.: 0.17
Shtepin, V. V.: 0.17
Golenishcheva-Kutuzova, &nbsp;: 0.17
Tsalenko, L. M.: 0.17
Ovsienko, O. D.: 0.17
Malikov, F. G.: 0.17
Mikerin, A. G.: 0.17
Nazarov, Maxim: 0.17
Olshanski, Grigori: 0.17
Odesskii, A. I.: 0.17
Yuriev, D. V.: 0.17
Fedyk, Yu A.: 0.17
Kononenko, A. V.: 0.17
Prosvetov, G.: 0.17
Dergachev, Vladimir: 0.17
Scorichenko, Alexander: 0.17
Stotsky, Edward Danilovich: 0.17
Nogina, Elena Yur'evna: 0.17
Lyubetsky, Vassily Alexandrovich: 0.17
Plisko, Valery Egorovich: 0.17
Vyugin, Vladimir Vyacheslavovich: 0.17
Shabunin, Leonid Vasil'evich: 0.17
Lomkovskaya, Mariya Vladimirovna: 0.17
Gargov, George Kolev: 0.17
Kanovey, Vladimir Grigor'evich: 0.17
Soprunov, Sergey Fedorovich: 0.17
Sotirov, Vladimir Khristov: 0.17
Skvortsov, Dmitry Pavlovich: 0.17
Vardanyan, Valerius Aramovich: 0.17
Drugush, Yakim Mikhaylovich: 0.17
Budinas, Borisas Leonardovich: 0.17
Krupski, Vladimir Nikolaevich: 0.17
Shum, Alexandr Anatol'evich: 0.17
Kuzichev, Andrey Alexandrovich: 0.17
Vereshchagin, Nikolay Konstantinovich: 0.17
Pankrat'ev, Nikolay Anatol'evich: 0.17
Rojkovskaia, Natalia A.: 0.17
Матвеев, Владимир С.: 0.17
Болсинов, Алексей В.: 0.17
Pushin, Oleg: 0.17
Voronov, Alexander A.: 0.17
Belskii, Arkadii Aleksandrovich: 0.17
Demidov, Evgenij Evgen'evich: 0.17
Frumkin, M.: 0.17
Kolmykov, Vladislav Alekseevich: 0.17
Kurchanov, Pavel Fedorvich: 0.17
Lebedev, D.: 0.17
Levin, A.: 0.17
Martynov, B.: 0.17
Mustafin, G.: 0.17
Roitman, A.: 0.17
Shermenev, Aleksandr Mikhailovich: 0.17
Vainberg, Yu.: 0.17
Verevkin, Andrey Borisovich: 0.17
Penkov, Ivan B.: 0.17
Vishik, Mikhail M.: 0.17
Yakimova, Oksana Sergeevna: 0.17
Скопенков, Аркадий Борисович: 0.17
Великанова, Татьяна Михайловна: 0.171
Kulikow, Walentin Stepanowitsch: 0.18
Зархин, Юрий Геннадьевич: 0.18
Lyapin, Evgeny Sergeevich: 0.18
Иде, Иван Андреевич: 0.18
Hlaváček, Ivan: 0.18
Q12767670: 0.18
Dobrakov, Ivan: 0.18
Bobenko, Alexander Iwanowitsch: 0.18
Беллюстин, Всеволод Константинович: 0.18
Saxl, Ivan: 0.18
Лобанов, Владимир: 0.18
Tsygan, Boris: 0.18
Зетель, Семён Исаакович: 0.18
Шольц, Владимир Германович: 0.18
Головин, Михаил Евсеевич: 0.189
Литягин, Андрей: 0.189
Рост, Иван Акимович: 0.189
Hertz, Karol: 0.189
Крыжановский, Дмитрий Антонович: 0.189
Глазман, Израиль Маркович: 0.189
Rosenberg, Alexander L.: 0.189
Тимченко, Иван Юрьевич: 0.198
Q3920128: 0.198
Q11755342: 0.198
Kharlamov, Viatcheslav: 0.198
Schechtman, Vadim: 0.198
Palamodov, Victor Pavlovich: 0.198
Гришов, Августин Нафанаил: 0.208
Ковалевский, Максим Евграфович: 0.208
Ребане, Хелью: 0.208
Усманов, Гумер Исмагилович: 0.208
Гурвиц, Юлий Осипович: 0.208
Жебравский, Теофил: 0.218
Бабчиньский, Тытус: 0.218
Эйгес, Владимир Романович: 0.219
Либер, Александр Витальевич: 0.227
Мейланов, Вазиф Сиражутдинович: 0.227
Габих, Эдвард Ян: 0.227
Литвинова, Елизавета: 0.237
Кран, Эдгар: 0.247
Кузнецов, Борис Николаевич (учёный): 0.29
Ерёмин, Борис Львович: 0.3
Lesokhin, Mikhail Moiseevich: 0.3
Посицельский, Леонид Ефимович: 0.3
Квасов, Дмитрий Евгеньевич: 0.3
Квасов, Борис Ильич: 0.3
Доморяд, Александр Петрович: 0.3
Треиль, Сергей Раймондович: 0.3
Старченко, Сергей Степанович: 0.309
Бермант, Анисим: 0.31
Бушен, Артур Богданович фон: 0.31
Глаголев, Александр Николаевич: 0.31
Джураев, Абубакир Мухтарович: 0.31
Ивлев, Борис Михайлович: 0.31
Костелянец, Пётр Оскарович: 0.31
Кропоткин, Александр Алексеевич: 0.31
Кулишер, Александр Рувимович: 0.31
Лахути, Делир Гасемович: 0.31
Лукьянов, Яков Афанасьевич: 0.31
Макаров, Николай Иванович: 0.31
Максимович, Александр Петрович: 0.31
Поваров, Геллий Николаевич: 0.31
Погожев, Иван Борисович: 0.31
Погорельский, Платон Николаевич: 0.31
Проценко, Владимир Сидорович: 0.31
Сабинин, Егор Фёдорович: 0.31
Софронов, Михаил (математик): 0.31
Тер-Крикоров, Александр Мартынович: 0.31
Фёдоров, Илья: 0.31
Хохлюк, Виталий Иванович: 0.31
Q6516841: 0.31
Исаков, Виктор: 0.31
Q12078796: 0.31
Q12089871: 0.31
Q12097767: 0.31
Лагно, Виктор Иванович: 0.31
Овсиенко, Сергей Адамович: 0.31
Q13030226: 0.31
Lihoded, Nikolay Aleksandrovich: 0.31
Бессель, Александр Васильевич: 0.31
Суворов, Прохор Игнатьевич: 0.31
Плоткин, Евгений Борисович: 0.31
Гольденберг, Александр Иванович: 0.31
Лерер, Леонид Ефимович: 0.31
Турецкий, Абрам Хаимович: 0.31
Ковнер, Семён Самсонович: 0.31
Мула, Фредерик: 0.31
Q19772418: 0.31
Шмульян, Юрий Львович: 0.31
Шахно, Константин Устинович: 0.31
Шифф, Пётр Александрович: 0.31
Лопшиц, Абрам Миронович: 0.31
Александров, Иван Иванович: 0.31
Михельсон, Николай Семёнович: 0.31
Gordeziani, David: 0.31
Беренс, Виктор Иванович: 0.31
Выжевский, Степан Степанович: 0.31
Садыбеков, Махмуд Абдысаметович: 0.31
Альсевич, Виталий Викентьевич: 0.31
Сейткулов, Ержан Нураханович: 0.31
Овчинников, Алексей Витальевич: 0.31
Бондарко, Михаил Владимирович: 0.31
Чобанян, Сергей: 0.31
Мурадян, Максим: 0.31
Liptser, Robert: 0.31
Harutyunyan, Mariam: 0.31
Денисюк, Владимир: 0.31
Бочаров, Геннадий Алексеевич: 0.31
Хисамиев, Назиф Гарифуллинович: 0.31
Молотков, Сергей Николаевич: 0.31
Сушкевич, Антон Казимирович: 0.318
Кричевер, Игорь Моисеевич: 0.319
Гагарин, Андрей Григорьевич: 0.319
Гимади, Эдуард Хайрутдинович: 0.319
Горбатов, Вячеслав Афанасьевич: 0.319
Ильинский, Алексей Никанорович: 0.319
Колотов, Степан Митрофанович: 0.319
Коренев, Георгий Васильевич: 0.319
Лигун, Анатолий Александрович: 0.319
Перелогов, Тимофей Иванович: 0.319
Преображенский, Владимир Васильевич: 0.319
Романов, Николай Павлович: 0.319
Ромер, Павел Эмилиевич: 0.319
Фельдман, Израиль Аронович: 0.319
Кириллов, Александр мл: 0.319
Умирбаев, Уалбай Утмаханбетович: 0.319
Пан, Виктор Яковлевич: 0.319
Молчанов, Александр Артёмович: 0.319
Мазаник, Сергей Алексеевич: 0.319
Венков, Борис Борисович: 0.319
Вулих, Захар Борисович: 0.319
Жбиковский, Антон Ксаверьевич: 0.319
Парфентьев, Николай Николаевич: 0.319
Бондал, Алексей Игоревич: 0.319
Бейер, Евгений Ильич фон: 0.319
Зенфф, Карл-Эдуард: 0.319
Левин, Виталий Ильич: 0.319
Корзюк, Виктор Иванович: 0.319
Reiziņš, Linards: 0.319
Абрамов, Александр Михайлович: 0.319
Ионин, Владимир Кузьмич: 0.319
Шкиль, Николай Иванович: 0.319
Стрельцов, Владимир Викторович: 0.319
Арнольд, Виталий Дмитриевич: 0.319
Четверухин, Николай Фёдорович: 0.319
Гущин, Валентин Анатольевич: 0.319
Пахлов, Павел Николаевич: 0.319
Фомичёв, Василий Владимирович: 0.319
Волков, Евгений Алексеевич: 0.319
Боголюбов, Николай Михайлович: 0.319
Филер, Залмен Ефимович: 0.319
Аргучинцев, Александр Валерьевич: 0.319
Каган, Абрам Меерович: 0.319
Саранцев, Геннадий Иванович: 0.319
Демьянов, Владимир Фёдорович: 0.319
Шабозов, Мирганд Шабозович: 0.319
Фёдоров, Вячеслав Васильевич: 0.319
Лебедев, Николай Николаевич (математик): 0.319
Сушко, Валерий Григорьевич: 0.319
Пинус, Александр Георгиевич: 0.319
Фабиан, Оскар: 0.328
Никитин, Николай Никифорович: 0.328
Руссман, Исаак Борисович: 0.328
Джунь, Иосиф Владимирович: 0.328
Штейнбука, Инна: 0.328
Кангро, Гуннар Фромхольдович: 0.328
Grīnbergs, Emanuels: 0.328
Феликсович, Бокштейн Меер: 0.328
Стародуб, Юрий Петрович: 0.328
Лебедев, Николай Андреевич: 0.328
Гороховик, Валентин Викентиевич: 0.328
Абрашин, Вячеслав Николаевич: 0.328
Габасов, Рафаил Фёдорович: 0.328
Ибрагимов, Вагиф: 0.328
Акушский, Израиль Яковлевич: 0.328
Эршлер, Анна Геннадьевна: 0.337
Вейсфейлер, Борис: 0.338
Офман, Юрий Петрович: 0.338
Крамков, Дмитрий Олегович: 0.338
Степанов, Сергей Александрович: 0.338
Зудилин, Вадим Валентинович: 0.338
Беклемишев, Дмитрий Владимирович: 0.338
Вайнштейн, Борис Самойлович: 0.338
Зельманов, Абрам Леонидович: 0.338
Имшенецкий, Василий Григорьевич: 0.338
Кондурарь, Владимир Трифонович: 0.338
Солтан, Пётр Семёнович: 0.338
Станевич, Виктор: 0.338
Шестаков, Виктор: 0.338
Новиков, Александр Александрович: 0.338
Агранович, Михаил Семёнович: 0.338
Шубин, Михаил Александрович: 0.338
Закалюкин, Владимир Михайлович: 0.338
Постников, Алексей Георгиевич: 0.338
Итс, Александр Рудольфович: 0.338
Липкин, Липман Израилевич: 0.338
Попов, Владимир Леонидович: 0.338
Эскин, Григорий Ильич: 0.338
Циммерман: 0.338
Симоненко, Игорь Борисович: 0.338
Борисов, Денис Иванович: 0.338
Шокуров, Вячеслав Владимирович: 0.348
Бейтлер, Вильгельм Готлиб Фридрих: 0.348
Кушнер, Борис Абрамович: 0.348
Гастев, Юрий Алексеевич: 0.348
Хусайнов, Абдурахман: 0.35
Субботовская, Белла Абрамовна: 0.357
Левин, Виктор Иосифович: 0.357
Васильев, Александр Васильевич: 0.357
Иванов, Валентин Тимофеевич: 0.357
Коробов, Николай Михайлович: 0.357
Матизен, Виктор Эдуардович: 0.357
Размадзе, Андрей Михайлович: 0.357
Эфендиев, Мамед Рашид оглы: 0.357
Александров, Владимир Валентинович: 0.357
Жмурко, Лаврентий: 0.357
Маркеев, Анатолий Павлович: 0.357
Берлова, Наталья Геннадьевна: 0.357
Минц, Григорий Ефроимович: 0.357
Кужугет, Али: 0.359
Каринский, Михаил Иванович: 0.366
Батырев, Виктор Вадимович: 0.366
Буслаев, Владимир Савельевич: 0.366
Векуа, Николай Петрович: 0.366
Рейссиг, Корнелий Христианович: 0.369
Адо, Игорь: 0.376
Подолинский, Сергей Андреевич: 0.376
Фёдоров, Владимир Семёнович: 0.376
Штокман, Владимир Борисович: 0.376
Петросян, Ашот Везирович: 0.376
Морозкин, Николай Данилович: 0.376
Налимов, Евгений Викторович: 0.386
Цубербиллер, Ольга Николаевна: 0.395
Сокольников, Иван: 0.397
Дегаев, Сергей Петрович: 0.397
Почобут-Одляницкий, Мартин: 0.404
Коркин, Александр Николаевич: 0.414
Уфимцев, Пётр Яковлевич: 0.414
Родес, Ида: 0.414
Капранов, Михаил Михайлович: 0.416
Суслин, Михаил Яковлевич: 0.424
Трахтенберг, Яков: 0.433
Красносельский, Марк Александрович: 0.433
Осипов, Михаил Павлович: 0.45
Гернет, Надежда Николаевна: 0.452
Оганесян, Леонард: 0.469
Брегман, Лев: 0.469
Скворцов, Владимир Викторович: 0.47
Клепцын, Виктор: 0.47
Мещерский, Иван: 0.471
Мироненко, Владимир Иванович: 0.478
Гирсанов, Игорь Владимирович: 0.478
Николенко, Сергей Игоревич: 0.48
Чесноков, Сергей: 0.48
Q13028344: 0.48
Твардовский, Осип Петрович: 0.48
Ахвледиани, Александр: 0.48
Шишкин, Николай Иванович: 0.48
Шень, Александр: 0.48
Мосолов, Пётр Петрович: 0.48
Аксёнов, Митрофан Семёнович: 0.48
Баврин, Иван Иванович: 0.48
Поташёв, Максим: 0.488
Касьянов, Виктор Николаевич: 0.489
Кваша, Гершко Иосифович: 0.489
Лёвшин, Владимир Артурович: 0.489
Фусс, Павел Николаевич: 0.489
Шохор-Троцкий, Семён Ильич: 0.489
Q6462767: 0.489
Потапов, Владимир: 0.489
Гаврилов, Гарий Петрович: 0.489
Stakhov, Alexey: 0.489
Яницкий, Станислав Людвигович: 0.489
Крылов, Владимир Иванович: 0.489
Тормасов, Александр Геннадьевич: 0.489
Левин, Андрей Михайлович: 0.489
Веретенников, Виктор Григорьевич: 0.489
Лойко, Михаил Фёдорович: 0.489
Маканин, Владимир Семёнович: 0.493
Коровкин, Павел Петрович: 0.498
Салтыков, Николай Николаевич: 0.498
Даватц, Владимир: 0.498
Лефевр, Владимир Александрович: 0.498
Палто, Сергей Петрович: 0.498
Могильницкий, Вадим Анатольевич: 0.498
Воронин, Сергей Михайлович: 0.508
Этингоф, Павел Ильич: 0.508
Бобынин, Виктор Викторович: 0.508
Лавут, Александр Павлович: 0.508
Мышкис, Анатолий Дмитриевич: 0.508
Шабат, Борис Владимирович: 0.508
Соколов, Иван Дмитриевич: 0.508
Девингталь, Юрий Владимирович: 0.508
Андреевский, Михаил Аркадьевич: 0.509
Гиновян, Мамикон: 0.509
Мажорова, Ольга Семёновна: 0.509
Романюха, Алексей Алексеевич: 0.509
Сетуха, Алексей Викторович: 0.509
Магницкий, Николай Александрович: 0.509
Шоломов, Лев Абрамович: 0.509
Zabavsky, Bohdan: 0.509
Пентус, Мати Рейнович: 0.509
Баранаускас, Антанас: 0.51
Челкак, Дмитрий Сергеевич: 0.517
Адодуров, Василий Евдокимович: 0.518
Никольский, Николай: 0.518
Москатов, Генрих Карлович: 0.519
Alıquliyev, Ramiz: 0.519
Енгибарян, Норайр: 0.519
Лаппо-Данилевский, Иван Александрович: 0.519
Aslanov, Ramiz: 0.519
Дубинин, Владимир Николаевич: 0.519
Нахапетян, Борис : 0.519
Шахбагян, Ромен: 0.519
Аров, Дамир Зямович: 0.519
Adamyan, Vanik: 0.519
Q78441947: 0.519
Бозоян, Шура : 0.519
Крафт, Георг Вольфганг: 0.527
Сонин, Николай Яковлевич: 0.527
Делоне, Николай Борисович: 0.527
Сендеров, Валерий Анатольевич: 0.527
Онищик, Аркадий Львович: 0.527
Машковский, Кароль: 0.528
Самко, Стефан Григорьевич: 0.528
Дьяконов, Александр Геннадьевич: 0.528
Плющ, Леонид Иванович: 0.536
Бондарева, Ольга Николаевна: 0.536
Кузнецова, Татьяна Ивановна: 0.538
Браверман, Елена Яновна: 0.538
Пегов, Валентин Иванович: 0.538
Бобров, Сергей Павлович: 0.546
Линделёф, Лоренц: 0.546
Сатаров, Георгий Александрович: 0.546
Polishchuk, Vyacheslav Kalashnikov: 0.548
Пажитнов, Алексей Леонидович: 0.55
Бубнов, Иван Григорьевич: 0.554
Каток, Анатолий Борисович: 0.556
Базен, Пьер-Доминик: 0.556
Кон-Фоссен, Стефан Эммануилович: 0.573
Эйлер, Иоганн Альбрехт: 0.574
Алексеев, Виссарион Григорьевич: 0.576
Васильев, Николай Александрович: 0.584
Ильяшенко, Юлий: 0.584
Поссе, Константин Александрович: 0.584
Колосов, Гурий Васильевич: 0.595
Кузин, Лев Тимофеевич: 0.599
Измайлов, Валентин Денисович: 0.599
Цветков, Яков Яковлевич: 0.6
Борухов, Валентин Терентьевич: 0.6
Слинько, Аркадий Михайлович: 0.6
Субботин, Михаил Фёдорович: 0.603
Волков, Александр Мелентьевич: 0.605
Антипин, Анатолий Сергеевич: 0.609
Асанов, Магаз Оразкимович: 0.609
Беклемишев, Лев Дмитриевич: 0.609
Волков, Александр Александрович (математик): 0.609
Вольфенгаген, Вячеслав Эрнстович: 0.609
Глебский, Юрий Васильевич: 0.609
Закарин, Аскар Закарьевич: 0.609
Кабак, Валерий Иванович: 0.609
Карастелев, Корнелий Иванович: 0.609
Котов, Иван Иванович (математик): 0.609
Кружков, Станислав Николаевич: 0.609
Минятов, Александр Константинович: 0.609
Мирзаджанзаде, Азад Халил оглы: 0.609
Оловянишников, Сергей Пантелеймонович: 0.609
Россинский, Сергей Дмитриевич: 0.609
Скоробогатов, Алексей Николаевич: 0.609
Флёров, Юрий Арсениевич: 0.609
Хованов, Николай Васильевич: 0.609
Шананин, Александр Алексеевич: 0.609
Шестаков, Иван Павлович: 0.609
Андон, Филипп Илларионович: 0.609
Березанский, Юрий Макарович: 0.609
Бондаренко, Виталий Михайлович: 0.609
Гаращенко, Фёдор Георгиевич: 0.609
Кильчевский, Николай: 0.609
Бобков, Владимир Васильевич: 0.609
Никитин, Василий Никитич: 0.609
Шилькрут, Давид Исаакович: 0.609
Чижов, Дмитрий Семёнович: 0.609
Гайцгори, Владимир: 0.609
Лобанов, Семён: 0.609
Мнёв, Николай: 0.609
Maranjyan, Hrant: 0.609
Q20509711: 0.609
Архангельский, Николай Михеевич: 0.609
Шрира, Виктор Исаевич: 0.609
Манаков, Сергей Валентинович: 0.609
Буфетов, Александр Игоревич: 0.609
Плотников, Павел Игоревич: 0.609
Крутов, Виталий Иванович: 0.609
Шефель, Самуил Зусевич: 0.609
Шклярский, Давид Оскарович: 0.609
Чирка, Евгений Михайлович: 0.609
Рассказова, Вера Владимировна: 0.609
Левкович-Маслюк, Леонид: 0.609
Гречина, Григорий Власьевич: 0.609
Q64005353: 0.609
Пак, Витольд Витольдович: 0.618
Бусленко, Николай Пантелеймонович: 0.618
Власов, Алексей Константинович: 0.619
Воронель, Александр Владимирович: 0.619
Геронимус, Александр Юрьевич: 0.619
Глейзер, Герш Исаакович: 0.619
Заморзаев-Орлеанский, Александр Михайлович: 0.619
Зернов, Николай Ефимович: 0.619
Кипнис, Михаил Маркович: 0.619
Костюченко, Анатолий: 0.619
Крупник, Наум Яковлевич: 0.619
Куликовский, Андрей Геннадиевич: 0.619
Латипов, Халим Рафикович: 0.619
Мартышко, Пётр Сергеевич: 0.619
Миллионщиков, Владимир Михайлович: 0.619
Садыхов, Мисреддин Аллахверди оглы: 0.619
Стронгин, Роман Григорьевич: 0.619
Татаринов, Ярослав Всеволодович: 0.619
Трещёв, Дмитрий Валерьевич: 0.619
Ушаков, Владимир Николаевич: 0.619
Фельдман, Александр Маркович: 0.619
Худяев, Сергей Иванович: 0.619
Шокин, Юрий Иванович: 0.619
Шостак, Александр Петрович: 0.619
Шумейко, Александр Алексеевич: 0.619
Юдович, Виктор Иосифович: 0.619
Пентковский, Мстислав Вячеславович: 0.619
Венков, Борис Алексеевич: 0.619
Дяченко, Никита Андреевич: 0.619
Канель-Белов, Алексей Яковлевич: 0.619
Куфарев, Павел Парфеньевич: 0.619
Назимов, Пётр: 0.619
Акбергенов, Ибадулла: 0.619
Фурсиков, Андрей Владимирович: 0.619
Иванилов, Юрий Павлович: 0.619
Панюков, Анатолий Васильевич: 0.619
Чернявский, Владимир Соломонович: 0.619
Горбунов, Виктор: 0.619
Быковский, Виктор Алексеевич: 0.619
Тартаковский, Владимир Абрамович: 0.619
Дядькин, Иосиф Гецелевич: 0.619
Белинский, Павел Петрович: 0.619
Моттль, Вадим Вячеславович: 0.619
Вороненко, Андрей Анатольевич: 0.619
Блажеевский, Ромуальд Осипович: 0.619
Солонников, Всеволод Алексеевич: 0.619
Нейштадт, Анатолий Исерович: 0.619
Борисов, Владимир Фёдорович: 0.619
Балк, Марк Беневич: 0.619
Чернеевский, Николай Степанович: 0.619
Конторович, Пётр Григорьевич: 0.619
Толстых, Андрей Игоревич: 0.619
Шкредов, Илья Дмитриевич: 0.619
Добронравов, Сергей Георгиевич: 0.619
Зелинский, Юрий Борисович: 0.619
Галяев, Андрей Алексеевич: 0.619
Пржиялковский, Виктор Владимирович: 0.619
Перельман, Яков Исидорович: 0.626
Вильбрехт, Александр Михайлович: 0.628
Висковатов, Василий Иванович: 0.628
Гварамия, Алеко Алексеевич: 0.628
Гудивок, Пётр Михайлович: 0.628
Джураев, Абдухамид Джураевич: 0.628
Жаутыков, Орымбек Ахметбекович: 0.628
Зубов, Владимир Иванович: 0.628
Котельников, Пётр Иванович: 0.628
Котельников, Семён Кириллович: 0.628
Непейвода, Николай Николаевич: 0.628
Янишевский, Эраст Петрович: 0.628
Мучник, Альберт: 0.628
Скопин, Александр Иванович: 0.628
Горюнов, Виктор Владимирович: 0.628
Зеленяк, Тадей Иванович: 0.628
Положий, Георгий Николаевич: 0.628
Рахманинов, Иван Иванович: 0.628
Гайшун, Иван Васильевич: 0.628
Федорук, Михаил Петрович: 0.628
Четверушкин, Борис Николаевич: 0.628
Калошин, Вадим Юрьевич: 0.628
Арак, Тайво Викторович: 0.628
Зарипов, Максут Мухаметзянович: 0.628
Шанин, Николай Александрович: 0.638
Крылов, Николай: 0.638
Вечтомов, Евгений Михайлович: 0.638
Владиславлев, Сергей Владимирович: 0.638
Гаджиев, Акиф Джафар оглы: 0.638
Зуховицкий, Семён Израилевич: 0.638
Иманалиев, Мурзабек Иманалиевич: 0.638
Кисляков, Сергей Витальевич: 0.638
Латышев, Виктор Николаевич: 0.638
Лигин, Валериан Николаевич: 0.638
Матвеев, Сергей Владимирович: 0.638
Неймарк, Юрий Исаакович: 0.638
Нехорошев, Николай Николаевич: 0.638
Пальцев, Борис Васильевич: 0.638
Попова, Наталья: 0.638
Рябенький, Виктор Соломонович: 0.638
Сидоров, Анатолий Фёдорович: 0.638
Халилов, Захид Исмаил оглы: 0.638
Шарыгин, Игорь Фёдорович: 0.638
Янков, Вадим: 0.638
Ярошенко, Семён Петрович: 0.638
Полуэктов, Ратмир Александрович: 0.638
Бураго, Дмитрий Юрьевич: 0.638
Касим-Заде, Октай Мурадович: 0.638
Семихатов, Алексей Михайлович: 0.638
Бухштаб, Александр Адольфович: 0.638
Ивочкина, Нина: 0.638
Гущин, Александр Константинович: 0.638
Гурман, Владимир Иосифович: 0.638
Шейнфинкель, Моисей: 0.64
Молев, Александр: 0.64
Черножуков, Виктор Викторович: 0.64
Пономарёв, Лев: 0.641
Герасимов, Вадим: 0.641
Алексеев, Анатолий Семёнович: 0.647
Расулов, Меджид Лятиф оглы: 0.647
Ефремович, Вадим Арсеньевич: 0.648
Алексеев, Владимир Михайлович: 0.648
Гусейн-Заде, Сабир Меджидович: 0.648
Зорич, Антон Владимирович: 0.648
Склянин, Евгений Константинович: 0.648
Липовецкий, Арон: 0.65
Копанский, Александр Яковлевич: 0.65
Смирнов, Юрий: 0.657
Маркушевич, Алексей Иванович: 0.657
Андрунакиевич, Владимир Александрович: 0.657
Ахтямов, Азамат Мухтарович: 0.657
Глаголев, Нил Александрович: 0.657
Захарян, Ваник Суренович: 0.657
Кравченко, Виктор Филиппович: 0.657
Мержанов, Александр Григорьевич: 0.657
Напалков, Валентин Васильевич: 0.657
Пфейффер, Георгий Васильевич: 0.657
Розов, Николай Христович: 0.657
Юлмухаметов, Ринад: 0.657
Фиников, Сергей: 0.657
Мазуров, Виктор Данилович: 0.657
Иванов, Николай: 0.657
Коровина, Мария Викторовна: 0.657
Шевцова, Ирина Геннадьевна: 0.657
Семячкин, Дмитрий: 0.659
Новикова, Наталья Михайловна: 0.659
Широков, Юрий Михайлович: 0.666
Шапошникова, Татьяна Олеговна: 0.666
Муштари, Хамид Музафарович: 0.666
Решетихин, Николай Юрьевич: 0.676
Запольская, Любовь Николаевна: 0.676
Кириллова, Фаина Михайловна: 0.676
Якубович, Владимир: 0.676
Дмитриев, Михаил Геннадьевич: 0.676
Хавин, Виктор Петрович: 0.676
Малинникова, Евгения Владимировна: 0.676
Соболь, Илья Меерович: 0.677
Слешинский, Иван Владиславович: 0.677
Снядецкий, Ян: 0.679
Жилина, Розетта Андреевна: 0.685
Первушин, Иван Михеевич: 0.686
Филиппов, Владимир Михайлович: 0.686
Дробышев, Юрий Александрович: 0.689
Краснер, Наум Яковлевич: 0.695
Иванов, Иван: 0.695
Матвиевская, Галина Павловна: 0.695
Румовский, Степан Яковлевич: 0.695
Топоногов, Виктор Андреевич: 0.696
Каток, Светлана Борисовна: 0.704
Осиповский, Тимофей Фёдорович: 0.704
Q12165774: 0.709
Абгарян, Карлен Арамович: 0.714
Гребенщиков, Борис Борисович: 0.721
Мейман, Наум Натанович: 0.723
Адельсон-Вельский, Георгий Максимович: 0.724
Боль, Пирс Георгиевич: 0.724
Эпштейн, Пауль Софус: 0.742
Аракелов, Сурен Юрьевич: 0.752
Френкель, Эдвард: 0.754
Лавров, Пётр Лаврович: 0.755
Артамонов, Вячеслав Александрович: 0.769
Габович, Евгений Яковлевич: 0.77
Бурков, Владимир Дмитриевич: 0.77
Карацуба, Екатерина Анатольевна: 0.77
Агрест, Матест Менделевич: 0.771
Либерман, Иосиф Меерович: 0.778
Земляков, Александр Николаевич: 0.78
Курганов, Николай Гаврилович: 0.78
Драгалин, Альберт: 0.78
Бугров, Александр: 0.78
Алёшин, Станислав Владимирович: 0.788
Буссе, Фёдор Иванович: 0.789
Волевич, Леонид Романович: 0.789
Прасолов, Виктор Васильевич: 0.789
Сабинин, Лев Васильевич: 0.789
Фарварсон, Генри: 0.789
Коллинс, Эдуард Давыдович: 0.789
Тростников, Виктор Николаевич: 0.789
Калужнин, Лев Аркадьевич: 0.789
Vakhania, Niko: 0.789
Ивахненко, Алексей Григорьевич: 0.797
Надирашвили, Николай Семёнович: 0.797
Петерсон, Карл Михайлович: 0.798
Позняк, Эдуард Генрихович: 0.798
Гоппа, Валерий Денисович: 0.798
Дуров, Николай: 0.802
Шарковский, Александр Николаевич: 0.807
Витт, Александр Адольфович: 0.808
Герасименко, Пётр Васильевич: 0.808
Малкин, Иоэль Гильевич: 0.808
Миронов, Павел Миронович: 0.808
Архангельский, Александр Владимирович: 0.808
Белавкин, Вячеслав Павлович: 0.808
Шпачинский, Эразм Корнелиевич: 0.808
Бутягин, Алексей Сергеевич: 0.808
Фролов, Николай Адрианович: 0.808
Шильников, Леонид Павлович: 0.808
Долгопят, Дмитрий Ильич: 0.808
Холодов, Александр Сергеевич: 0.808
Тихомандрицкий, Александр Никитич: 0.81
Q60029619: 0.81
Хазанкин, Роман Григорьевич: 0.817
Михлин, Соломон Григорьевич: 0.818
Летников, Алексей Васильевич: 0.818
Сазонов, Анатолий Ефимович: 0.819
Грудо, Эдуард Иосифович: 0.819
Долбня, Иван Петрович: 0.819
Артамкин, Игорь Вадимович: 0.819
Разгулин, Александр Витальевич: 0.819
Гаранжа, Владимир Анатольевич: 0.819
Дубцов, Евгений Сергеевич: 0.819
Хачатрян, Хачатур Агавардович: 0.819
Нурмиевич, Хабибуллин Булат: 0.819
Локшин, Александр Александрович: 0.819
Спринджук, Владимир Геннадьевич: 0.827
Маричев, Олег Игоревич: 0.827
Сосинский, Алексей Брониславович: 0.827
Зигель, Феликс Юрьевич: 0.827
Ентов, Владимир Маркович: 0.827
Араркцян, Бабкен Гургенович: 0.827
Исковских, Василий Алексеевич: 0.827
Борисов, Виктор Васильевич: 0.827
Кудрявцев, Валерий Борисович: 0.827
Лексель, Андрей Иванович: 0.828
Фёдоров, Евграф Степанович: 0.828
Агаков, Всеволод Георгиевич: 0.828
Востоков, Сергей Владимирович: 0.828
Шолохович, Фридрих Акимович: 0.828
Гивенталь, Александр Борисович: 0.836
Шайн, Борис Моисеевич: 0.838
Капустин, Николай Юрьевич: 0.838
Хургин, Яков Исаевич: 0.838
Субботина, Нина Николаевна: 0.838
Сычугов, Дмитрий Юрьевич: 0.838
Срочко, Владимир Андреевич: 0.838
Долгачёв, Игорь Владимирович: 0.845
Дикштейн, Самуэль: 0.846
Розенфельд, Борис Абрамович: 0.846
Геронимус, Яков Лазаревич: 0.846
Ильин, Александр Владимирович: 0.857
Селезнёва, Светлана Николаевна: 0.857
Порецкий, Платон Сергеевич: 0.865
Кордемский, Борис Анастасьевич: 0.865
Ульянов, Пётр Лаврентьевич: 0.865
Магницкий, Леонтий Филиппович: 0.874
Браиловский, Виктор Львович: 0.876
Золотарёв, Егор Иванович: 0.882
Шитикова, Лариса Александровна: 0.889
Двухшёрстов, Григорий Иванович: 0.899
Буркин, Игорь Михайлович: 0.9
Молин, Фёдор Эдуардович: 0.902
Аппельрот, Герман Германович: 0.909
Березин, Иван Семёнович: 0.909
Булинский, Александр Вадимович: 0.909
Гурьев, Семён Емельянович: 0.909
Иохвидов, Иосиф Семёнович: 0.909
Кряжимский, Аркадий Викторович: 0.909
Куржанский, Александр Борисович: 0.909
Маркус, Александр Семёнович: 0.909
Ольшевский, Вадим Рудольфович: 0.909
Петров, Николай Николаевич: 0.909
Семёнычев, Валерий Константинович: 0.909
Скрыпник, Игорь Владимирович: 0.909
Харламов, Сергей Анатольевич: 0.909
Христиани, Николай Васильевич: 0.909
Чебраков, Юрий Владимирович: 0.909
Шевченко, Валерий: 0.909
Таранников, Юрий Валерьевич: 0.909
Рогов, Андрей Петрович: 0.909
Афанасьев, Пафнутий Алексеевич: 0.909
Буницкий, Евгений Леонидович: 0.909
Гирш, Эдуард Алексеевич: 0.909
Файнзильбер, Александр Маркович: 0.909
Edigarian, Armen: 0.909
Плоткин, Борис Исаакович: 0.909
Шмелёв, Виктор Васильевич: 0.909
Изаак, Александр Давидович: 0.909
Абрамов, Сергей Александрович: 0.909
Мучник, Андрей Альбертович: 0.909
Махнёв, Александр Алексеевич: 0.909
Золотарёв, Владимир Михайлович: 0.909
Зайцев, Андрей Юрьевич: 0.909
Борисов, Алексей Владимирович: 0.909
Веденисов, Николай Борисович: 0.909
Верченко, Иван Яковлевич: 0.909
Вашакмадзе, Тамаз: 0.909
Горгошидзе, Анатолий: 0.909
Вавилов, Александр: 0.918
Михалёв, Александр Васильевич: 0.918
Петров, Вячеслав Васильевич: 0.918
Ченцов, Николай Николаевич: 0.918
Завало, Сергей Трофимович: 0.918
Еругин, Николай Павлович: 0.918
Анкудович, Викентий Александрович: 0.919
Афанасьев, Александр Петрович: 0.919
Гальперн, Самарий Александрович: 0.919
Дикусар, Василий Васильевич: 0.919
Красовский, Андрей Николаевич: 0.919
Кулешов, Александр Петрович: 0.919
Левченков, Вячеслав Степанович: 0.919
Майсеня, Людмила Иосифовна: 0.919
Панкевич, Михаил Иванович: 0.919
Питербарг, Владимир Ильич: 0.919
Поспелов, Игорь Гермогенович: 0.919
Сергеев, Армен Глебович: 0.919
Сибирский, Константин Сергеевич: 0.919
Тамразов, Промарз Меликович: 0.919
Флейшман, Бенцион Шимонович: 0.919
Никулин, Вячеслав: 0.919
Дьяченко, Аммос Андреевич: 0.919
Граве, Платон Платонович: 0.919
Тумаркин, Лев Абрамович: 0.919
Толстова, Юлиана Николаевна: 0.919
Рудаков, Игорь Алексеевич: 0.919
Далецкий, Юрий Львович: 0.919
Зыков, Александр Александрович: 0.919
Гермейер, Юрий Борисович: 0.919
Чистяков, Иоасаф Иванович: 0.919
Гаркави, Александр Львович: 0.919
Викберг, Борис Акселевич: 0.919
Шапошников, Николай Александрович (математик): 0.919
Кукин, Георгий Петрович: 0.919
Аникин, Валерий Михайлович: 0.919
Субханкулов, Магалим Акрамович: 0.919
Жиков, Василий Васильевич: 0.919
Петров, Александр Павлович: 0.919
Василевский, Юрий Викторович: 0.919
Ильич, Хлыбов Владимир: 0.919
Дубровин, Борис Анатольевич: 0.922
Вроньский, Юзеф: 0.925
Давиденко, Виктор Александрович: 0.927
Немировский, Стефан Юрьевич: 0.928
Дьяченко, Владимир Федотович: 0.928
Евтушенко, Юрий Гаврилович: 0.928
Миклюков, Владимир Михайлович: 0.928
Персидский, Константин Петрович: 0.928
Сабитов, Иджад Хакович: 0.928
Сканави, Марк Иванович: 0.928
Суворов, Георгий Дмитриевич: 0.928
Сушков, Борис Григорьевич: 0.928
Ибрагимов, Ибрагим Ибишевич: 0.928
Жижченко, Алексей Борисович: 0.928
Суворов, Фёдор Матвеевич: 0.928
Кондратьев, Юрий: 0.928
Кибель, Илья Афанасьевич: 0.928
Вулих, Борис: 0.928
Гуревич, Борис Маркович: 0.928
Шунков, Владимир Петрович: 0.928
Кондратьев, Анатолий Семенович: 0.928
Яковлев, Анатолий Владимирович: 0.928
Скубенко, Борис Фадеевич: 0.928
Егоров, Юрий Владимирович: 0.928
Легоньков, Владимир Иванович: 0.928
Мирианашвили, Матэ: 0.928
Масленникова, Вера Николаевна: 0.937
Илолов, Мамадшо Илолович: 0.937
Михайлович, Викулин Иван: 0.937
Прудников, Анатолий Платонович: 0.938
Агокас, Сергей Викторович: 0.938
Алексеев, Анатолий Арсениевич: 0.938
Билимович, Антон Дмитриевич: 0.938
Бирман, Михаил Шлемович: 0.938
Зарубин, Александр Николаевич: 0.938
Соловьёв, Валерий Дмитриевич: 0.938
Тайманов, Асан Дабсович: 0.938
Тайманов, Искандер Асанович: 0.938
Шкадов, Виктор Яковлевич: 0.938
Коялович, Борис Михайлович: 0.938
Цетлин, Михаил Львович: 0.938
Афраймович, Валентин Сендерович: 0.938
Тихомандрицкий, Матвей Александрович: 0.938
Гудиев, Амурхан Хаджиумарович: 0.938
Золотов, Евгений Васильевич: 0.938
Левин, Борис Яковлевич: 0.938
Романко, Василий: 0.938
Зубков, Андрей Михайлович: 0.938
Бокаев, Садуакас Хасенулы: 0.938
Орлов, Дмитрий Олегович: 0.938
Квасов, Дмитрий Викторович: 0.94
Киселёв, Андрей Петрович: 0.941
Бойчук, Александр Андреевич: 0.947
Шидловский, Андрей Борисович: 0.947
Фукс, Дмитрий Борисович: 0.947
Беркович, Евгений: 0.947
Гончаров, Герман Арсеньевич: 0.947
Лойцянский, Лев Герасимович: 0.947
Матросов, Виктор Леонидович: 0.947
Натансон, Исидор Павлович: 0.947
Новожилов, Виктор Валентинович: 0.947
Отелбаев, Мухтарбай Отелбаевич: 0.947
Брюно, Александр Дмитриевич: 0.947
Белоусов, Валентин Данилович: 0.947
Гельфанд, Сергей Израилевич: 0.949
Козин, Виктор Михайлович: 0.95
Фаддеева, Вера Николаевна: 0.95
Кронрод, Александр Семёнович: 0.956
Зеликин, Михаил Ильич: 0.957
Арсланов, Марат Мирзаевич: 0.957
Кротов, Вадим Федорович: 0.957
Малаховский, Владислав Степанович: 0.957
Треногин, Владилен Александрович: 0.957
Астряб, Александр Матвеевич: 0.957
Султанаев, Яудат Талгатович: 0.957
Гахов, Фёдор: 0.957
Дубовицкий, Абрам Яковлевич: 0.957
Брин, Михаил Израилевич: 0.959
Ансов, Игорь: 0.96
Немчинов, Василий Сергеевич: 0.965
Бабаев, Юрий Николаевич: 0.965
Фрейвалдс, Русиньш Мартыньш: 0.965
Черников, Сергей Николаевич: 0.966
Eрмеков, Алимхан: 0.968
Борткевич, Владислав Иосифович: 0.971
Паукер, Магнус Георг фон: 0.975
Кириллов, Елпидифор Анемподистович: 0.975
Самойленко, Анатолий Михайлович: 0.975
Шуберт, Фёдор Иванович: 0.976
Колывагин, Виктор Александрович: 0.976
Лаптев, Борис Лукич: 0.976
Кочин, Николай Евграфович: 0.976
Тюрина, Галина Николаевна: 0.976
Дьяконов, Евгений Георгиевич: 0.976
Кобельков, Георгий Михайлович: 0.976
Бари, Нина Карловна: 0.979
Кушниренко, Анатолий Георгиевич: 0.979
Столяр, Абрам Аронович: 0.979
Миков, Александр Иванович: 0.979
Бунимович, Леонид Абрамович: 0.985
Назаров, Фёдор Львович: 0.985
Горгидзе, Алексей Ясонович: 0.985
Розенберг, Вера Михайловна: 0.985
Ибрагимов, Наиль Хайруллович: 0.985
Успенский, Пётр Демьянович: 0.986
Садовничий, Юрий Викторович: 0.989
Садовничая, Инна Викторовна: 0.989
Кит, Борис Владимирович: 0.992
Яглом, Исаак Моисеевич: 0.995
Чудаков, Николай Григорьевич: 0.995
Шмульян, Витольд Львович: 0.995
Зейлигер, Дмитрий Николаевич: 0.995
Забродин, Алексей Валериевич: 0.998
Бильфингер, Георг Бернгард: 1.004
Голубев, Владимир Васильевич: 1.004
Журавский, Дмитрий Иванович: 1.004
Лопатинский, Ярослав Борисович: 1.004
Шифрин, Борис Фридманович: 1.008
Плеснер, Абрам Иезекиилович: 1.014
Шагинян, Арташес Липаритович: 1.014
Брадис, Владимир Модестович: 1.028
Васин, Александр Алексеевич: 1.038
Шоргин, Сергей Яковлевич: 1.046
Успенский, Яков Викторович: 1.052
Вербицкий, Михаил Сергеевич: 1.054
Петросян, Леон Аганесович: 1.071
Игнатовский, Владимир Сергеевич: 1.071
Петунин, Юрий Иванович: 1.078
Шишмарёв, Илья Андреевич: 1.079
Aleksidze, Merab: 1.079
Бердышев, Виталий Иванович: 1.08
Малинин, Александр Фёдорович: 1.08
Пименов, Револьт Иванович: 1.08
Червоненкис, Алексей Яковлевич: 1.081
Умов, Николай Алексеевич: 1.082
Шубников, Алексей Васильевич: 1.088
Голузин, Геннадий Михайлович: 1.088
Сарымсаков, Ташмухамед Алиевич: 1.088
Андросенко, Пётр Александрович: 1.089
Ашихмин, Валерий Николаевич: 1.089
Савич, Сергей Евгеньевич: 1.089
Фоминых, Юрий Федорович: 1.089
Веденяпин, Виктор Валентинович: 1.098
Деза, Мишель Мари: 1.098
Константинов, Николай Николаевич: 1.098
Рачинский, Сергей Александрович: 1.098
Бакиров, Наиль Кутлужанович: 1.098
Атанасян, Левон Сергеевич: 1.098
Милин, Исаак Моисеевич: 1.098
Волович, Игорь Васильевич: 1.098
Поляк, Борис Теодорович: 1.099
Норден, Александр Петрович: 1.108
Чехлов, Валерий Иванович: 1.108
Соболев, Владимир Иванович: 1.108
Серебряков, Владимир Алексеевич: 1.108
Виноградов, Аскольд Иванович: 1.116
Кадец, Михаил Иосифович: 1.118
Васин, Владимир Васильевич: 1.119
Васильев, Олег Владимирович (учёный): 1.119
Полтерович, Леонид Викторович: 1.126
Геворкян, Павел Самвелович: 1.126
Виро, Олег Янович: 1.127
Боревич, Зенон Иванович: 1.127
Агаханов, Назар Хангельдыевич: 1.127
Марджанишвили, Константин Константинович: 1.127
Перевощиков, Дмитрий Матвеевич: 1.127
Поляков, Николай Викторович: 1.127
Сретенский, Леонид Николаевич: 1.127
Петришин, Вальтер Володимир: 1.127
Хеннер, Евгений Карлович: 1.127
Эпинус, Франц Ульрих Теодор: 1.128
Горский, Владимир Григорьевич: 1.128
Яновская, Елена Борисовна: 1.128
Жданок, Татьяна Аркадьевна: 1.132
Наймарк, Марк Аронович: 1.136
Каляев, Игорь Анатольевич: 1.137
Брайцев, Иван Романович: 1.138
Мирзоев, Карахан Агахан оглы: 1.138
Стрекаловский, Александр Сергеевич: 1.138
Джалал: 1.138
Нелепин, Рональд: 1.138
Сусова, Галина Михайловна: 1.14
Трахтман, Абрам Наумович: 1.145
Владимирович, Скороход Анатолий: 1.146
Мильман, Виталий Давидович: 1.146
Налимов, Василий Васильевич: 1.146
Гвишиани, Алексей Джерменович: 1.146
Соколов, Владимир Вячеславович: 1.147
Крылов, Андрей Серджевич: 1.147
Хлебников, Михаил Владимирович: 1.15
Петров, Алексей Зиновьевич: 1.154
Вольберг, Александр Львович: 1.155
Петров, Александр Александрович: 1.155
Кузнецов, Александр Геннадьевич: 1.156
Петросян, Гарегин Бахшиевич: 1.157
Голод, Евгений Соломонович: 1.164
Вишик, Марко Иосифович: 1.165
Аристов, Владимир Владимирович: 1.165
Джрбашян, Мхитар: 1.165
Млодзиевский, Болеслав Корнелиевич: 1.165
Куратовский, Казимир: 1.168
Залгаллер, Виктор Абрамович: 1.174
Бородин, Алексей Михайлович: 1.174
Пенская, Марианна Яновна: 1.176
Кублановская, Вера Николаевна: 1.183
Брашман, Николай Дмитриевич: 1.184
Слонимский, Зиновий Яковлевич: 1.195
Тыугу, Энн Харальдович: 1.198
Глускин, Лазарь Матвеевич: 1.199
Товстик, Петр Евгеньевич: 1.199
Попов, Юрий Петрович: 1.199
Есенин-Вольпин, Александр Сергеевич: 1.203
Привалов, Иван Иванович: 1.203
Шатуновский, Самуил Осипович: 1.203
Коновалов, Анатолий Николаевич: 1.209
Романов, Владимир: 1.209
Чарный, Исаак Абрамович: 1.209
Денисов, Александр Михайлович: 1.209
Попов, Александр Михайлович: 1.209
Ченцов, Александр: 1.209
Алексеев, Николай Николаевич (математик): 1.21
Анисимов, Василий Афанасьевич: 1.21
Майер, Фридрих Христофор: 1.21
Фомин, Владимир Николаевич: 1.21
Пикус, Давид Львович: 1.21
Салихов, Владислав Хасанович: 1.21
Джекобсон, Натан: 1.211
Стратонович, Руслан Леонтьевич: 1.211
Денисов, Эдисон Васильевич: 1.217
Дмитриев, Николай Александрович: 1.218
Коробейников, Виктор Павлович: 1.218
Статулявичус, Витаутас Антанович: 1.218
Рабинович, Матвей Самсонович: 1.218
Пановко, Яков Гилелевич: 1.219
Аршеневский, Василий Кондратьевич: 1.219
Бахвалов, Сергей Владимирович: 1.219
Веселовский, Иван Николаевич: 1.219
Данилюк, Иван Ильич: 1.219
Ершов, Александр Степанович: 1.219
Жаринов, Виктор Викторович: 1.219
Кузнецов, Николай Васильевич (математик): 1.219
Попов, Александр Фёдорович (математик): 1.219
Субботин, Юрий Николаевич: 1.219
Федорчук, Виталий Витальевич: 1.219
Франк, Михаил Людвигович: 1.219
Тайцлин, Михаил Абрамович: 1.219
Каледин, Дмитрий: 1.219
Камынин, Леонид Иванович: 1.219
Либер, Александр Евгеньевич: 1.219
Лифанов, Иван Кузьмич: 1.219
Широков, Пётр Алексеевич: 1.219
Хруслов, Евгений Яковлевич: 1.219
Тишкин, Владимир Федорович: 1.219
Самойленко, Юрий Стефанович: 1.219
Фридман, Лев Моисеевич: 1.219
Абаканович, Бруно: 1.221
Говорун, Николай Николаевич: 1.228
Козлов, Владимир Яковлевич: 1.228
Королюк, Владимир Семёнович: 1.228
Морозов, Никита Фёдорович: 1.228
Севастьянов, Борис Александрович: 1.228
Ульянов, Владимир Васильевич: 1.228
Чубариков, Владимир Николаевич: 1.228
Ядренко, Михаил Иосифович: 1.228
Большев, Логин Николаевич: 1.228
Архипов, Геннадий Иванович: 1.228
Смелянский, Руслан Леонидович: 1.229
Лаврентьев, Михаил Михайлович: 1.237
Фесенко, Иван: 1.238
Баскаков, Анатолий Григорьевич: 1.238
Бюшгенс, Сергей Сергеевич: 1.238
Михайленко, Борис Григорьевич: 1.238
Молчанов, Альберт Макарьевич: 1.238
Пятосин, Иосиф Степанович: 1.238
Тюрин, Юрий Николаевич: 1.238
Четаев, Николай Гурьевич: 1.238
Карпелевич, Фридрих Израилевич: 1.238
Дьяченко, Вадим Евгеньевич: 1.238
Лизоркин, Пётр Иванович: 1.238
Гулин, Алексей Владимирович: 1.238
Кузьмин, Родион Осиевич: 1.241
Логунов, Александр Андреевич: 1.247
Гиндикин, Семён Григорьевич: 1.248
Яглом, Акива Моисеевич: 1.25
Бронштейн, Идел Ушерович: 1.25
Сомов, Осип Иванович: 1.256
Адамян, Вадим Мовсесович: 1.257
Гершгорин, Семён Аронович: 1.259
Христианович, Сергей: 1.26
Андреев, Константин Алексеевич: 1.266
Васильев, Станислав Николаевич: 1.266
Исаханлы, Гамлет Абдулла оглы: 1.273
Сохоцкий, Юлиан Васильевич: 1.276
Абросимов, Александр Викторович: 1.276
Муртазин, Хайрулла Хабибуллович: 1.276
Радыно, Яков Валентинович: 1.279
Мильман, Давид Пинхусович: 1.285
Амбарцумян, Рубен Викторович: 1.285
Крыштановский, Александр Олегович: 1.289
Шноль, Эммануил Эльевич: 1.289
Мисюркеев, Иван Васильевич: 1.289
Цыганков, Иван Власович: 1.289
Трофимов, Пётр Иванович: 1.289
Фет, Абрам Ильич: 1.295
Граев, Марк Иосифович: 1.296
Кольман, Эрнест Яромирович: 1.297
Ружанский, Михаил: 1.298
Вагнер, Виктор Владимирович: 1.304
Шпильрейн, Ян Николаевич: 1.306
Рышков, Сергей Сергеевич: 1.308
Таран, Татьяна Архиповна: 1.308
Дымников, Валентин: 1.309
Жуковский, Николай Егорович: 1.31
Гольц, Ольга Владимировна: 1.313
Гюнтер, Николай Максимович: 1.314
Пионтковский, Андрей: 1.317
Мелентьев, Павел Владимирович: 1.319
Хованов, Михаил: 1.328
Пинскер, Марк: 1.342
Некрасов, Александр Иванович: 1.342
Букреев, Борис Яковлевич: 1.352
Герман, Якоб: 1.362
Житомирская, Светлана Яковлевна: 1.363
Брудно, Александр Львович: 1.369
Рапопорт, Анатолий Борисович: 1.373
Щаранский, Натан: 1.376
Шура-Бура, Михаил Романович: 1.378
Шварцбурд, Семён Исаакович: 1.38
Щепкин, Павел Степанович: 1.38
Пархоменко, Алексей Серапионович: 1.38
Дужин, Сергей Васильевич: 1.38
Амербаев, Вильжан Мавлютинович: 1.388
Верещагин, Иван Фёдорович: 1.388
Выгодский, Марк Яковлевич: 1.389
Глейзер, Григорий Давыдович: 1.389
Извольский, Николай Александрович: 1.389
Новиков, Дмитрий Александрович: 1.389
Соловьёв, Александр Дмитриевич: 1.389
Бобков, Сергей Германович: 1.389
Акилов, Глеб Павлович: 1.389
Андрианов, Дмитрий Леонидович: 1.389
Шишмарев, Юрий Евгеньевич: 1.389
Галушкин, Александр Иванович: 1.389
Комраков, Борис Петрович: 1.393
Медведев, Павел Алексеевич: 1.398
Светов, Борис Сергеевич: 1.399
Краснопрошин, Виктор Владимирович: 1.399
Линделёф, Эрнст Леонард: 1.4
Q61043859: 1.4
Платонов, Михаил Леонидович: 1.4
Тураев, Владимир Георгиевич: 1.407
Богданов, Рифкат Ибрагимович: 1.407
Варченко, Александр Николаевич: 1.408
Авдеев, Николай Яковлевич: 1.408
Афанасьев, Владимир: 1.408
Султангазин, Умирзак Махмутович: 1.408
Гольдберг, Анатолий Асирович: 1.408
Мазалов, Владимир Викторович: 1.408
Панин, Иван Александрович: 1.408
Песин, Яков Борисович: 1.408
Базылев, Вячеслав Тимофеевич: 1.409
Ландис, Евгений Михайлович: 1.41
Михайлов, Роман Валерьевич: 1.41
Сазонов, Вячеслав Васильевич: 1.416
Иванов, Сергей Владимирович (математик): 1.417
Кошляков, Николай Сергеевич: 1.417
Решетняк, Юрий Григорьевич: 1.417
Пискунов, Николай Семёнович: 1.418
Эйхенбаум, Яков Моисеевич: 1.418
Айвазян, Сергей Арутюнович: 1.418
Петрик, Александр: 1.419
Болибрух, Андрей Андреевич: 1.427
Гокиели, Леван Петрович: 1.427
Ващенко-Захарченко, Михаил Егорович: 1.427
Шапиро, Зоря Яковлевна: 1.429
Бесов, Олег Владимирович: 1.435
Линдеберг, Ярл Вальдемар: 1.435
Фомин, Сергей Васильевич: 1.436
Яблонский, Сергей Всеволодович: 1.436
Никишин, Евгений Михайлович: 1.437
Бернулли, Николай: 1.438
Хачиян, Леонид Генрихович: 1.444
Уральцева, Нина: 1.445
Азбелев, Николай Викторович: 1.446
Монахов, Валентин Николаевич: 1.446
Когбетлянц, Ерванд Геворгович: 1.446
Карапетян, Гарник: 1.448
Тамаркин, Яков Давидович: 1.449
Урысон, Павел Самуилович: 1.449
Иосифовна, Тышкевич Регина: 1.456
Максимова, Лариса Львовна: 1.456
Селиванов, Дмитрий Фёдорович: 1.465
Мельников, Иван Иванович: 1.465
Шрейдер, Юлий Анатольевич: 1.465
Харлампович, Ольга Георгиевна: 1.473
Вентцель, Елена Сергеевна: 1.474
Конягин, Сергей Владимирович: 1.474
Крейн, Селим Григорьевич: 1.475
Добрушин, Роланд Львович: 1.484
Котельников, Александр Петрович: 1.492
Банахевич, Тадеуш: 1.492
Боровков, Александр Алексеевич: 1.493
Михалевич, Владимир Сергеевич: 1.498
Коваленко, Игорь Николаевич: 1.499
Шеметков, Леонид Александрович: 1.499
Бугаев, Николай Васильевич: 1.503
Марков, Андрей Андреевич: 1.504
Романовский, Всеволод Иванович: 1.504
Халфин, Леонид Александрович: 1.508
Бочкарёв, Сергей Викторович: 1.508
Нечаев, Василий Ильич: 1.509
Павловский, Юрий Николаевич: 1.509
Чушкин, Павел Иванович: 1.509
Абрашкин, Виктор Александрович: 1.509
Лаврик, Александр Фёдорович: 1.509
Солтан, Валерий Петрович: 1.51
Шафаревич, Андрей Игоревич: 1.51
Будаев, Николай Сергеевич: 1.51
Браверман, Эммануил Маркович: 1.51
Богатырёв, Андрей Борисович: 1.51
Ибрагимов, Ильдар Абдуллович: 1.512
Меньшов, Дмитрий Евгеньевич: 1.512
Рипс, Илья Аронович: 1.512
Джумадильдаев, Аскар Серкулович: 1.517
Степанец, Александр Иванович: 1.518
Костомаров, Дмитрий Павлович: 1.518
Ивашев-Мусатов, Олег Сергеевич: 1.519
Павлов, Борис Сергеевич: 1.519
Смолицкий, Хаим Львович: 1.519
Савватеев, Алексей Владимирович: 1.519
Слуцкий, Евгений Евгеньевич: 1.523
Дезин, Алексей Алексеевич: 1.528
Дзядык, Владислав Кириллович: 1.528
Субботин, Андрей Измайлович: 1.528
Штокало, Иосиф Захарович: 1.528
Диткин, Виталий Арсеньевич: 1.528
Алескеров, Фуад Тагиевич: 1.528
Чумаков, Фёдор Иванович: 1.528
Слободянский, Михаил Григорьевич: 1.528
Флоренский, Павел Александрович: 1.53
Григорьев, Дмитрий Юрьевич: 1.537
Тюрин, Андрей Николаевич: 1.538
Кузнецов, Владимир: 1.538
Андронов, Александр Александрович: 1.542
Степанов, Вячеслав: 1.547
Фомин, Сергей Владимирович: 1.547
Федоренко, Радий Петрович: 1.547
Бобылёв, Николай Антонович: 1.547
Зелевинский, Андрей: 1.548
Фабрикант, Валерий Иосифович: 1.548
Ворович, Иосиф: 1.556
Демидов, Сергей: 1.557
Цирельсон, Борис Семенович: 1.566
Давидов, Август Юльевич: 1.566
Зорич, Владимир Антонович: 1.566
Малинецкий, Георгий Геннадьевич: 1.566
Кутателадзе, Семён: 1.568
Соколов, Юрий Дмитриевич: 1.576
Лумельский, Ян Петрович: 1.58
Лейбензон, Леонид Самуилович: 1.585
Григорчук, Ростислав Иванович: 1.586
Малков, Сергей Юрьевич: 1.589
Яковлев, Вадим Иванович: 1.589
Берштейн, Леонид Самойлович: 1.589
Демидович, Борис Павлович: 1.595
Чунихин, Сергей Антонович: 1.6
Похожаев, Станислав: 1.608
Моисеев, Тихон Евгеньевич: 1.619
Бейлинсон, Александр Александрович: 1.622
Левитан, Борис Моисеевич: 1.623
Миндинг, Фердинанд: 1.624
Левин, Юрий Иосифович: 1.627
Барбашин, Евгений Алексеевич: 1.628
Бураго, Юрий Дмитриевич: 1.642
Афанасьева, Татьяна Алексеевна: 1.648
Ремез, Евгений Яковлевич: 1.653
Сеченов, Иван Михайлович: 1.664
Марков, Александр Александрович: 1.669
Ганнушкина, Светлана Алексеевна: 1.672
Степин, Анатолий Михайлович: 1.674
Корнейчук, Николай Павлович: 1.678
Бугров, Яков Степанович: 1.679
Миркес, Евгений Моисеевич: 1.68
Суслонов, Владимир Михайлович: 1.68
Шнирельман, Лев Генрихович: 1.681
Гихман, Иосиф Ильич: 1.688
Райгородский, Андрей Михайлович: 1.688
Фон-дер-Флаасс, Дмитрий Германович: 1.689
Зак, Николай Фёдорович: 1.69
Третьяков, Владимир Евгеньевич: 1.695
Лебедев, Николай Фролович: 1.698
Каргаполов, Михаил Иванович: 1.698
Юдин, Давид Борисович: 1.707
Цфасман, Михаил Анатольевич: 1.708
Мойшезон, Борис Гершевич: 1.708
Воробьёв, Николай Николаевич: 1.708
Замятин, Алексей Петрович: 1.708
Орлов, Александр Иванович: 1.708
Ретах, Владимир Соломонович: 1.708
Абрамов, Сергей Михайлович: 1.713
Евграфов, Марат: 1.719
Ефимов, Николай Владимирович: 1.726
Волковысский, Лев Израилевич: 1.727
Костицын, Владимир Александрович: 1.727
Абрамов, Александр Александрович: 1.727
Крылов, Николай Митрофанович: 1.728
Купрадзе, Виктор Дмитриевич: 1.735
Кудрявцев, Лев Дмитриевич: 1.736
Данилов, Владимир Иванович: 1.736
Дорофеева, Алла Владимировна: 1.738
Кубилюс, Йонас: 1.755
Леонтьев, Алексей Фёдорович: 1.756
Гантмахер, Феликс Рувимович: 1.764
Кириллов, Александр Александрович: 1.765
Полянин, Андрей Дмитриевич: 1.765
Рохлин, Владимир: 1.774
Шилов, Георгий Евгеньевич: 1.774
Гончар, Андрей Александрович: 1.774
Рыбников, Константин Алексеевич: 1.775
Успенский, Владимир Андреевич: 1.779
Танаев, Вячеслав Сергеевич: 1.789
Гайфуллин, Александр Александрович: 1.789
Кашин, Борис: 1.793
Немировский, Аркадий Семёнович: 1.798
Хорол, Давид Моисеевич: 1.798
Бартельс, Мартин Фёдорович: 1.804
Бабич, Василий Михайлович: 1.808
Суслин, Андрей: 1.811
Чеботарёв, Николай Григорьевич: 1.813
Ильин, Арлен Михайлович: 1.818
Яненко, Николай Николаевич: 1.818
Гончаров, Сергей Савостьянович: 1.818
Свирежев, Юрий Михайлович: 1.819
Сигал, Израиль Хаимович: 1.819
Шамолин, Максим Владимирович: 1.819
Сулицкий, Владимир Николаевич: 1.819
Сегал, Бенцион Израилевич: 1.819
Оселедец, Валерий Иустинович: 1.819
Фусс, Николай Иванович: 1.822
Гливенко, Валерий Иванович: 1.822
Френкель, Игорь: 1.828
Кары-Ниязов, Ташмухамед Ниязович: 1.828
Слудский, Фёдор Алексеевич: 1.828
Гагаев, Борис Михайлович: 1.828
Ратнер, Марина Евсеевна: 1.831
Тарский, Альфред: 1.835
Юшкевич, Адольф Павлович: 1.835
Нестеренко, Юрий Валентинович: 1.836
Семёнов, Алексей Львович: 1.838
Филиппов, Алексей Фёдорович: 1.847
Ермаков, Василий Петрович: 1.848
Лууре, Андрес: 1.863
Гельфонд, Александр Осипович: 1.871
Ашраф: 1.876
Виленкин, Наум Яковлевич: 1.877
Келдыш, Людмила Всеволодовна: 1.879
Ожигов, Юрий Игоревич: 1.88
Зарицкий, Мирон Онуфриевич: 1.888
Крылов, Алексей Николаевич: 1.892
Березин, Феликс Александрович: 1.896
Немыцкий, Виктор Владимирович: 1.896
Ишлинский, Александр Юльевич: 1.903
Трахтенброт, Борис Авраамович: 1.906
Фихтенгольц, Григорий: 1.917
Белецкий, Владимир Васильевич: 1.917
Березовский, Борис Абрамович: 1.918
Витушкин, Анатолий Георгиевич: 1.932
Минлос, Роберт Адольфович: 1.942
Бицадзе, Андрей Васильевич: 1.943
Ершов, Андрей Петрович: 1.945
Егоров, Дмитрий Фёдорович: 1.957
Андреев, Николай Николаевич: 1.969
Мельник, Семён Ильич: 1.97
Каждан, Давид: 1.973
Граве, Дмитрий Александрович: 1.974
Гребеников, Евгений Александрович: 1.978
Мазуров, Владимир Данилович: 1.979
Тарунин, Евгений Леонидович: 1.989
Емельянов, Станислав Васильевич: 1.998
Вороной, Георгий Феодосьевич: 2.0
Гамкрелидзе, Реваз Валерианович: 2.001
Шор, Наум Зуселевич: 2.007
Маланин, Владимир Владимирович: 2.008
Эрдниев, Пюрвя Мучкаевич: 2.008
Краснощёков, Павел Сергеевич: 2.009
Тужилин, Алексей Августинович: 2.01
Левенштейн, Владимир Иосифович: 2.011
Аракелян, Норайр Унанович: 2.016
Смирнов, Николай Васильевич: 2.017
Вощинин, Александр Павлович: 2.019
Максудов, Фарамаз Газанфар оглы: 2.019
Кондратьев, Владимир Александрович: 2.027
Тихомиров, Владимир Михайлович: 2.036
Чередник, Иван: 2.036
Тыртышников, Евгений Евгеньевич: 2.038
Королёв, Лев Николаевич: 2.044
Некрасов, Павел Алексеевич: 2.046
Баренблатт, Григорий Исаакович: 2.048
Левин, Леонид Анатольевич: 2.053
Богомолов, Фёдор: 2.053
Лебедев, Вячеслав Иванович: 2.064
Носовский, Глеб Владимирович: 2.065
Жегалкин, Иван Иванович: 2.071
Акаев, Аскар Акаевич: 2.076
Дринфельд, Владимир: 2.086
Кострикин, Алексей Иванович: 2.093
Курош, Александр Геннадиевич: 2.096
Ахиезер, Наум: 2.098
Свешников, Алексей Георгиевич: 2.098
Лавров, Святослав Сергеевич: 2.099
Виноградов, Дмитрий Вячеславович: 2.1
Стечкин, Сергей Борисович: 2.102
Воеводин, Владимир Валентинович: 2.107
Журавлёв, Юрий Иванович: 2.108
Мищенко, Александр Сергеевич: 2.109
Галеркин, Борис Григорьевич: 2.114
Макаров, Валерий Леонидович: 2.117
Васильев, Фёдор Павлович: 2.118
Протасов, Владимир Юрьевич: 2.119
Рашевский, Пётр Константинович: 2.128
Фаддеев, Дмитрий Константинович: 2.131
Новиков, Пётр Сергеевич: 2.132
Разборов, Александр Александрович: 2.136
Фейгин, Борис Львович: 2.138
Солодовников, Владимир Викторович: 2.138
Адян, Сергей Иванович: 2.145
Турчин, Валентин Фёдорович: 2.157
Карацуба, Анатолий Алексеевич: 2.162
Гнеденко, Борис Владимирович: 2.162
Яновская, Софья Александровна: 2.174
Гутенмахер, Лев Израилевич: 2.175
Остроградский, Михаил Васильевич: 2.181
Лупанов, Олег Борисович: 2.195
Гохберг, Израиль Цудикович: 2.196
Ремесленников, Владимир Никанорович: 2.198
Бернштейн, Иосиф Наумович: 2.204
Лахтин, Леонид Кузьмич: 2.208
Тузиков, Александр Васильевич: 2.208
Забабахин, Евгений Иванович: 2.216
Иванов, Валентин Константинович: 2.232
Михайлов, Валентин Петрович: 2.269
Ландо, Сергей Константинович: 2.289
Мищенко, Евгений Фролович: 2.307
Смирнов, Владимир Иванович: 2.314
Чаплыгин, Сергей Алексеевич: 2.314
Буняковский, Виктор Яковлевич: 2.329
Воеводский, Владимир Александрович: 2.332
Зубов, Василий Павлович: 2.336
Бурков, Владимир Николаевич: 2.337
Болотов, Виктор Александрович: 2.359
Паршин, Алексей Николаевич: 2.364
Красовский, Николай Николаевич: 2.372
Мергелян, Сергей Никитович: 2.374
Ширяев, Альберт Николаевич: 2.382
Зельманов, Ефим: 2.384
Пугачёв, Владимир Семёнович: 2.388
Постников, Михаил Михайлович: 2.393
Окуньков, Андрей Юрьевич: 2.394
Бененсон, Залман Михайлович: 2.408
Ермаков, Сергей Михайлович: 2.409
Деларю, Даниил Михайлович: 2.41
Александрян, Рафаэль Арамович: 2.419
Дынкин, Евгений: 2.42
Прохоров, Юрий Васильевич: 2.421
Райков, Дмитрий Абрамович: 2.427
Погорелов, Алексей Васильевич: 2.439
Островский, Александр Маркович: 2.446
Хованский, Аскольд Георгиевич: 2.447
Вапник, Владимир Наумович: 2.464
Рвачёв, Владимир Логвинович: 2.467
Пенский, Олег Геннадьевич: 2.48
Циолковский, Константин Эдуардович: 2.499
Альфорс, Ларс: 2.499
Башмаков, Марк Иванович: 2.508
Захаров, Владимир Евгеньевич: 2.52
Кочина, Пелагея Яковлевна: 2.56
Кац, Виктор: 2.564
Люстерник, Лазарь Аронович: 2.581
Кожевников, Павел Александрович: 2.589
Васильев, Виктор Анатольевич: 2.591
Энеев, Тимур Магометович: 2.603
Ершов, Юрий Леонидович: 2.607
Лузин, Николай Николаевич: 2.614
Рудаков, Константин Владимирович: 2.618
Бахвалов, Николай Сергеевич: 2.621
Аносов, Дмитрий Викторович: 2.636
Бухштабер, Виктор Матвеевич: 2.647
Митропольский, Юрий Алексеевич: 2.653
Лидский, Виктор Борисович: 2.655
Цингер, Василий Яковлевич: 2.665
Мордухай-Болтовской, Дмитрий Дмитриевич: 2.665
Линник, Юрий Владимирович: 2.685
Ольшанский, Александр Юрьевич: 2.693
Ляшко, Иван Иванович: 2.709
Мусхелишвили, Николай: 2.733
Моисеев, Евгений: 2.756
Пятецкий-Шапиро, Илья Иосифович: 2.77
Каган, Вениамин Фёдорович: 2.788
Мальцев, Анатолий Иванович: 2.794
Кикоин, Исаак Константинович: 2.804
Концевич, Максим: 2.813
Дородницын, Анатолий: 2.861
Жидков, Николай Петрович: 2.878
Смирнов, Станислав Константинович: 2.882
Коротаев, Андрей Витальевич: 2.903
Холево, Александр Семёнович: 2.906
Марченко, Владимир Александрович: 2.907
Векуа, Илья: 2.91
Хоружий, Сергей Сергеевич: 2.911
Капица, Сергей Петрович: 2.914
Платонов, Владимир Петрович: 2.916
Горбань, Александр Николаевич: 2.976
Ерёмин, Иван Иванович: 2.979
Винберг, Эрнест Борисович: 3.006
Ковалевская, Софья Васильевна: 3.02
Овсянников, Лев Васильевич: 3.027
Белоцерковский, Олег Михайлович: 3.056
Болтянский, Владимир Григорьевич: 3.09
Матиясевич, Юрий Владимирович: 3.111
Маргулис, Григорий: 3.114
Ильин, Владимир Александрович: 3.135
Крейн, Марк Григорьевич: 3.161
Котельников, Владимир Александрович: 3.19
Ломоносов, Михаил Васильевич: 3.192
Петровский, Иван Георгиевич: 3.195
Лаврентьев, Михаил Алексеевич: 3.201
Делоне, Борис Николаевич: 3.221
Лобачевский, Николай Иванович: 3.256
Годунов, Сергей Константинович: 3.33
