Q115664,Николай Иванович Фусс
Q133267,Лев Давидович Ландау
Q4235955,Семён Кириллович Котельников
Q4400039,Степан Яковлевич Румовский
Q4430085,"Софронов, Михаил (математик)"
Q370151,Виктор Яковлевич Буняковский
Q447071,Андрей Иванович Лексель
Q556346,Иоганн Альбрехт Эйлер
Q4141818,Михаил Евсеевич Головин
Q4160939,"Дзядык, Владислав Кириллович"
Q4233302,"Корнейчук, Николай Павлович"
Q45113,Моисей Шейнфинкель
Q3710055,"Яблонский, Сергей Всеволодович"
Q4226722,"Козлов, Владимир Яковлевич"
Q4475074,"Ульянов, Пётр Лаврентьевич"
Q4097815,"Бугров, Яков Степанович"
Q15135432,"Лизоркин, Пётр Иванович"
Q43323,"Бесов, Олег Владимирович"
Q470539,Сергей Натанович Бернштейн
Q4137362,"Гернет, Надежда Николаевна"
Q355892,Михаил Васильевич Остроградский
Q184535,Софья Васильевна Ковалевская
Q943007,Тадеуш Банахевич
Q1232476,"Селиванов, Дмитрий Фёдорович"
Q2604125,Николай Васильевич Бугаев
Q12159011,Антон Казимирович Сушкевич
Q6097897,Иван Владиславович Слешинский
Q3051298,Елизавета Литвинова
Q4100109,"Буссе, Фёдор Иванович"
Q592518,"Букреев, Борис Яковлевич"
Q70818,"Бартельс, Мартин Фёдорович"
Q380243,"Сеченов, Иван Михайлович"
Q369561,Владимир Дринфельд
Q369792,"Бейлинсон, Александр Александрович"
Q726706,"Колывагин, Виктор Александрович"
Q862198,"Шокуров, Вячеслав Владимирович"
Q64975,Александр Маркович Островский
Q1930229,"Цфасман, Михаил Анатольевич"
Q2601950,Юрий Геннадьевич Зархин
Q4137485,"Геронимус, Александр Юрьевич"
Q4203866,"Исковских, Василий Алексеевич"
Q4422281,"Скоробогатов, Алексей Николаевич"
Q102416625,Анас Насибуллин
Q3311473,Эдгар Кран
Q129199,Николай Иванович Лобачевский
Q4350109,Дмитрий Матвеевич Перевощиков
Q4197843,"Иде, Иван Андреевич"
Q68527,"Нётер, Фриц"
Q73461,Фёдор Эдуардович Молин
Q58720,Михаил Васильевич Ломоносов
Q836646,Владислав Иосифович Борткевич
Q1676013,"Чередник, Иван"
Q1930300,Михаил Михайлович Капранов
Q30346362,Владимир Иванович Данилов
Q55264828,Alexander L. Rosenberg
Q55813744,Boris Tsygan
Q61650424,"Шабат, Георгий Борисович"
Q102121797,Дмитрий Александрович Лейтес
Q102131645,Alexei Panchishkin
Q102173938,Arkady Vaintrob
Q102235498,Alexander A. Voronov
Q102237158,Arkadii Aleksandrovich Belskii
Q102237159,Evgenij Evgen'evich Demidov
Q102237160,M. Frumkin
Q102237166,Vladislav Alekseevich Kolmykov
Q102237167,Pavel Fedorvich Kurchanov
Q102237170,B. Martynov
Q102237168,D. Lebedev
Q102237169,A. Levin
Q102237174,Aleksandr Mikhailovich Shermenev
Q102237175,Yu. Vainberg
Q102237172,G. Mustafin
Q102237173,A. Roitman
Q102237177,Andrey Borisovich Verevkin
Q102258355,Ivan B. Penkov
Q102263096,Mikhail M. Vishik
Q102267202,Oksana Sergeevna Yakimova
Q102356618,Олег Огивецкий
Q1965150,Алексей Васильевич Летников
Q68525,"Кон-Фоссен, Стефан Эммануилович"
Q1385596,"Игнатовский, Владимир Сергеевич"
Q330511,"Плеснер, Абрам Иезекиилович"
Q4360273,"Петерсон, Карл Михайлович"
Q3741085,"Паукер, Магнус Георг фон"
Q19297309,"Надирашвили, Николай Семёнович"
Q71855,"Бильфингер, Георг Бернгард"
Q934314,"Александров, Александр Данилович"
Q4087046,"Бирман, Михаил Шлемович"
Q4495152,"Халфин, Леонид Александрович"
Q24351053,"Бабич, Василий Михайлович"
Q974437,"Эпштейн, Пауль Софус"
Q4372361,"Попов, Александр Фёдорович (математик)"
Q4538090,"Янишевский, Эраст Петрович"
Q7035781,Николай Дуров
Q157642,Владимир Игоревич Арнольд
Q315414,Израиль Моисеевич Гельфанд
Q958015,Владимир Андреевич Успенский
Q1356831,Евгений Дынкин
Q2450566,Юрий Васильевич Прохоров
Q34458,Сергей Михайлович Никольский
Q451757,"Гивенталь, Александр Борисович"
Q508156,"Васильев, Виктор Анатольевич"
Q205981,Александр Александрович Фридман
Q487453,"Рапопорт, Анатолий Борисович"
Q4239782,"Красовский, Андрей Николаевич"
Q4243244,"Кряжимский, Аркадий Викторович"
Q7975652,"Жмурко, Лаврентий"
Q893737,"Делоне, Борис Николаевич"
Q331089,Абрам Самойлович Безикович
Q451330,Иван Матвеевич Виноградов
Q176659,Андрей Андреевич Марков
Q181710,"Золотарёв, Егор Иванович"
Q310788,Александр Михайлович Ляпунов
Q619900,"Коркин, Александр Николаевич"
Q1500300,"Кочин, Николай Евграфович"
Q2604093,"Сохоцкий, Юлиан Васильевич"
Q4222035,Андрей Петрович Киселёв
Q17615512,"Кибель, Илья Афанасьевич"
Q434266,Пётр Демьянович Успенский
Q7604,Леонард Эйлер
Q983316,Сергей Алексеевич Чаплыгин
Q1973460,Леонид Иванович Седов
Q4157233,Николай Борисович Делоне
Q4316559,"Некрасов, Александр Иванович"
Q7939149,"Лейбензон, Леонид Самуилович"
Q207534,Альфред Тарский
Q369588,Максим Концевич
Q502771,"Зелевинский, Андрей"
Q718045,Илья Иосифович Пятецкий-Шапиро
Q915301,"Березин, Феликс Александрович"
Q925405,Александр Александрович Кириллов
Q1174945,"Каждан, Давид"
Q4301104,"Молчанов, Альберт Макарьевич"
Q4200050,Юлий Ильяшенко
Q102403297,Олег Васильевич Вербицкий
Q457430,"Шор, Наум Зуселевич"
Q554661,"Лебедев, Вячеслав Иванович"
Q16398298,"Александрян, Рафаэль Арамович"
Q1384963,"Курош, Александр Геннадиевич"
Q11163334,"Диткин, Виталий Арсеньевич"
Q2570007,"Бухштабер, Виктор Матвеевич"
Q18559579,"Мищенко, Александр Сергеевич"
Q1048502,"Журавский, Дмитрий Иванович"
Q1667121,"Брашман, Николай Дмитриевич"
Q4157027,"Деларю, Даниил Михайлович"
Q983365,"Меньшов, Дмитрий Евгеньевич"
Q983399,"Привалов, Иван Иванович"
Q2008444,"Ляпунов, Алексей Андреевич"
Q2390389,"Кронрод, Александр Семёнович"
Q4521057,Андрей Игоревич Шафаревич
Q153224,Андрей Николаевич Колмогоров
Q325696,Павел Сергеевич Александров
Q707137,Михаил Алексеевич Лаврентьев
Q723638,Александр Яковлевич Хинчин
Q982580,"Новиков, Пётр Сергеевич"
Q40418,"Френкель, Эдвард"
Q23371742,"Гончаров, Сергей Савостьянович"
Q23048268,"Манаков, Сергей Валентинович"
Q4397179,"Романов, Николай Павлович"
Q4275346,"Макаров, Валерий Леонидович"
Q19502428,"Акилов, Глеб Павлович"
Q19513859,Виктор Петрович Хавин
Q102116312,Michael Zakharovich Solomyak
Q102123337,Gennady Shlemovich Rubinshtein
Q102284180,Vladimir Aleksandrovich Bulavsky
Q102291096,Tamara Nikiforovna Smirnova
Q102293547,Lyudmila Trofimovna Petrova
Q102310375,Iosif Vladimirovich Romanovskii
Q102312286,Valerii Leonidovich Makarov
Q102375489,Игорь Карлович Даугавет
Q102375494,Валентин Петрович Ильин
Q102375656,Изабелла Юрьевна Харрик
Q333975,Сергей Петрович Новиков
Q376679,"Болтянский, Владимир Григорьевич"
Q383045,Владимир Рохлин
Q450864,"Постников, Михаил Михайлович"
Q451733,"Вейсфейлер, Борис"
Q472092,"Болибрух, Андрей Андреевич"
Q935280,"Гамкрелидзе, Реваз Валерианович"
Q959719,Родион Осиевич Кузьмин
Q1232736,"Аносов, Дмитрий Викторович"
Q1385427,"Кац, Виктор"
Q1711717,"Зеликин, Михаил Ильич"
Q4255392,"Лахути, Делир Гасемович"
Q4298549,"Мищенко, Евгений Фролович"
Q107441,Леонид Канторович
Q323337,Сергей Львович Соболев
Q324680,"Михлин, Соломон Григорьевич"
Q2065003,Павел Петрович Коровкин
Q4142646,"Голузин, Геннадий Михайлович"
Q4247528,"Купрадзе, Виктор Дмитриевич"
Q4519313,"Шагинян, Арташес Липаритович"
Q4537140,"Якубович, Владимир"
Q15066459,"Еругин, Николай Павлович"
Q28842694,"Лаппо-Данилевский, Иван Александрович"
Q21055959,"Пикар, Софи"
Q689611,"Герман, Якоб"
Q381315,Юрий Леонидович Ершов
Q1453353,"Воронин, Сергей Михайлович"
Q102273393,Лариса Львовна Максимова
Q275659,Эдисон Васильевич Денисов
Q15077651,"Панин, Иван Александрович"
Q92966,"Левин, Леонид Анатольевич"
Q381357,Роланд Львович Добрушин
Q419464,"Яглом, Акива Моисеевич"
Q487735,"Витушкин, Анатолий Георгиевич"
Q487778,Анатолий Иванович Мальцев
Q893804,"Гнеденко, Борис Владимирович"
Q950897,"Синай, Яков Григорьевич"
Q951222,Альберт Николаевич Ширяев
Q951438,"Фомин, Сергей Васильевич"
Q1100660,"Офман, Юрий Петрович"
Q1418239,Владимир Михайлович Тихомиров
Q2156320,"Минлос, Роберт Адольфович"
Q2585814,Григорий Исаакович Баренблатт
Q3294206,"Пинскер, Марк"
Q4061637,"Алексеев, Владимир Михайлович"
Q4079811,"Бахвалов, Николай Сергеевич"
Q4094322,"Боровков, Александр Алексеевич"
Q4098929,"Булинский, Александр Вадимович"
Q4138947,"Гирсанов, Игорь Владимирович"
Q4162758,"Дмитриев, Николай Александрович"
Q4196998,"Ивашев-Мусатов, Олег Сергеевич"
Q4226696,Валерий Васильевич Козлов
Q4297870,"Михалевич, Владимир Сергеевич"
Q4411949,"Севастьянов, Борис Александрович"
Q16062135,Сергей Николаевич Артёмов
Q16271833,"Абрамов, Александр Александрович"
Q18518712,"Большев, Логин Николаевич"
Q23645153,"Золотарёв, Владимир Михайлович"
Q54197340,"Верченко, Иван Яковлевич"
Q924443,Эрнст Леонард Линделёф
Q3710025,"Моисеев, Никита Николаевич"
Q5396005,"Когбетлянц, Ерванд Геворгович"
Q1458824,"Варченко, Александр Николаевич"
Q4089273,"Богданов, Рифкат Ибрагимович"
Q4152755,"Гусейн-Заде, Сабир Меджидович"
Q4250272,"Кушниренко, Анатолий Георгиевич"
Q4318207,"Нехорошев, Николай Николаевич"
Q4498609,Аскольд Георгиевич Хованский
Q7925942,"Горюнов, Виктор Владимирович"
Q14475936,"Закалюкин, Владимир Михайлович"
Q15455484,"Хесин, Борис Аронович"
Q19876444,Борис Шапиро
Q50380534,Сергей Константинович Ландо
Q60826728,Сергей Александрович Баранников
Q4256809,"Левченков, Вячеслав Степанович"
Q65966713,Алексей Августинович Тужилин
Q102233742,Алексей В. Болсинов
Q102233741,Владимир С. Матвеев
Q102399478,Василий Олегович Мантуров
Q102405913,Валерий Владимирович Трофимов
Q102405998,Андрей Иванович Плужников
Q102405996,Александр Владимирович Беляев
Q102406002,Андрей Владимирович Браилов
Q102406003,Алексей Владиславович Тырин
Q102406007,Александр Олегович Иванов
Q102406011,Лада Станиславовна Полякова
Q102406008,Ирина Сергеевна Новикова
Q102406009,Андрей Александрович Ошимков
Q102406015,Сергей Семёнович Анисов
Q102406012,Инга Вячеславовна Плицина
Q102406013,Елена Николаевна Селиванова
Q102406018,Алексей Александрович Борисенко
Q102406019,Вячеслав Владимирович Калашников
Q102406016,Елена Валерьевна Аношкина
Q102406017,Ольга Евгеньевна Орел
Q102406022,Юрий Андреевич Браилов
Q102406026,Павел Валерьевич Морозов
Q102406027,Андрей Юрьевич Москвин
Q102406024,Наталья Валентиновна Коровина
Q102406028,Александр Сергеевич Воронцов
Q4066092,"Андрунакиевич, Владимир Александрович"
Q102118832,Сергей Антонович Чунихин
Q102272734,Леопольд Яковлевич Окунев
Q102278319,Александр Антипович Кулаков
Q102305787,Алексей Петрович Дицман
Q102306669,Владимир Константинович Туркин
Q1799644,"Кузнецов, Александр Геннадьевич"
Q16432985,Аскар Серкулович Джумадильдаев
Q4316420,"Неймарк, Юрий Исаакович"
Q268869,"Вороной, Георгий Феодосьевич"
Q372097,Яков Давидович Тамаркин
Q450840,"Успенский, Яков Викторович"
Q929950,"Каган, Вениамин Фёдорович"
Q2603369,"Гюнтер, Николай Максимович"
Q4302568,"Мордухай-Болтовской, Дмитрий Дмитриевич"
Q950211,"Крейн, Марк Григорьевич"
Q1985571,"Мейман, Наум Натанович"
Q2371787,"Каток, Светлана Борисовна"
Q4133374,"Гантмахер, Феликс Рувимович"
Q1554689,"Левин, Виктор Иосифович"
Q180217,Стефан Банах
Q18166598,Хайрулла Хабибуллович Муртазин
Q7453551,Sergei Gukov
Q931398,"Граве, Дмитрий Александрович"
Q2036824,Иван Мещерский
Q4104490,"Васильев, Александр Васильевич"
Q4374163,"Поссе, Константин Александрович"
Q1396841,Илья Векуа
Q246497,Мстислав Всеволодович Келдыш
Q2623089,"Маркушевич, Алексей Иванович"
Q3653092,"Бицадзе, Андрей Васильевич"
Q4123491,Лев Израилевич Волковысский
Q4244599,"Кудрявцев, Лев Дмитриевич"
Q4445150,"Суворов, Георгий Дмитриевич"
Q4455391,"Тер-Крикоров, Александр Мартынович"
Q4519091,Борис Владимирович Шабат
Q553209,"Кострикин, Алексей Иванович"
Q2166348,"Тюрин, Андрей Николаевич"
Q2368424,"Аракелов, Сурен Юрьевич"
Q2378087,"Мойшезон, Борис Гершевич"
Q2378112,"Голод, Евгений Соломонович"
Q7924430,Вячеслав Никулин
Q501904,"Шидловский, Андрей Борисович"
Q161846,Казимир Куратовский
Q2471305,"Мергелян, Сергей Никитович"
Q2898146,Борис Семенович Цирельсон
Q4081864,"Белецкий, Владимир Васильевич"
Q4182735,"Забродин, Алексей Валериевич"
Q4340519,"Охоцимский, Дмитрий Евгеньевич"
Q4531891,"Энеев, Тимур Магометович"
Q6959579,"Бакиров, Наиль Кутлужанович"
Q12838321,Джалал Эйваз оглы Аллахвердиев
Q15841536,"Федоренко, Радий Петрович"
Q23645127,"Арак, Тайво Викторович"
Q23652673,"Зайцев, Андрей Юрьевич"
Q102219253,Яков Юрьевич Никитин
Q2599504,Софья Александровна Яновская
Q176176,"Андронов, Александр Александрович"
Q2641678,"Витт, Александр Адольфович"
Q63981572,Виктор Клепцын
Q16514923,"Гулин, Алексей Владимирович"
Q28354928,"Попов, Юрий Петрович"
Q559188,Владимир Андреевич Стеклов
Q3341599,"Салтыков, Николай Николаевич"
Q92968,"Адельсон-Вельский, Георгий Максимович"
Q370530,Иосиф Наумович Бернштейн
Q893715,"Фейгин, Борис Львович"
Q1509195,"Шилов, Георгий Евгеньевич"
Q4261345,"Лидский, Виктор Борисович"
Q4393678,"Ретах, Владимир Соломонович"
Q6656247,"Шрейдер, Юлий Анатольевич"
Q6832360,"Цетлин, Михаил Львович"
Q18330799,"Шноль, Эммануил Эльевич"
Q28355080,"Хургин, Яков Исаевич"
Q28595284,"Гвишиани, Алексей Джерменович"
Q4261209,"Лигин, Валериан Николаевич"
Q4523291,Виктор Шестаков
Q4225426,"Коваленко, Игорь Николаевич"
Q4233854,"Королюк, Владимир Семёнович"
Q4336591,"Орлов, Александр Иванович"
Q4339498,"Отелбаев, Мухтарбай Отелбаевич"
Q4536332,"Ядренко, Михаил Иосифович"
Q450269,Ольга Александровна Ладыженская
Q1289022,"Иванов, Валентин Константинович"
Q1930306,"Лаврентьев, Михаил Михайлович"
Q4156822,"Дезин, Алексей Алексеевич"
Q4171504,"Дьяконов, Евгений Георгиевич"
Q7920811,Вера Николаевна Масленникова
Q12106548,"Зеленяк, Тадей Иванович"
Q15065651,"Гудиев, Амурхан Хаджиумарович"
Q66011519,Владимир Иосифович Кондрашов
Q102286510,Сергей Пришепёнок
Q102350909,Валерий Дмитриевич Чарушников
Q102365158,Юрий Ильич Гильдерман
Q102365159,Игорь Григорьевич Глобенко
Q372026,Андрей Николаевич Тихонов
Q451319,Лев Семёнович Понтрягин
Q620823,"Есенин-Вольпин, Александр Сергеевич"
Q1713916,Юрий Смирнов
Q1990696,"Шанин, Николай Александрович"
Q2570080,"Немыцкий, Виктор Владимирович"
Q3709978,"Ефремович, Вадим Арсеньевич"
Q4402170,"Рышков, Сергей Сергеевич"
Q4428488,"Солтан, Пётр Семёнович"
Q4482080,"Федорчук, Виталий Витальевич"
Q4527913,Михаил Романович Шура-Бура
Q4718250,"Архангельский, Александр Владимирович"
Q15069401,"Тумаркин, Лев Абрамович"
Q18599348,"Пархоменко, Алексей Серапионович"
Q23816386,"Веденисов, Николай Борисович"
Q3790644,"Шапошникова, Татьяна Олеговна"
Q117346,Григорий Яковлевич Перельман
Q710985,"Бураго, Юрий Дмитриевич"
Q1384951,"Залгаллер, Виктор Абрамович"
Q4362913,"Пименов, Револьт Иванович"
Q4394099,"Решетняк, Юрий Григорьевич"
Q451163,"Богомолов, Фёдор"
Q893614,"Дубровин, Борис Анатольевич"
Q1656756,"Кричевер, Игорь Моисеевич"
Q4105771,"Веденяпин, Виктор Валентинович"
Q4193985,"Зорич, Владимир Антонович"
Q4449881,"Тайманов, Искандер Асанович"
Q15453860,"Зорич, Антон Владимирович"
Q15811644,Gennadi Georgijewitsch Kasparow
Q573921,"Гохберг, Израиль Цудикович"
Q1175698,"Мильман, Давид Пинхусович"
Q4057382,"Адамян, Вадим Мовсесович"
Q4202950,"Иохвидов, Иосиф Семёнович"
Q12082104,"Березанский, Юрий Макарович"
Q325705,"Маргулис, Григорий"
Q487495,"Каток, Анатолий Борисович"
Q3701311,"Бунимович, Леонид Абрамович"
Q4403509,"Сабитов, Иджад Хакович"
Q4945319,Борис Моисеевич Шайн
Q315425,Андрей Юрьевич Окуньков
Q950880,"Вагнер, Виктор Владимирович"
Q1565305,"Яглом, Исаак Моисеевич"
Q2097758,"Рашевский, Пётр Константинович"
Q21074664,"Волович, Игорь Васильевич"
Q2074389,Сергей Иванович Адян
Q3710067,"Стечкин, Сергей Борисович"
Q4097133,"Брудно, Александр Львович"
Q4330848,"Овсянников, Лев Васильевич"
Q16273559,"Бейер, Евгений Ильич фон"
Q20021035,Иван Дмитриевич Соколов
Q102751188,Вадим Брониславович Либрович
Q102171397,Alexander Stolin
Q102344374,Александр Уснич
Q102366654,Дмитрий А. Панов
Q302434,"Самарский, Александр Андреевич"
Q3710041,"Говорун, Николай Николаевич"
Q4199550,Владимир Александрович Ильин
Q4410618,"Свешников, Алексей Георгиевич"
Q4805878,Ашраф Искендер оглы Гусейнов
Q25396281,"Денисов, Александр Михайлович"
Q53923719,Андрей Серджевич Крылов
Q3710038,"Вербицкий, Михаил Сергеевич"
Q15148535,"Фоминых, Юрий Федорович"
Q15455591,"Песин, Яков Борисович"
Q15455589,"Брин, Михаил Израилевич"
Q321515,"Гливенко, Валерий Иванович"
Q385207,"Шнирельман, Лев Генрихович"
Q451716,Павел Самуилович Урысон
Q1273671,"Суслин, Михаил Яковлевич"
Q1386199,"Люстерник, Лазарь Аронович"
Q1771504,Людмила Всеволодовна Келдыш
Q4493951,"Фёдоров, Владимир Семёнович"
Q32399,"Бари, Нина Карловна"
Q4156812,"Деза, Мишель Мари"
Q4467645,"Тюрин, Юрий Николаевич"
Q7940604,"Петришин, Вальтер Володимир"
Q4521673,"Шварцбурд, Семён Исаакович"
Q102276938,Марина Владимировна Семёнова
Q102315538,Вадим Г. Пузаренко
Q102331683,Алексей И. Стукачёв
Q102473319,Роман Шалвович Оманадзе
Q353451,Михаил Леонидович Громов
Q451652,"Вершик, Анатолий Моисеевич"
Q1399503,"Элиашберг, Яков Матвеевич"
Q2019237,"Виро, Олег Янович"
Q15071471,"Мазалов, Владимир Викторович"
Q15433102,Viatcheslav Kharlamov
Q20670431,Николай Иванов
Q21153874,"Рабинович, Матвей Самсонович"
Q21531568,"Калошин, Вадим Юрьевич"
Q92998,"Ландис, Евгений Михайлович"
Q93031,Виктор Михайлович Глушков
Q381317,Наум Яковлевич Виленкин
Q457680,Ольга Олейник
Q4070126,"Артамонов, Вячеслав Александрович"
Q4524490,"Ширшов, Анатолий Илларионович"
Q12105127,"Завало, Сергей Трофимович"
Q12742990,"Белоусов, Валентин Данилович"
Q4233885,"Королёв, Лев Николаевич"
Q15995408,"Попов, Владимир Леонидович"
Q1030228,Людвиг Дмитриевич Фаддеев
Q1341219,"Уральцева, Нина"
Q15455686,"Буслаев, Владимир Савельевич"
Q23197269,"Солонников, Всеволод Алексеевич"
Q7453973,"Фомин, Сергей Владимирович"
Q15401870,"Бураго, Дмитрий Юрьевич"
Q20054230,Николай Мнёв
Q21007429,Анна Геннадьевна Эршлер
Q926756,"Владимиров, Василий Сергеевич"
Q1322048,Илья Аронович Рипс
Q2031915,"Митропольский, Юрий Алексеевич"
Q4139049,"Гихман, Иосиф Ильич"
Q4240018,Селим Григорьевич Крейн
Q4166843,Анатолий Дородницын
Q4235704,Анатолий Костюченко
Q6849714,"Шубин, Михаил Александрович"
Q16514998,"Фурсиков, Андрей Владимирович"
Q201472,"Вентцель, Елена Сергеевна"
Q4199539,"Ильин, Арлен Михайлович"
Q4242061,"Кружков, Станислав Николаевич"
Q7502335,"Каменомостская, Сусанна Львовна"
Q23011492,"Михайлов, Валентин Петрович"
Q23655951,"Егоров, Юрий Владимирович"
Q4137488,"Геронимус, Яков Лазаревич"
Q206012,Пафнутий Львович Чебышёв
Q2079434,"Цингер, Василий Яковлевич"
Q4153600,"Давидов, Август Юльевич"
Q4176863,"Ершов, Александр Степанович"
Q4424004,"Слудский, Фёдор Алексеевич"
Q4428712,"Сомов, Осип Иванович"
Q12147048,"Рахманинов, Иван Иванович"
Q2336653,"Немировский, Стефан Юрьевич"
Q4517362,"Чубариков, Владимир Николаевич"
Q7926225,Виктор Яковлевич Пан
Q15074987,Михаил Абрамович Тайцлин
Q17318952,Дмитрий Матвеевич Смирнов
Q23652715,Геннадий Иванович Архипов
Q29359175,Лариса Львовна Максимова
Q102345545,Игорь Андреевич Лавров
Q102173404,Serge A. Yagunov
Q102205561,Alexander Scorichenko
Q102233898,Олег Пушин
Q102274053,Sergey Slavnov
Q102314324,Вячеслав Копейко
Q102314325,Марат Туленбаев
Q102345910,Б. Зайналов
Q102345911,Юрий Нестеренко
Q102345909,М. Шиевский
Q102345913,А. Жуфряков
Q644051,"Нестеренко, Юрий Валентинович"
Q1961494,"Ершов, Андрей Петрович"
Q3710046,"Лупанов, Олег Борисович"
Q4181785,"Журавлёв, Юрий Иванович"
Q16628503,"Бусленко, Николай Пантелеймонович"
Q381592,Владимир Евгеньевич Захаров
Q552691,Алексей Николаевич Крылов
Q2046788,"Колосов, Гурий Васильевич"
Q16720134,"Шестопал, Анатолий Фёдорович"
Q211642,Ларс Альфорс
Q4464981,"Тузиков, Александр Васильевич"
Q24025536,"Хруслов, Евгений Яковлевич"
Q93019,"Разборов, Александр Александрович"
Q15782311,Алексей Игоревич Бондал
Q102266950,Александр Васильевич Шаповалов
Q158465,Анатолий Тимофеевич Фоменко
Q893601,"Розенфельд, Борис Абрамович"
Q4538037,"Яненко, Николай Николаевич"
Q23055399,Андрей Борисович Богатырёв
Q115650,Владимир Иванович Смирнов
Q72979,"Андерсон, Оскар Николаевич"
Q2996992,Николай Алексеевич Умов
Q1657682,Игорь Адо
Q18698402,Александр Яковлевич Повзнер
Q28359975,"Конторович, Пётр Григорьевич"
Q4242237,"Крупник, Наум Яковлевич"
Q4282268,"Маркус, Александр Семёнович"
Q4334481,"Ольшевский, Вадим Рудольфович"
Q4428483,"Солтан, Валерий Петрович"
Q4482513,"Фельдман, Израиль Аронович"
Q16670890,"Лерер, Леонид Ефимович"
Q4176466,"Ермаков, Сергей Михайлович"
Q3710704,"Кушнер, Борис Абрамович"
Q4255382,Леонид Кузьмич Лахтин
Q4316594,Павел Алексеевич Некрасов
Q16942884,"Драгалин, Альберт"
Q3710555,Вадим Валентинович Зудилин
Q951276,Натан Джекобсон
Q4085030,"Бермант, Анисим"
Q4524893,"Шкадов, Виктор Яковлевич"
Q102356696,"Пасконов, Вилен Михайлович"
Q4233543,"Коробов, Николай Михайлович"
Q4259002,"Леонтьев, Алексей Фёдорович"
Q4427991,Александр Дмитриевич Соловьёв
Q14946428,"Постников, Алексей Георгиевич"
Q16939794,"Евграфов, Марат"
Q89423552,"Платонов, Михаил Леонидович"
Q450643,Эрнест Борисович Винберг
Q7518846,"Гиндикин, Семён Григорьевич"
Q4719673,Александр Молев
Q4721259,"Бородин, Алексей Михайлович"
Q18786027,"Гельфанд, Сергей Израилевич"
Q102174129,Aleksandrs Mihailovs
Q102197637,I. Ya. Vakhutinski
Q102197642,A. A. Zaitsev
Q102197643,G. I. Ol'shanskii
Q102197640,S. V. Ovchinnikov
Q102197641,I. K. Busyatskaya
Q102197646,N. N. Shapovalov
Q102197647,R. R. Suncheleev
Q102197644,A. L. Rozenberg
Q102197645,A. I. Fomin
Q102197651,Igor Alexeevich Kostrikin
Q102197648,I. M. Shchepochkina
Q102197654,Aleksandr Nikolaevich Sergeev
Q102197655,Elena I. Korkina
Q102197653,S. E. Belkin
Q102197658,Sergei Mikhailovich Khoroshkin
Q102197659,V. Shiheeva
Q102197656,I. M. Agranovich
Q102197657,Yu Barabasheva
Q102197662,S. Eliseev
Q102197663,U. Bekbaev
Q102197660,P. Grozman
Q102197666,V. Shander
Q102197664,Alexander Gnedin
Q102197665,Yurii A. Neretin
Q102197670,A. V. Karabegov
Q102197671,V. V. Shtepin
Q102197669,A. A. Mikhailov
Q102197674,L. M. Tsalenko
Q102197672,Maria I. Golenishcheva-Kutuzova
Q102197678,A. G. Mikerin
Q102197679,Maxim Nazarov
Q102197676,O. D. Ovsienko
Q102197677,F. G. Malikov
Q102197682,D. V. Yuriev
Q102197683,Yu A. Fedyk
Q102197680,Grigori Olshanski
Q102197681,A. I. Odesskii
Q102197686,Vladimir Dergachev
Q102197684,A. V. Kononenko
Q102197685,G. Prosvetov
Q102233701,Natalia A. Rojkovskaia
Q102266952,Г. Ю. Шмелёв
Q339333,"Долгачёв, Игорь Владимирович"
Q2542094,Walentin Stepanowitsch Kulikow
Q2570046,Виктор Степанович Куликов
Q2643985,"Паршин, Алексей Николаевич"
Q2697996,"Тюрина, Галина Николаевна"
Q23048566,"Абрашкин, Виктор Александрович"
Q65196,Юрий Иванович Манин
Q716017,"Гельфонд, Александр Осипович"
Q19665878,Александр Адольфович Бухштаб
Q21644165,"Райков, Дмитрий Абрамович"
Q363560,"Юшкевич, Адольф Павлович"
Q374024,Николай Николаевич Лузин
Q731283,"Голубев, Владимир Васильевич"
Q1384966,Иван Георгиевич Петровский
Q2587134,Вячеслав Степанов
Q4101531,"Бюшгенс, Сергей Сергеевич"
Q4438818,"Сретенский, Леонид Николаевич"
Q14475927,Сергей Фиников
Q20739510,Леонид Ефимович Посицельский
Q710920,Игорь Ростиславович Шафаревич
Q1232555,"Фаддеев, Дмитрий Константинович"
Q19948561,"Тартаковский, Владимир Абрамович"
Q28086612,"Жиков, Василий Васильевич"
Q2644032,Алексей Васильевич Шубников
Q23087474,"Степин, Анатолий Михайлович"
Q579810,"Норден, Александр Петрович"
Q18600794,"Пикус, Давид Львович"
Q24924630,"Лопшиц, Абрам Миронович"
Q167997,Отто Юльевич Шмидт
Q570859,"Чеботарёв, Николай Григорьевич"
Q1385805,Наум Ахиезер
Q1386138,"Кравчук, Михаил Филиппович"
Q6374090,"Дьяченко, Вадим Евгеньевич"
Q8061650,Юрий Дмитриевич Соколов
Q195922,"Наймарк, Марк Аронович"
Q2511067,"Красносельский, Марк Александрович"
Q2586584,"Шмульян, Витольд Львович"
Q7938582,Владимир Потапов
Q15953481,"Глазман, Израиль Маркович"
Q65031716,"Губреев, Геннадий Михайлович"
Q951370,"Погорелов, Алексей Васильевич"
Q4185893,"Заморзаев-Орлеанский, Александр Михайлович"
Q4235292,"Костелянец, Пётр Оскарович"
Q450297,"Ратнер, Марина Евсеевна"
Q1819412,"Полтерович, Леонид Викторович"
Q2371791,Светлана Яковлевна Житомирская
Q15455576,Pavel Bleher
Q20982631,"Долгопят, Дмитрий Ильич"
Q22133523,"Либер, Александр Евгеньевич"
Q23055407,"Буфетов, Александр Игоревич"
Q23072478,"Оселедец, Валерий Иустинович"
Q23072504,"Гуревич, Борис Маркович"
Q1232565,"Крамков, Дмитрий Олегович"
Q4368900,"Позняк, Эдуард Генрихович"
Q4719764,"Новиков, Александр Александрович"
Q63847124,Robert Liptser
Q374205,"Маслов, Виктор Павлович"
Q4173502,"Евтушенко, Юрий Гаврилович"
Q4239170,"Краснощёков, Павел Сергеевич"
Q4341784,"Павловский, Юрий Николаевич"
Q4360637,Александр Александрович Петров
Q4418558,"Сигал, Израиль Хаимович"
Q4460816,"Топоногов, Виктор Андреевич"
Q16654754,"Иванилов, Юрий Павлович"
Q18705019,Александр Шень
Q102213345,Edward Danilovich Stotsky
Q102213348,Elena Yur'evna Nogina
Q102213355,Vladimir Alexandrovich Dushsky
Q102213352,Vassily Alexandrovich Lyubetsky
Q102213358,Valery Egorovich Plisko
Q102213363,Leonid Vasil'evich Shabunin
Q102213361,Vladimir Vyacheslavovich Vyugin
Q102213367,Mariya Vladimirovna Lomkovskaya
Q102213370,George Kolev Gargov
Q102213374,Vladimir Grigor'evich Kanovey
Q102213377,Sergey Fedorovich Soprunov
Q102213381,Vladimir Khristov Sotirov
Q102213391,Valerius Aramovich Vardanyan
Q102213388,Dmitry Pavlovich Skvortsov
Q102213394,Yakim Mikhaylovich Drugush
Q102213397,Borisas Leonardovich Budinas
Q102213400,Vladimir Nikolaevich Krupski
Q102213407,Andrey Alexandrovich Kuzichev
Q102213405,Alexandr Anatol'evich Shum
Q102213415,Николай Анатольевич Панкратьев
Q102213412,Николай Константинович Верещагин
Q102290080,Евгений Евгеньевич Золин
Q102291848,Николай Владимирович Крупский
Q4143497,"Горбань, Александр Николаевич"
Q4260365,"Лефевр, Владимир Александрович"
Q1617489,"Трахтенброт, Борис Авраамович"
Q4449880,"Тайманов, Асан Дабсович"
Q4710874,Альберт Мучник
Q4320003,"Никишин, Евгений Михайлович"
Q6849691,Михаил Семёнович Агранович
Q7223467,"Муштари, Хамид Музафарович"
Q16514915,"Гермейер, Юрий Борисович"
Q15063963,"Алескеров, Фуад Тагиевич"
Q18644007,"Браверман, Эммануил Маркович"
Q102274695,Владимир Петрович Максимов
Q501707,Андрей Суслин
Q4132895,"Гальперн, Самарий Александрович"
Q5285648,"Синцов, Дмитрий Матвеевич"
Q26776859,"Холодов, Александр Сергеевич"
Q560901,Игорь Ансов
Q452273,Николай Юрьевич Решетихин
Q15455692,Pjotr Petrowitsch Kulisch
Q15455711,"Итс, Александр Рудольфович"
Q15455722,"Склянин, Евгений Константинович"
Q15782309,Alexei Borissowitsch Wenkow
Q4295659,"Миркес, Евгений Моисеевич"
Q11163488,Николай Андреевич Лебедев
Q4082923,"Белоцерковский, Олег Михайлович"
Q13560028,"Степанец, Александр Иванович"
Q167958,Александр Петрович Котельников
Q4299718,Евгений Моисеев
Q4514946,"Четаев, Николай Гурьевич"
Q4524841,Илья Андреевич Шишмарёв
Q23656701,"Широков, Пётр Алексеевич"
Q4462790,"Трещёв, Дмитрий Валерьевич"
Q15061236,"Шамолин, Максим Владимирович"
Q21499688,"Изаак, Александр Давидович"
Q4491256,"Флёров, Юрий Арсениевич"
Q19909279,Руслан Леонидович Смелянский
Q102436371,Василий Иванович Берник
Q102646765,Серафим Васильевич Котов
Q102649644,Элла Ивановна Ковалевская
Q102650802,Лариса Александровна Трелина
Q102650820,Иван Ефимович Юруть
Q102650833,Франц Францевич Желудевич
Q102650848,Владимир Тадиевич Вильчинский
Q102650874,Владимир Иванович Машанов
Q4312962,"Напалков, Валентин Васильевич"
Q22328352,Сергей Александрович Абрамов
Q950931,"Ефимов, Николай Владимирович"
Q4055519,"Авдеев, Николай Яковлевич"
Q4128771,"Выгодский, Марк Яковлевич"
Q4148244,"Гребеников, Евгений Александрович"
Q4263554,Александр Григорьевич Литвак
Q4444966,Михаил Фёдорович Субботин
Q4444235,"Стронгин, Роман Григорьевич"
Q18622872,"Похожаев, Станислав"
Q4374127,"Поспелов, Игорь Гермогенович"
Q4500221,Сергей Сергеевич Хоружий
Q4520001,"Шананин, Александр Алексеевич"
Q16514932,"Зубков, Андрей Михайлович"
Q4054946,Сергей Михайлович Абрамов
Q4160609,"Джунь, Иосиф Владимирович"
Q52015163,Родион Александрович Степанов
Q23893862,"Шефель, Самуил Зусевич"
Q369662,"Воеводский, Владимир Александрович"
Q18228251,Дмитрий Каледин
Q334054,"Зельманов, Ефим"
Q4055079,Александр Викторович Абросимов
Q256481,"Бойчук, Александр Андреевич"
Q1269213,Сергей Александрович Степанов
Q2271209,"Боревич, Зенон Иванович"
Q4080213,Марк Иванович Башмаков
Q4720099,"Скопин, Александр Иванович"
Q14919788,"Венков, Борис Алексеевич"
Q23371111,"Яковлев, Анатолий Владимирович"
Q4314155,"Натансон, Исидор Павлович"
Q19502056,"Вулих, Борис"
Q4105018,"Васин, Владимир Васильевич"
Q15428901,Вячеслав Сергеевич Рычков
Q30069808,Виктор Викторович Черножуков
Q23048274,Нина Ивочкина
Q488003,Скороход Анатолий Владимирович
Q1991041,Николай Крылов
Q4511802,"Ченцов, Николай Николаевич"
Q5503589,"Карпелевич, Фридрих Израилевич"
Q15430455,Аркадий Львович Онищик
Q246773,Ильдар Абдуллович Ибрагимов
Q487923,"Андрианов, Анатолий Николаевич"
Q1083950,Владимир Геннадьевич Спринджук
Q1702987,Йонас Кубилюс
Q16477157,"Статулявичус, Витаутас Антанович"
Q23652725,"Скубенко, Борис Фадеевич"
Q56096257,"Каган, Абрам Меерович"
Q1900139,Марк Иосифович Граев
Q4130919,"Габович, Евгений Яковлевич"
Q12170089,Сергей Николаевич Черников
Q224551,"Филиппов, Алексей Фёдорович"
Q324083,"Годунов, Сергей Константинович"
Q4084403,"Березин, Иван Семёнович"
Q4309708,"Мышкис, Анатолий Дмитриевич"
Q4402308,"Рябенький, Виктор Соломонович"
Q15531128,"Фролов, Николай Адрианович"
Q893728,"Левитан, Борис Моисеевич"
Q15067101,Валентин Анатольевич Зморович
Q461347,"Вишик, Марко Иосифович"
Q3710034,"Фет, Абрам Ильич"
Q4462410,"Треногин, Владилен Александрович"
Q4515196,"Чехлов, Валерий Иванович"
Q16698998,Владимир Иванович Соболев
Q4154820,"Данилюк, Иван Ильич"
Q522359,Валентина Михайловна Борок
Q672122,Аркадий Семёнович Немировский
Q18786219,"Эскин, Григорий Ильич"
Q30557498,"Митягин, Борис Самуилович"
Q38123827,Victor Pavlovich Palamodov
Q4495052,"Халилов, Захид Исмаил оглы"
Q12094338,"Гаращенко, Фёдор Георгиевич"
Q4190540,"Зельманов, Абрам Леонидович"
Q1933628,"Хованов, Михаил"
Q2064571,"Этингоф, Павел Ильич"
Q4719317,"Кириллов, Александр мл"
Q16514950,"Кудрявцев, Валерий Борисович"
Q4351772,"Персидский, Константин Петрович"
Q26243811,"Гагаев, Борис Михайлович"
Q3408482,Иван Фесенко
Q91570,Георг Вольфганг Крафт
Q4806650,Гуннар Фромхольдович Кангро
Q34045627,Михаил Ружанский
Q4317284,Николай Николаевич Непейвода
Q4134678,"Геворкян, Павел Самвелович"
Q23655260,"Борисов, Владимир Фёдорович"
Q2643931,"Сосинский, Алексей Брониславович"
Q4284558,"Матвеев, Сергей Владимирович"
Q2068021,"Петров, Алексей Зиновьевич"
Q454925,Николай Николаевич Боголюбов
Q1267207,"Маркович, Сима"
Q4099620,"Буркин, Игорь Михайлович"
Q893667,"Галеркин, Борис Григорьевич"
Q59304324,"Легоньков, Владимир Иванович"
Q4246269,"Куликовский, Андрей Геннадиевич"
Q356003,"Носовский, Глеб Владимирович"
Q707119,Юрий Владимирович Матиясевич
Q17489542,Григорий Ефроимович Минц
Q25999578,Анатолий Олесьевич Слисенко
Q2587230,"Тураев, Владимир Георгиевич"
Q102219385,Борис Исаакович Плоткин
Q1972086,"Шарковский, Александр Николаевич"
Q4752219,"Самойленко, Анатолий Михайлович"
Q55108436,"Филер, Залмен Ефимович"
Q695002,"Мусхелишвили, Николай"
Q4081386,Лев Дмитриевич Беклемишев
Q4331870,Юрий Игоревич Ожигов
Q102266727,Sergei Vasilievich Goryachev
Q4113453,"Власов, Алексей Константинович"
Q41201559,Игорь Вадимович Артамкин
Q15455707,Сергей Владимирович Востоков
Q16186840,"Плоткин, Евгений Борисович"
Q15455168,Vadim Schechtman
Q4390657,"Расулов, Меджид Лятиф оглы"
Q4405037,"Сазонов, Вячеслав Васильевич"
Q4526157,Сергей Яковлевич Шоргин
Q20512442,"Амбарцумян, Рубен Викторович"
Q30155820,"Айвазян, Сергей Арутюнович"
Q4143171,Андрей Александрович Гончар
Q16627148,"Бобылёв, Николай Антонович"
Q2430851,Борис Павлович Демидович
Q4293571,"Миллионщиков, Владимир Михайлович"
Q13033625,"Барбашин, Евгений Алексеевич"
Q26295712,Александр Александрович Гайфуллин
Q102268348,Виталий Александрович Курлин
Q17617572,"Жидков, Николай Петрович"
Q4125281,Иосиф Израилевич Ворович
Q4401617,"Рыбников, Константин Алексеевич"
Q17675614,"Чернявский, Владимир Соломонович"
Q726403,Дмитрий Фёдорович Егоров
Q3300234,Николай Яковлевич Сонин
Q15077153,"Смолицкий, Хаим Львович"
Q16636873,"Гирш, Эдуард Алексеевич"
Q4125199,Николай Николаевич Воробьёв
Q54086508,Григорий Самуилович Цейтин
Q1232856,"Фукс, Дмитрий Борисович"
Q99669030,Yury Tyupkin
Q983367,"Вапник, Владимир Наумович"
Q18694546,Mikhail Moiseevich Lesokhin
Q102401191,Дмитрий Леонидович Андрианов
Q102401193,Юрий Николаевич Смолин
Q102399447,Пётр Андреевич Крылов
Q102365139,Михаил Александрович Первухин
Q85404,Юрий Сергеевич Осипов
Q4065502,"Андреев, Николай Николаевич"
Q4084115,Виталий Иванович Бердышев
Q4248286,"Куржанский, Александр Борисович"
Q4444951,"Субботин, Андрей Измайлович"
Q4444972,"Субботин, Юрий Николаевич"
Q7453591,"Конягин, Сергей Владимирович"
Q12093723,Гарий Петрович Гаврилов
Q15065159,Рафаил Фёдорович Габасов
Q18786021,"Гаркави, Александр Львович"
Q29359560,"Субботина, Нина Николаевна"
Q53977158,Светлана Николаевна Селезнёва
Q102386205,Игорь Петрович Рочев
Q56090483,Елена Яновна Браверман
Q102271512,Леонид Миронович Березанский
Q102383194,Пётр Михайлович Симонов
Q102401183,Марина Александровна Корытова
Q4123022,"Волевич, Леонид Романович"
Q4428013,"Соловьёв, Валерий Дмитриевич"
Q4341471,"Павлов, Борис Сергеевич"
Q4421550,"Сканави, Марк Иванович"
Q30016634,"Толстых, Андрей Игоревич"
Q4182313,Евгений Иванович Забабахин
Q4467151,Евгений Евгеньевич Тыртышников
Q386231,"Петросян, Леон Аганесович"
Q4093138,"Бондарева, Ольга Николаевна"
Q4230590,"Кондратьев, Владимир Александрович"
Q4533860,Виктор Иосифович Юдович
Q4752149,Анатолий Асирович Гольдберг
Q20971297,"Белинский, Павел Петрович"
Q21096533,Юрий Владимирович Девингталь
Q102278324,Иван Николаевич Песин
Q4520761,"Шарыгин, Игорь Фёдорович"
Q102290102,Татьяна Леонидовна Яворская
Q102290105,Rostislav Eduardovich Yavorsky
Q102408006,Александр Блохин
Q102408059,Кемаль Кушибаев
Q4282001,"Марков, Александр Александрович"
Q4522050,Валерий Шевченко
Q15078974,"Парфентьев, Николай Николаевич"
Q271956,"Жуковский, Николай Егорович"
Q4342874,"Пальцев, Борис Васильевич"
Q16335587,"Романко, Василий"
Q21133577,"Шапошников, Николай Александрович (математик)"
Q4068462,"Аракелян, Норайр Унанович"
Q4188845,Ваник Суренович Захарян
Q4274629,"Мазуров, Владимир Данилович"
Q4452398,"Татаринов, Ярослав Всеволодович"
Q12538065,"Амербаев, Вильжан Мавлютинович"
Q4399297,"Рудаков, Константин Владимирович"
Q4056565,"Агаков, Всеволод Георгиевич"
Q24352829,Владимир Валентинович Воеводин
Q24938138,Николай Юрьевич Капустин
Q4224512,"Клюшников, Владимир Дмитриевич"
Q13522569,Виктор Вадимович Батырев
Q41573736,"Орлов, Дмитрий Олегович"
Q54878610,"Пржиялковский, Виктор Владимирович"
Q487620,Анатолий Алексеевич Карацуба
Q4261240,"Лигун, Анатолий Александрович"
Q38692969,Александр Владимирович Ильин
Q54494576,Василий Владимирович Фомичёв
Q102119110,Николай Германович Мощевитин
Q2622956,Виктор Антонович Садовничий
Q3710061,"Руссман, Исаак Борисович"
Q4295618,"Мирзоев, Карахан Агахан оглы"
Q4361799,"Петунин, Юрий Иванович"
Q4416796,"Сергеев, Армен Глебович"
Q15075248,"Султанаев, Яудат Талгатович"
Q15987248,"Далецкий, Юрий Львович"
Q26700523,"Мосолов, Пётр Петрович"
Q4124780,"Вольфенгаген, Вячеслав Эрнстович"
Q4157494,Сергей Демидов
Q15068264,"Канель-Белов, Алексей Яковлевич"
Q21152579,Владимир Алексеевич Серебряков
Q4190178,"Зейлигер, Дмитрий Николаевич"
Q4245028,"Кузнецов, Николай Васильевич (математик)"
Q4527715,"Шумейко, Александр Алексеевич"
Q4206485,"Кабак, Валерий Иванович"
Q56226056,Олег Геннадьевич Пенский
Q56651811,Владимир Дмитриевич Бурков
Q102302970,Александр З. Шлафер
Q4396645,"Розов, Николай Христович"
Q53914996,Мария Викторовна Коровина
Q16054696,"Левин, Борис Яковлевич"
Q4178364,"Жаутыков, Орымбек Ахметбекович"
Q4534380,Ринад Юлмухаметов
Q15825653,"Шильников, Леонид Павлович"
Q32362161,"Ибрагимов, Наиль Хайруллович"
Q56308813,"Сейткулов, Ержан Нураханович"
Q102532950,Валериан Татарский
Q20650933,"Крысько, Вадим Анатольевич"
Q23397669,"Лифанов, Иван Кузьмич"
Q28500497,"Савватеев, Алексей Владимирович"
Q56090451,Марианна Яновна Пенская
Q4237354,"Кравченко, Виктор Филиппович"
Q4344067,"Панкевич, Михаил Иванович"
Q4475051,Владимир Васильевич Ульянов
Q23645136,"Лаврик, Александр Фёдорович"
Q23072507,"Мучник, Андрей Альбертович"
Q4293073,"Миклюков, Владимир Михайлович"
Q7924421,"Белавкин, Вячеслав Павлович"
Q25252732,"Ионин, Владимир Кузьмич"
Q84719798,"Хисамиев, Назиф Гарифуллинович"
Q102258073,Александр Александрович Викентьев
Q4218102,Борис Кашин
Q17248345,"Бочкарёв, Сергей Викторович"
Q55104689,Юрий Викторович Садовничий
Q4276398,"Максудов, Фарамаз Газанфар оглы"
Q63981550,Владлен Тиморин
Q4278007,"Малкин, Иоэль Гильевич"
Q4160507,Мхитар Джрбашян
Q6684276,"Умирбаев, Уалбай Утмаханбетович"
Q4114278,"Воеводин, Валентин Васильевич"
Q4255064,"Латышев, Виктор Николаевич"
Q4523297,"Шестаков, Иван Павлович"
Q4418823,"Сидоров, Анатолий Фёдорович"
Q15063220,"Фомин, Владимир Николаевич"
Q4415778,"Семёнов, Алексей Львович"
Q12074235,"Илолов, Мамадшо Илолович"
Q102232903,Микола Васильевич Заболоцкий
Q102232952,Мирослав Николаевич Шеремета
Q102290099,Vladimir Yurievich Shavrukov
Q1699677,Ольга Владимировна Гольц
Q1675618,Иван Сокольников
Q23901509,Циммерман
Q4371319,"Поляк, Борис Теодорович"
Q7155704,Pavel Naumov
Q1235148,Григорий Фихтенгольц
Q27863607,"Протасов, Владимир Юрьевич"
Q102344038,Sergey Dmitrievich Karakozov
Q102344070,Nariman Magomedovich Abasov
Q102344071,Evgeny Vitalievich Kolesnikov
Q102344068,Vladimir Nikolaevich Dyatlov
Q102344069,Anatoly Al'bertovich Ruban
Q102344072,Aleksandr Yakovlevich Zaslavskii
Q102356642,Sergey Mikhailovich Berger
Q102356643,Alexander Mikhailovich Semenov
Q102356641,Alexander Nikolaevich Dolgushev
Q102356644,Alexey Ivanovich Gudimenko
Q102356645,Vitaly Antonovich Radnaev
Q102363297,Константин Сергеевич Рютин
Q102365242,Дарус Антанас Камунтавичюс
Q102365240,Сергей Ивановский
Q102365354,Алексей Глибичук
Q102366890,Павел Альбрехт
Q102366889,Алексей Рождественский
Q102367084,Юрий Малыхин
Q102396219,Александр Владимирович Сильниченко
Q102439553,Юрий Штейников
Q102266956,V. N. Shander
Q64027170,"Аров, Дамир Зямович"
Q4205653,"Ишлинский, Александр Юльевич"
Q487976,"Прудников, Анатолий Платонович"
Q16913579,Юрий Кондратьев
Q56186777,"Пегов, Валентин Иванович"
Q4177001,Иван Иванович Ерёмин
Q21099263,"Каргаполов, Михаил Иванович"
Q23308580,"Шунков, Владимир Петрович"
Q13027999,Иван Васильевич Гайшун
Q4079806,"Бахвалов, Сергей Владимирович"
Q21088637,"Базылев, Вячеслав Тимофеевич"
Q4194358,"Зубов, Владимир Иванович"
Q4450982,"Тамразов, Промарз Меликович"
Q54935618,"Срочко, Владимир Андреевич"
Q4073223,"Ахтямов, Азамат Мухтарович"
Q21645733,"Шишмарев, Юрий Евгеньевич"
Q102118418,Евгений Андреевич Палютин
Q102396222,Ирина Михайловна Митричева
Q102429759,Андрей Борисович Купавский
Q4508106,"Чебраков, Юрий Владимирович"
Q15434717,Вера Владимировна Серганова
Q102266954,Yuri Kochetkov
Q102266957,Elena I. Poletaeva
Q16990163,Наталья Геннадьевна Берлова
Q2874512,"Трахтман, Абрам Наумович"
Q3915730,Ольга Георгиевна Харлампович
Q4186051,"Замятин, Алексей Петрович"
Q15455699,Wladimir Borissowitsch Matwejew
Q15455703,Alexander Iwanowitsch Bobenko
Q60831168,"Бондарко, Михаил Владимирович"
Q1657690,"Френкель, Игорь"
Q7910727,"Афраймович, Валентин Сендерович"
Q162824,"Вольберг, Александр Львович"
Q4070079,"Арсланов, Марат Мирзаевич"
Q1425084,"Мильман, Виталий Давидович"
Q4156564,"Дегаев, Сергей Петрович"
Q6849563,"Кадец, Михаил Иосифович"
Q16216197,"Островский, Иосиф Владимирович"
Q102290109,Yegor Nikolayevich Bryukhov
Q102321430,Roman Kuznets
Q1796816,"Маричев, Олег Игоревич"
Q12150381,"Самко, Стефан Григорьевич"
Q53861721,Александр Алексеевич Васин
Q60828620,"Новикова, Наталья Михайловна"
Q102262540,Борис А. Рубнич
Q102289284,В. Н. Камышников
Q102290967,Василий Матвеевич Щербин
Q3561844,"Платонов, Владимир Петрович"
Q102436370,Владимир Александрович Шлык
Q18558636,Виктор Горбунов
Q102280222,Владимир Константинович Карташов
Q102341274,Владимир Владимирович Рыбаков
Q4491621,"Фон-дер-Флаасс, Дмитрий Германович"
Q102120937,Andrei Vitalievich Zavarnitsine
Q102122713,Sergei A. Syskin
Q102340646,Андрей Викторович Васильев
Q102340683,Evgeny Ivanovich Khukhro
Q102340684,Evgeny Petrovich Vdovin
Q102340685,Rifkhat Zhalyalovich Aleev
Q102340690,Nikolay Alexandrovich Chukanov
Q102340688,Sergey Gennadievich Chekanov
Q102340692,Valentin Ivanovich Il'in
Q102340693,Михаил Васильевич Хорошевский
Q102340697,Sergey Dmitrievich Kozlov
Q102340702,Danila Olegovich Revin
Q102340708,Мария Александровна Гречкосеева
Q102365565,Andrey Sergeevich Mamontov
Q102404567,Алексей Михайлович Старолетов
Q574605,Гурий Иванович Марчук
Q19614385,"Гайцгори, Владимир"
Q17648583,Armen Edigarian
Q102276945,Михаил Сергеевич Шеремет
Q102391383,Андрей Румянцев
Q102391394,Максим Бабенко
Q102805906,Алексей Милованов
Q102805918,Михаил Андреев
Q4058205,Николай Викторович Азбелев
Q102751174,Владимир Маркович Энтов
Q333948,Станислав Константинович Смирнов
Q5441115,Фёдор Львович Назаров
Q15836854,Николай Никольский
Q29368495,"Малинникова, Евгения Владимировна"
Q29368505,"Логунов, Александр Андреевич"
Q1384632,Юрий Владимирович Линник
Q3061575,Evgeny Sergeevich Lyapin
Q102350892,Шавкат Абдуллаевич Аюпов
Q4276546,Владимир Владимирович Маланин
Q16723144,Вадим Иванович Яковлев
Q17619571,Владимир Михайлович Суслонов
Q18786192,"Четверушкин, Борис Николаевич"
Q21146572,Евгений Леонидович Тарунин
Q23048512,Владимир Никанорович Ремесленников
Q102365585,Михаил Иванович Кабенюк
Q102603401,Юрий Иванович Мерзляков
Q102646716,Валерий Авдеевич Чуркин
Q102653268,Евгений Иосифович Тимошенко
Q16364615,Александр Ахвледиани
Q21694210,Дмитрий Викторович Квасов
Q23308569,"Шифрин, Борис Фридманович"
Q23667511,"Гущин, Александр Константинович"
Q4149226,"Григорчук, Ростислав Иванович"
Q1474960,Гульнара Нурулловна Аржанцева
Q57585098,Denis Osin
Q102180012,Dmitriy Sonkin
Q102243392,Алексей Муранов
Q102345875,Anton Aleksandrovich Klyachko
Q102412940,Наталья Владимировна Маслова
Q102416241,Вера Кораблева
Q102416646,Марианна Зиновьева
Q102416647,Оксана Алексеева
Q102396919,Дмитрий Падучих
Q102396917,Наталья Зюляркина
Q102396922,Виталий Носов
Q102396923,Вероника Белоусова
Q102396920,Ирина Ткачёва
Q102396926,Александр Гаврилюк
Q102396927,Наталия Чуксина
Q102396924,Иван Белоусов
Q102396925,Марина Нирова
Q102396930,Альбина Токбаева
Q102396928,Константин Ефимов
Q102396929,Мариана Исакова
Q102414132,Людмила Циовкина
Q102406754,Иван Фёдорович Авдеев
Q102406755,Павел Владимирович Снурницын
Q102406758,Анна Александровна Копанева
Q102406759,Екатерина Анатольевна Бурлакова
Q102406841,Ольга Васильевна Тюрина
Q21517543,Андрей Анатольевич Вороненко
Q54141962,Ирина Геннадьевна Шевцова
Q54007455,Дмитрий Юрьевич Сычугов
Q5277134,"Григорьев, Дмитрий Юрьевич"
Q16319026,Фёдор Гахов
Q1932500,"Крылов, Николай Митрофанович"
Q53973613,Александр Витальевич Разгулин
Q15455126,Лев Наумович Шеврин
Q102119812,Альберт Иванович Старостин
Q102124549,Али Иванович Кокорин
Q102302846,Вульф Генахович Вильяцер
Q102302847,Яков Борисович Ливчак
Q102304623,Лидия Руфинадиевна Бусаркина
Q102337358,Александр Александрович Меленцов
Q102350234,Георгий Васильевич Бабиков
Q102350736,Владимир Габриэлович Житомирский
Q102350737,Михаил Иосифович Ейдинов
Q102434122,Меир Лазаревич Берлинков
Q102434121,Николай Фёдорович Сесекин
Q102434414,Сергей Георгиевич Иванов
Q102434415,Абрам Давидович Кацман
Q102434413,Павел Абрамович Фрейдман
Q102434851,Валерий Матвеевич Копытов
Q102434855,Вацлав Тадеушевич Нагребецкий
Q102434852,Константин Михайлович Кутиев
Q102696233,Алиса Самойловна Пекелис
Q547136,"Марченко, Владимир Александрович"
Q102266953,Pavel Ja. Grozman
Q4360826,"Петров, Николай Николаевич"
Q53848600,"Михайлов, Роман Валерьевич"
Q61137048,Тамаз Вашакмадзе
Q25396295,"Попов, Александр Михайлович"
Q84492940,Пётр Иванович Трофимов
Q102302967,Исаак Хаимович Беккер
Q13419658,Ivan Dobrakov
Q23907775,"Кукин, Георгий Петрович"
Q26769547,"Долбня, Иван Петрович"
Q12083880,"Бондаренко, Виталий Михайлович"
Q4110256,"Вечтомов, Евгений Михайлович"
Q4298015,"Михалёв, Александр Васильевич"
Q23371371,Александр Юрьевич Ольшанский
Q102196245,Yuri Alexandrovich Bahturin
Q102266734,Vladimir Shpilrain
Q102343829,Alexei Krasilnikov
Q102414922,Mikhail Igorevich Anokhin
Q23062006,Дмитрий Сергеевич Челкак
Q4151554,"Гудивок, Пётр Михайлович"
Q24469781,"Старченко, Сергей Степанович"
Q102344743,Александр Николаевич Ряскин
Q102344740,Алёна Андреевна Степанова
Q102344746,Кайртай Мейрамович Шегиров
Q102344749,Елена Викторовна Овчинникова
Q102344753,Дмитрий Юрьевич Власов
Q4522786,Леонид Александрович Шеметков
Q102282438,Степан Афанасьевич Русаков
Q102293227,Е. М. Пальчик
Q102293224,Марк Пиневич Лелчук
Q102338846,Борис Владимирович Казачков
Q102338845,Самуил Львович Эдельман
Q102353900,Валентин Дмитриевич Черток
Q102354642,Владимир Петрович Громыко
Q102354643,Сергей Аврамович Сафонов
Q102354644,Евгений Николаевич Торопов
Q15088657,Андрей Михайлович Райгородский
Q102395134,Ренат Камильевич Ахунжанов
Q102395138,Олег Николаевич Герман
Q102579745,Дмитрий Гайфулин
Q102579749,Виктория Журавлева
Q102579755,Елена Жабицкая
Q102579767,Анна Душистова
Q102598907,Илья Шкредов
Q102598912,Дмитрий Фроленков
Q102667500,Денис Шацков
Q17386353,Виктор Данилович Мазуров
Q23370710,"Кондратьев, Анатолий Семенович"
Q23449308,Александр Алексеевич Махнёв
Q102376246,Николай Дмитриевич Подуфалов
Q102391133,Борис Константинович Дураков
Q102396851,Виктор Зенков
Q102396849,Владимир Трофимов
Q102396852,Анатолий Ильиных
Q102396853,Владислав Викторович Кабанов
Q4498599,"Хованов, Николай Васильевич"
Q4363846,"Питербарг, Владимир Ильич"
Q102266958,Ilia Bider
Q102354672,Alexey Lebedev
Q4071141,"Асанов, Магаз Оразкимович"
Q7449212,Семён Кутателадзе
Q4079012,"Баскаков, Анатолий Григорьевич"
Q18958956,"Дужин, Сергей Васильевич"
Q4139660,"Глебский, Юрий Васильевич"
Q21694206,Дмитрий Евгеньевич Квасов
Q25437817,"Чуешов, Игорь Дмитриевич"
Q10304373,Ivan Hlaváček
Q102241213,Владимир Федорович Клейменов
Q102241214,Василий Васильевич Блудов
Q102340367,Зайнеп А. Дулатова
Q102345396,Николай Алексеевич Перязев
Q4221048,"Кипнис, Михаил Маркович"
Q102213418,Константин Юрьевич Горбунов
Q102334363,Андрей Евгеньевич Ромашенко
Q102334360,Алексей Вячеславович Чернов
Q102334365,Михаил Владимирович Вьюгин
Q102367859,Владимир Владимирович Подольский
Q102430194,Даниил Владимирович Мусатов
Q102218118,Михаил Анатольевич Лифшиц
Q102220138,Наталия Васильевна Смородина
Q102232876,"Сидоров, Денис Николаевич"
Q102232951,Роман Иванович Тарасюк
Q102268349,Аркадий Борисович Скопенков
Q102341275,Павел Александрович Шрейнер
Q102341272,Маргарита Ильинична Верхозина
Q102341273,Дмитрий Евгеньевич Тишковский
Q102341276,Сергей Ильич Мардаев
Q102341277,Вета Фёдоровна Мурзина
Q102397027,Анастасия Валерьевна Карпенко
Q102401182,Сергей Алексеевич Гусаренко
Q102401186,Александр Николаевич Румянцев
Q102401187,Дмитрий Борисович Потапов
Q102401184,Егор Петрович Дударев
Q102401190,Владимир Андреевич Шишкин
Q102401188,Денис Александрович Миронов
Q102401189,Константин Борисович Кузнецов
Q102405608,Дмитрий А. Поносов
Q102278322,Виктор Алексеевич Александров
Q102278347,Александр Анатольевич Егоров
Q102278350,Нурлан Слямханович Даирбеков
Q102278351,Михаил Вячеславович Коробков
Q102306681,Анатолий Николаевич Прокофьев
Q18740717,Исаак Абрамович Чарный
Q102306816,Евгений Николаевич Мочульский
Q102310035,Елена Ивановна Гриндлингер
Q102349104,М. М. Глухов
Q102350746,Геннадий Григорьевич Щепин
Q102353901,Наталья Павловна Голдина
Q102365283,Абрам Хаимович Лившиц
Q102306671,Дормидонт Петрович Колянковский
Q102354270,Пётр Евгеньевич Дюбюк
Q102366323,Лион Измаилович Шидов
Q102359187,Александр Александрович Бутурлакин
Q102422109,Илья Горшков
Q102344759,Сергей Валерьевич Журков
Q102391304,Ирина Викторовна Шевелева
Q102391305,Ольга Вадимовна Кравцова
Q102396717,Евгений Борисович Дураков
Q102399654,Елена Ивановна Подберезина
Q102399726,Mikhail Anatolievich Prikhodovskii
Q102399724,Egor Yurievich Yardykov
Q102400192,Egor Aleksandrovich Timoshenko
Q102400193,Egor Gennadievich Zinoviev
Q102400197,Олеся Мирославовна Бабанская
Q102969126,Виктор Бересневич
Q102628576,Nikolay Semenovich Romanovskiy
Q102628594,Yury Vasil'evich Sosnovsky
Q102628611,Anatoliy Ivanovich Shkuratsky
Q102628626,Alexander Nikolaevich Lyul'ko
Q102628642,Alexander Victorovich Rozhkov
Q102628652,Valeriy Georgievich Bardakov
Q102628658,Oleg Vadimovich Bryukhanov
Q102628673,Mikhail Vladimirovich Neshchadim
Q102628689,Aleksey Alexandrovich Korobov
Q102628705,Evgeniy Anatolievich Zakhryamin
Q102641812,Julian Efimovich Vapne
Q102641822,Gennady Andreevich Noskov
Q102646695,Vitaly Yakovlevich Bloshchitsyn
Q102646730,Sagalatdin Tazhetdinov
Q102653288,Evgenii Vladimirovich Yakovlev
Q102646709,Kairat Hairullinovich Zakir′yanov
Q102679654,Oleg Vladimirovich Bogopolski
Q102679668,Dmitrii Gennad'evich Khramtsov
Q102679688,Fedor Anatolievich Dudkin