http://www.wikidata.org/entity/Q7604,11
http://www.wikidata.org/entity/Q20430,1
http://www.wikidata.org/entity/Q32399,1
http://www.wikidata.org/entity/Q34458,5
http://www.wikidata.org/entity/Q40418,1
http://www.wikidata.org/entity/Q41239,1
http://www.wikidata.org/entity/Q43323,2
http://www.wikidata.org/entity/Q45113,1
http://www.wikidata.org/entity/Q45305,1
http://www.wikidata.org/entity/Q58720,7
http://www.wikidata.org/entity/Q61224,3
http://www.wikidata.org/entity/Q64975,3
http://www.wikidata.org/entity/Q65196,6
http://www.wikidata.org/entity/Q68525,1
http://www.wikidata.org/entity/Q68527,0
http://www.wikidata.org/entity/Q70818,5
http://www.wikidata.org/entity/Q71855,3
http://www.wikidata.org/entity/Q72979,3
http://www.wikidata.org/entity/Q73461,1
http://www.wikidata.org/entity/Q78421,3
http://www.wikidata.org/entity/Q85404,4
http://www.wikidata.org/entity/Q89442,4
http://www.wikidata.org/entity/Q91570,1
http://www.wikidata.org/entity/Q92600,0
http://www.wikidata.org/entity/Q92966,2
http://www.wikidata.org/entity/Q92968,2
http://www.wikidata.org/entity/Q92998,2
http://www.wikidata.org/entity/Q93019,2
http://www.wikidata.org/entity/Q93031,4
http://www.wikidata.org/entity/Q104451,0
http://www.wikidata.org/entity/Q107441,6
http://www.wikidata.org/entity/Q115650,2
http://www.wikidata.org/entity/Q115664,5
http://www.wikidata.org/entity/Q117346,5
http://www.wikidata.org/entity/Q124001,4
http://www.wikidata.org/entity/Q129199,5
http://www.wikidata.org/entity/Q133267,1
http://www.wikidata.org/entity/Q153224,13
http://www.wikidata.org/entity/Q157642,4
http://www.wikidata.org/entity/Q158465,7
http://www.wikidata.org/entity/Q161846,1
http://www.wikidata.org/entity/Q162824,1
http://www.wikidata.org/entity/Q167958,3
http://www.wikidata.org/entity/Q167997,5
http://www.wikidata.org/entity/Q176176,3
http://www.wikidata.org/entity/Q176659,3
http://www.wikidata.org/entity/Q181710,1
http://www.wikidata.org/entity/Q183279,1
http://www.wikidata.org/entity/Q184535,5
http://www.wikidata.org/entity/Q189172,3
http://www.wikidata.org/entity/Q195922,2
http://www.wikidata.org/entity/Q201472,3
http://www.wikidata.org/entity/Q205981,8
http://www.wikidata.org/entity/Q206012,8
http://www.wikidata.org/entity/Q207534,3
http://www.wikidata.org/entity/Q211642,2
http://www.wikidata.org/entity/Q224551,1
http://www.wikidata.org/entity/Q246497,2
http://www.wikidata.org/entity/Q246773,2
http://www.wikidata.org/entity/Q256481,1
http://www.wikidata.org/entity/Q268869,4
http://www.wikidata.org/entity/Q271956,1
http://www.wikidata.org/entity/Q275659,0
http://www.wikidata.org/entity/Q302434,5
http://www.wikidata.org/entity/Q310788,3
http://www.wikidata.org/entity/Q311019,0
http://www.wikidata.org/entity/Q315414,7
http://www.wikidata.org/entity/Q315425,5
http://www.wikidata.org/entity/Q321515,3
http://www.wikidata.org/entity/Q321952,2
http://www.wikidata.org/entity/Q323337,6
http://www.wikidata.org/entity/Q324083,5
http://www.wikidata.org/entity/Q324680,2
http://www.wikidata.org/entity/Q325696,6
http://www.wikidata.org/entity/Q325705,3
http://www.wikidata.org/entity/Q330511,2
http://www.wikidata.org/entity/Q330631,0
http://www.wikidata.org/entity/Q331089,5
http://www.wikidata.org/entity/Q331856,1
http://www.wikidata.org/entity/Q333948,2
http://www.wikidata.org/entity/Q333975,8
http://www.wikidata.org/entity/Q334054,2
http://www.wikidata.org/entity/Q336769,1
http://www.wikidata.org/entity/Q337628,1
http://www.wikidata.org/entity/Q339333,1
http://www.wikidata.org/entity/Q353451,3
http://www.wikidata.org/entity/Q355892,4
http://www.wikidata.org/entity/Q356003,5
http://www.wikidata.org/entity/Q360961,1
http://www.wikidata.org/entity/Q363560,1
http://www.wikidata.org/entity/Q369561,3
http://www.wikidata.org/entity/Q369588,1
http://www.wikidata.org/entity/Q369662,4
http://www.wikidata.org/entity/Q369721,1
http://www.wikidata.org/entity/Q369792,2
http://www.wikidata.org/entity/Q370151,3
http://www.wikidata.org/entity/Q370530,4
http://www.wikidata.org/entity/Q372026,2
http://www.wikidata.org/entity/Q372097,2
http://www.wikidata.org/entity/Q374024,3
http://www.wikidata.org/entity/Q374046,1
http://www.wikidata.org/entity/Q374205,4
http://www.wikidata.org/entity/Q376679,5
http://www.wikidata.org/entity/Q380243,2
http://www.wikidata.org/entity/Q381315,3
http://www.wikidata.org/entity/Q381317,4
http://www.wikidata.org/entity/Q381357,3
http://www.wikidata.org/entity/Q381592,1
http://www.wikidata.org/entity/Q383045,4
http://www.wikidata.org/entity/Q385207,3
http://www.wikidata.org/entity/Q386231,1
http://www.wikidata.org/entity/Q391153,1
http://www.wikidata.org/entity/Q419464,1
http://www.wikidata.org/entity/Q433055,0
http://www.wikidata.org/entity/Q434266,0
http://www.wikidata.org/entity/Q436213,0
http://www.wikidata.org/entity/Q447071,2
http://www.wikidata.org/entity/Q450259,0
http://www.wikidata.org/entity/Q450269,3
http://www.wikidata.org/entity/Q450297,1
http://www.wikidata.org/entity/Q450643,4
http://www.wikidata.org/entity/Q450840,3
http://www.wikidata.org/entity/Q450864,5
http://www.wikidata.org/entity/Q451163,3
http://www.wikidata.org/entity/Q451319,5
http://www.wikidata.org/entity/Q451330,1
http://www.wikidata.org/entity/Q451652,7
http://www.wikidata.org/entity/Q451716,3
http://www.wikidata.org/entity/Q451733,1
http://www.wikidata.org/entity/Q451757,1
http://www.wikidata.org/entity/Q452273,1
http://www.wikidata.org/entity/Q454925,3
http://www.wikidata.org/entity/Q457430,3
http://www.wikidata.org/entity/Q457680,8
http://www.wikidata.org/entity/Q461347,2
http://www.wikidata.org/entity/Q463530,3
http://www.wikidata.org/entity/Q468614,4
http://www.wikidata.org/entity/Q470539,5
http://www.wikidata.org/entity/Q472092,3
http://www.wikidata.org/entity/Q487453,2
http://www.wikidata.org/entity/Q487495,1
http://www.wikidata.org/entity/Q487620,4
http://www.wikidata.org/entity/Q487735,3
http://www.wikidata.org/entity/Q487778,5
http://www.wikidata.org/entity/Q487923,0
http://www.wikidata.org/entity/Q487976,2
http://www.wikidata.org/entity/Q488003,1
http://www.wikidata.org/entity/Q489893,0
http://www.wikidata.org/entity/Q501707,3
http://www.wikidata.org/entity/Q501904,3
http://www.wikidata.org/entity/Q502771,1
http://www.wikidata.org/entity/Q505761,0
http://www.wikidata.org/entity/Q506711,1
http://www.wikidata.org/entity/Q508156,6
http://www.wikidata.org/entity/Q516450,2
http://www.wikidata.org/entity/Q536339,1
http://www.wikidata.org/entity/Q542101,0
http://www.wikidata.org/entity/Q547136,6
http://www.wikidata.org/entity/Q552691,3
http://www.wikidata.org/entity/Q553209,4
http://www.wikidata.org/entity/Q554661,3
http://www.wikidata.org/entity/Q556346,1
http://www.wikidata.org/entity/Q559188,5
http://www.wikidata.org/entity/Q559531,0
http://www.wikidata.org/entity/Q560858,1
http://www.wikidata.org/entity/Q560901,1
http://www.wikidata.org/entity/Q570859,3
http://www.wikidata.org/entity/Q570952,0
http://www.wikidata.org/entity/Q572329,1
http://www.wikidata.org/entity/Q573921,3
http://www.wikidata.org/entity/Q574605,4
http://www.wikidata.org/entity/Q579810,2
http://www.wikidata.org/entity/Q592518,4
http://www.wikidata.org/entity/Q619900,1
http://www.wikidata.org/entity/Q620823,2
http://www.wikidata.org/entity/Q644051,1
http://www.wikidata.org/entity/Q672122,0
http://www.wikidata.org/entity/Q689486,0
http://www.wikidata.org/entity/Q689611,4
http://www.wikidata.org/entity/Q695002,3
http://www.wikidata.org/entity/Q706120,2
http://www.wikidata.org/entity/Q707119,5
http://www.wikidata.org/entity/Q707137,4
http://www.wikidata.org/entity/Q709432,1
http://www.wikidata.org/entity/Q710920,5
http://www.wikidata.org/entity/Q710985,3
http://www.wikidata.org/entity/Q714286,0
http://www.wikidata.org/entity/Q716017,3
http://www.wikidata.org/entity/Q716067,3
http://www.wikidata.org/entity/Q718045,4
http://www.wikidata.org/entity/Q723638,4
http://www.wikidata.org/entity/Q726403,4
http://www.wikidata.org/entity/Q726706,2
http://www.wikidata.org/entity/Q726827,2
http://www.wikidata.org/entity/Q731283,1
http://www.wikidata.org/entity/Q732255,1
http://www.wikidata.org/entity/Q735535,1
http://www.wikidata.org/entity/Q815757,1
http://www.wikidata.org/entity/Q836646,0
http://www.wikidata.org/entity/Q862198,1
http://www.wikidata.org/entity/Q893601,2
http://www.wikidata.org/entity/Q893614,1
http://www.wikidata.org/entity/Q893615,1
http://www.wikidata.org/entity/Q893667,3
http://www.wikidata.org/entity/Q893714,2
http://www.wikidata.org/entity/Q893715,6
http://www.wikidata.org/entity/Q893728,3
http://www.wikidata.org/entity/Q893737,6
http://www.wikidata.org/entity/Q893750,1
http://www.wikidata.org/entity/Q893804,2
http://www.wikidata.org/entity/Q909150,0
http://www.wikidata.org/entity/Q915301,5
http://www.wikidata.org/entity/Q919074,3
http://www.wikidata.org/entity/Q924443,1
http://www.wikidata.org/entity/Q925227,0
http://www.wikidata.org/entity/Q925405,3
http://www.wikidata.org/entity/Q926756,4
http://www.wikidata.org/entity/Q929950,5
http://www.wikidata.org/entity/Q931398,5
http://www.wikidata.org/entity/Q934314,8
http://www.wikidata.org/entity/Q935280,3
http://www.wikidata.org/entity/Q935366,0
http://www.wikidata.org/entity/Q943007,2
http://www.wikidata.org/entity/Q950211,6
http://www.wikidata.org/entity/Q950880,3
http://www.wikidata.org/entity/Q950897,3
http://www.wikidata.org/entity/Q950931,2
http://www.wikidata.org/entity/Q951222,2
http://www.wikidata.org/entity/Q951276,1
http://www.wikidata.org/entity/Q951370,2
http://www.wikidata.org/entity/Q951438,3
http://www.wikidata.org/entity/Q956847,0
http://www.wikidata.org/entity/Q958015,3
http://www.wikidata.org/entity/Q959719,2
http://www.wikidata.org/entity/Q974437,1
http://www.wikidata.org/entity/Q976296,1
http://www.wikidata.org/entity/Q981754,4
http://www.wikidata.org/entity/Q982580,4
http://www.wikidata.org/entity/Q983316,3
http://www.wikidata.org/entity/Q983365,1
http://www.wikidata.org/entity/Q983367,1
http://www.wikidata.org/entity/Q983399,3
http://www.wikidata.org/entity/Q1030228,1
http://www.wikidata.org/entity/Q1048502,2
http://www.wikidata.org/entity/Q1057289,0
http://www.wikidata.org/entity/Q1083950,1
http://www.wikidata.org/entity/Q1100660,1
http://www.wikidata.org/entity/Q1136981,0
http://www.wikidata.org/entity/Q1174945,1
http://www.wikidata.org/entity/Q1175698,2
http://www.wikidata.org/entity/Q1231113,5
http://www.wikidata.org/entity/Q1232476,3
http://www.wikidata.org/entity/Q1232555,4
http://www.wikidata.org/entity/Q1232565,1
http://www.wikidata.org/entity/Q1232736,4
http://www.wikidata.org/entity/Q1232856,2
http://www.wikidata.org/entity/Q1235148,3
http://www.wikidata.org/entity/Q1267207,0
http://www.wikidata.org/entity/Q1269213,0
http://www.wikidata.org/entity/Q1273671,1
http://www.wikidata.org/entity/Q1289022,6
http://www.wikidata.org/entity/Q1321474,0
http://www.wikidata.org/entity/Q1322048,3
http://www.wikidata.org/entity/Q1341219,1
http://www.wikidata.org/entity/Q1354652,0
http://www.wikidata.org/entity/Q1356831,2
http://www.wikidata.org/entity/Q1358834,0
http://www.wikidata.org/entity/Q1384632,4
http://www.wikidata.org/entity/Q1384951,2
http://www.wikidata.org/entity/Q1384963,3
http://www.wikidata.org/entity/Q1384966,6
http://www.wikidata.org/entity/Q1384978,3
http://www.wikidata.org/entity/Q1385427,3
http://www.wikidata.org/entity/Q1385596,2
http://www.wikidata.org/entity/Q1385805,4
http://www.wikidata.org/entity/Q1386138,7
http://www.wikidata.org/entity/Q1386199,5
http://www.wikidata.org/entity/Q1392167,2
http://www.wikidata.org/entity/Q1396841,3
http://www.wikidata.org/entity/Q1399503,3
http://www.wikidata.org/entity/Q1418239,5
http://www.wikidata.org/entity/Q1425084,1
http://www.wikidata.org/entity/Q1453353,1
http://www.wikidata.org/entity/Q1458824,3
http://www.wikidata.org/entity/Q1474960,0
http://www.wikidata.org/entity/Q1483866,1
http://www.wikidata.org/entity/Q1500300,2
http://www.wikidata.org/entity/Q1509195,4
http://www.wikidata.org/entity/Q1554689,0
http://www.wikidata.org/entity/Q1565305,2
http://www.wikidata.org/entity/Q1617489,2
http://www.wikidata.org/entity/Q1656756,0
http://www.wikidata.org/entity/Q1657682,1
http://www.wikidata.org/entity/Q1657690,3
http://www.wikidata.org/entity/Q1667121,2
http://www.wikidata.org/entity/Q1675618,0
http://www.wikidata.org/entity/Q1675938,0
http://www.wikidata.org/entity/Q1676013,4
http://www.wikidata.org/entity/Q1679618,3
http://www.wikidata.org/entity/Q1699677,1
http://www.wikidata.org/entity/Q1702987,3
http://www.wikidata.org/entity/Q1711717,2
http://www.wikidata.org/entity/Q1713916,1
http://www.wikidata.org/entity/Q1721842,0
http://www.wikidata.org/entity/Q1771504,4
http://www.wikidata.org/entity/Q1796816,1
http://www.wikidata.org/entity/Q1799644,1
http://www.wikidata.org/entity/Q1819412,1
http://www.wikidata.org/entity/Q1900139,2
http://www.wikidata.org/entity/Q1930229,4
http://www.wikidata.org/entity/Q1930300,0
http://www.wikidata.org/entity/Q1930306,1
http://www.wikidata.org/entity/Q1930342,0
http://www.wikidata.org/entity/Q1932500,3
http://www.wikidata.org/entity/Q1933628,1
http://www.wikidata.org/entity/Q1961494,3
http://www.wikidata.org/entity/Q1965150,2
http://www.wikidata.org/entity/Q1972086,1
http://www.wikidata.org/entity/Q1973460,3
http://www.wikidata.org/entity/Q1978539,0
http://www.wikidata.org/entity/Q1981992,5
http://www.wikidata.org/entity/Q1985571,1
http://www.wikidata.org/entity/Q1990696,1
http://www.wikidata.org/entity/Q1990799,2
http://www.wikidata.org/entity/Q1991041,1
http://www.wikidata.org/entity/Q1992801,4
http://www.wikidata.org/entity/Q1994903,2
http://www.wikidata.org/entity/Q2000478,1
http://www.wikidata.org/entity/Q2008444,5
http://www.wikidata.org/entity/Q2019237,2
http://www.wikidata.org/entity/Q2027276,2
http://www.wikidata.org/entity/Q2031915,2
http://www.wikidata.org/entity/Q2036824,1
http://www.wikidata.org/entity/Q2046788,1
http://www.wikidata.org/entity/Q2064571,0
http://www.wikidata.org/entity/Q2065003,1
http://www.wikidata.org/entity/Q2068021,1
http://www.wikidata.org/entity/Q2074389,3
http://www.wikidata.org/entity/Q2079434,7
http://www.wikidata.org/entity/Q2097758,6
http://www.wikidata.org/entity/Q2156320,4
http://www.wikidata.org/entity/Q2166348,4
http://www.wikidata.org/entity/Q2271209,2
http://www.wikidata.org/entity/Q2273334,1
http://www.wikidata.org/entity/Q2336653,1
http://www.wikidata.org/entity/Q2368424,1
http://www.wikidata.org/entity/Q2371787,1
http://www.wikidata.org/entity/Q2371791,2
http://www.wikidata.org/entity/Q2378087,3
http://www.wikidata.org/entity/Q2378112,2
http://www.wikidata.org/entity/Q2390389,1
http://www.wikidata.org/entity/Q2392382,0
http://www.wikidata.org/entity/Q2394247,2
http://www.wikidata.org/entity/Q2430851,4
http://www.wikidata.org/entity/Q2447705,0
http://www.wikidata.org/entity/Q2450560,1
http://www.wikidata.org/entity/Q2450566,2
http://www.wikidata.org/entity/Q2464214,1
http://www.wikidata.org/entity/Q2471305,4
http://www.wikidata.org/entity/Q2483013,3
http://www.wikidata.org/entity/Q2511067,1
http://www.wikidata.org/entity/Q2542094,0
http://www.wikidata.org/entity/Q2552118,5
http://www.wikidata.org/entity/Q2559965,1
http://www.wikidata.org/entity/Q2564806,2
http://www.wikidata.org/entity/Q2570007,6
http://www.wikidata.org/entity/Q2570046,0
http://www.wikidata.org/entity/Q2570080,4
http://www.wikidata.org/entity/Q2572846,1
http://www.wikidata.org/entity/Q2585814,2
http://www.wikidata.org/entity/Q2586584,2
http://www.wikidata.org/entity/Q2587134,3
http://www.wikidata.org/entity/Q2587230,2
http://www.wikidata.org/entity/Q2587389,3
http://www.wikidata.org/entity/Q2599504,4
http://www.wikidata.org/entity/Q2601950,0
http://www.wikidata.org/entity/Q2603369,4
http://www.wikidata.org/entity/Q2604093,3
http://www.wikidata.org/entity/Q2604125,4
http://www.wikidata.org/entity/Q2622956,3
http://www.wikidata.org/entity/Q2623089,1
http://www.wikidata.org/entity/Q2624201,3
http://www.wikidata.org/entity/Q2627249,1
http://www.wikidata.org/entity/Q2636066,1
http://www.wikidata.org/entity/Q2636560,2
http://www.wikidata.org/entity/Q2636609,2
http://www.wikidata.org/entity/Q2638149,0
http://www.wikidata.org/entity/Q2641678,1
http://www.wikidata.org/entity/Q2643027,3
http://www.wikidata.org/entity/Q2643931,2
http://www.wikidata.org/entity/Q2643985,4
http://www.wikidata.org/entity/Q2644032,0
http://www.wikidata.org/entity/Q2697996,2
http://www.wikidata.org/entity/Q2713407,1
http://www.wikidata.org/entity/Q2861551,0
http://www.wikidata.org/entity/Q2874512,3
http://www.wikidata.org/entity/Q2898146,3
http://www.wikidata.org/entity/Q2996992,2
http://www.wikidata.org/entity/Q3051298,0
http://www.wikidata.org/entity/Q3061575,0
http://www.wikidata.org/entity/Q3149925,1
http://www.wikidata.org/entity/Q3215942,0
http://www.wikidata.org/entity/Q3294206,2
http://www.wikidata.org/entity/Q3300234,1
http://www.wikidata.org/entity/Q3302598,0
http://www.wikidata.org/entity/Q3311473,0
http://www.wikidata.org/entity/Q3313627,0
http://www.wikidata.org/entity/Q3341599,1
http://www.wikidata.org/entity/Q3341686,3
http://www.wikidata.org/entity/Q3376307,2
http://www.wikidata.org/entity/Q3378844,2
http://www.wikidata.org/entity/Q3388872,0
http://www.wikidata.org/entity/Q3389073,1
http://www.wikidata.org/entity/Q3408482,4
http://www.wikidata.org/entity/Q3483946,1
http://www.wikidata.org/entity/Q3500104,2
http://www.wikidata.org/entity/Q3561844,5
http://www.wikidata.org/entity/Q3653092,5
http://www.wikidata.org/entity/Q3701311,2
http://www.wikidata.org/entity/Q3709978,1
http://www.wikidata.org/entity/Q3710025,4
http://www.wikidata.org/entity/Q3710034,3
http://www.wikidata.org/entity/Q3710038,1
http://www.wikidata.org/entity/Q3710041,1
http://www.wikidata.org/entity/Q3710046,3
http://www.wikidata.org/entity/Q3710050,1
http://www.wikidata.org/entity/Q3710055,2
http://www.wikidata.org/entity/Q3710061,1
http://www.wikidata.org/entity/Q3710067,5
http://www.wikidata.org/entity/Q3710069,1
http://www.wikidata.org/entity/Q3710555,1
http://www.wikidata.org/entity/Q3710704,1
http://www.wikidata.org/entity/Q3741085,2
http://www.wikidata.org/entity/Q3790644,1
http://www.wikidata.org/entity/Q3915730,0
http://www.wikidata.org/entity/Q3918991,1
http://www.wikidata.org/entity/Q3920128,0
http://www.wikidata.org/entity/Q4018418,1
http://www.wikidata.org/entity/Q4054427,1
http://www.wikidata.org/entity/Q4054946,1
http://www.wikidata.org/entity/Q4055079,3
http://www.wikidata.org/entity/Q4055519,2
http://www.wikidata.org/entity/Q4056565,2
http://www.wikidata.org/entity/Q4056772,2
http://www.wikidata.org/entity/Q4057003,3
http://www.wikidata.org/entity/Q4057078,1
http://www.wikidata.org/entity/Q4057382,2
http://www.wikidata.org/entity/Q4058205,3
http://www.wikidata.org/entity/Q4061613,2
http://www.wikidata.org/entity/Q4061617,0
http://www.wikidata.org/entity/Q4061637,1
http://www.wikidata.org/entity/Q4061706,4
http://www.wikidata.org/entity/Q4063409,0
http://www.wikidata.org/entity/Q4065502,3
http://www.wikidata.org/entity/Q4066059,2
http://www.wikidata.org/entity/Q4066092,1
http://www.wikidata.org/entity/Q4066321,3
http://www.wikidata.org/entity/Q4066428,0
http://www.wikidata.org/entity/Q4066507,3
http://www.wikidata.org/entity/Q4067057,1
http://www.wikidata.org/entity/Q4068164,3
http://www.wikidata.org/entity/Q4068462,1
http://www.wikidata.org/entity/Q4069289,2
http://www.wikidata.org/entity/Q4070079,2
http://www.wikidata.org/entity/Q4070126,2
http://www.wikidata.org/entity/Q4071029,4
http://www.wikidata.org/entity/Q4071141,1
http://www.wikidata.org/entity/Q4072584,2
http://www.wikidata.org/entity/Q4072618,2
http://www.wikidata.org/entity/Q4073223,1
http://www.wikidata.org/entity/Q4073490,3
http://www.wikidata.org/entity/Q4074141,1
http://www.wikidata.org/entity/Q4079012,2
http://www.wikidata.org/entity/Q4079806,4
http://www.wikidata.org/entity/Q4079811,4
http://www.wikidata.org/entity/Q4080213,5
http://www.wikidata.org/entity/Q4081380,0
http://www.wikidata.org/entity/Q4081386,1
http://www.wikidata.org/entity/Q4081864,2
http://www.wikidata.org/entity/Q4082923,7
http://www.wikidata.org/entity/Q4083762,4
http://www.wikidata.org/entity/Q4084115,3
http://www.wikidata.org/entity/Q4084403,2
http://www.wikidata.org/entity/Q4084933,1
http://www.wikidata.org/entity/Q4085030,1
http://www.wikidata.org/entity/Q4086698,3
http://www.wikidata.org/entity/Q4087046,2
http://www.wikidata.org/entity/Q4088771,1
http://www.wikidata.org/entity/Q4088931,1
http://www.wikidata.org/entity/Q4089237,0
http://www.wikidata.org/entity/Q4089273,3
http://www.wikidata.org/entity/Q4090974,1
http://www.wikidata.org/entity/Q4093138,1
http://www.wikidata.org/entity/Q4094322,2
http://www.wikidata.org/entity/Q4095669,1
http://www.wikidata.org/entity/Q4095762,2
http://www.wikidata.org/entity/Q4097066,2
http://www.wikidata.org/entity/Q4097133,4
http://www.wikidata.org/entity/Q4097815,3
http://www.wikidata.org/entity/Q4098929,1
http://www.wikidata.org/entity/Q4099620,2
http://www.wikidata.org/entity/Q4100109,2
http://www.wikidata.org/entity/Q4100662,1
http://www.wikidata.org/entity/Q4101531,3
http://www.wikidata.org/entity/Q4102104,1
http://www.wikidata.org/entity/Q4102510,0
http://www.wikidata.org/entity/Q4104490,1
http://www.wikidata.org/entity/Q4104666,1
http://www.wikidata.org/entity/Q4104702,3
http://www.wikidata.org/entity/Q4105018,2
http://www.wikidata.org/entity/Q4105771,1
http://www.wikidata.org/entity/Q4106206,0
http://www.wikidata.org/entity/Q4109399,4
http://www.wikidata.org/entity/Q4110256,1
http://www.wikidata.org/entity/Q4111298,2
http://www.wikidata.org/entity/Q4111413,0
http://www.wikidata.org/entity/Q4112169,2
http://www.wikidata.org/entity/Q4113336,2
http://www.wikidata.org/entity/Q4113453,2
http://www.wikidata.org/entity/Q4114278,5
http://www.wikidata.org/entity/Q4123022,1
http://www.wikidata.org/entity/Q4123242,2
http://www.wikidata.org/entity/Q4123491,2
http://www.wikidata.org/entity/Q4124780,2
http://www.wikidata.org/entity/Q4125199,5
http://www.wikidata.org/entity/Q4125281,2
http://www.wikidata.org/entity/Q4125456,1
http://www.wikidata.org/entity/Q4126904,5
http://www.wikidata.org/entity/Q4128771,3
http://www.wikidata.org/entity/Q4130919,1
http://www.wikidata.org/entity/Q4131361,1
http://www.wikidata.org/entity/Q4131508,1
http://www.wikidata.org/entity/Q4132895,2
http://www.wikidata.org/entity/Q4133374,3
http://www.wikidata.org/entity/Q4134112,1
http://www.wikidata.org/entity/Q4134406,1
http://www.wikidata.org/entity/Q4134678,1
http://www.wikidata.org/entity/Q4135984,1
http://www.wikidata.org/entity/Q4137362,1
http://www.wikidata.org/entity/Q4137485,1
http://www.wikidata.org/entity/Q4137488,1
http://www.wikidata.org/entity/Q4138423,1
http://www.wikidata.org/entity/Q4138947,1
http://www.wikidata.org/entity/Q4139049,3
http://www.wikidata.org/entity/Q4139254,1
http://www.wikidata.org/entity/Q4139257,1
http://www.wikidata.org/entity/Q4139660,2
http://www.wikidata.org/entity/Q4139680,1
http://www.wikidata.org/entity/Q4139681,3
http://www.wikidata.org/entity/Q4141281,3
http://www.wikidata.org/entity/Q4141818,0
http://www.wikidata.org/entity/Q4142646,1
http://www.wikidata.org/entity/Q4143171,3
http://www.wikidata.org/entity/Q4143221,1
http://www.wikidata.org/entity/Q4143497,8
http://www.wikidata.org/entity/Q4143520,0
http://www.wikidata.org/entity/Q4146359,0
http://www.wikidata.org/entity/Q4148244,2
http://www.wikidata.org/entity/Q4149226,2
http://www.wikidata.org/entity/Q4151554,1
http://www.wikidata.org/entity/Q4151783,0
http://www.wikidata.org/entity/Q4152538,3
http://www.wikidata.org/entity/Q4152755,2
http://www.wikidata.org/entity/Q4152990,4
http://www.wikidata.org/entity/Q4153564,1
http://www.wikidata.org/entity/Q4153587,0
http://www.wikidata.org/entity/Q4153600,4
http://www.wikidata.org/entity/Q4154820,3
http://www.wikidata.org/entity/Q4156564,0
http://www.wikidata.org/entity/Q4156812,3
http://www.wikidata.org/entity/Q4156822,3
http://www.wikidata.org/entity/Q4157027,7
http://www.wikidata.org/entity/Q4157233,1
http://www.wikidata.org/entity/Q4157494,4
http://www.wikidata.org/entity/Q4160507,2
http://www.wikidata.org/entity/Q4160609,0
http://www.wikidata.org/entity/Q4160618,1
http://www.wikidata.org/entity/Q4160620,1
http://www.wikidata.org/entity/Q4160939,4
http://www.wikidata.org/entity/Q4161580,3
http://www.wikidata.org/entity/Q4162758,1
http://www.wikidata.org/entity/Q4166843,3
http://www.wikidata.org/entity/Q4166975,4
http://www.wikidata.org/entity/Q4168302,0
http://www.wikidata.org/entity/Q4171504,2
http://www.wikidata.org/entity/Q4171622,1
http://www.wikidata.org/entity/Q4171912,1
http://www.wikidata.org/entity/Q4173502,1
http://www.wikidata.org/entity/Q4174721,0
http://www.wikidata.org/entity/Q4175422,1
http://www.wikidata.org/entity/Q4176448,5
http://www.wikidata.org/entity/Q4176466,6
http://www.wikidata.org/entity/Q4176863,4
http://www.wikidata.org/entity/Q4176991,0
http://www.wikidata.org/entity/Q4177001,3
http://www.wikidata.org/entity/Q4178210,3
http://www.wikidata.org/entity/Q4178364,1
http://www.wikidata.org/entity/Q4178584,0
http://www.wikidata.org/entity/Q4181785,3
http://www.wikidata.org/entity/Q4182313,2
http://www.wikidata.org/entity/Q4182735,1
http://www.wikidata.org/entity/Q4184623,1
http://www.wikidata.org/entity/Q4185893,1
http://www.wikidata.org/entity/Q4186051,4
http://www.wikidata.org/entity/Q4186808,1
http://www.wikidata.org/entity/Q4187574,2
http://www.wikidata.org/entity/Q4188845,1
http://www.wikidata.org/entity/Q4190178,3
http://www.wikidata.org/entity/Q4190540,1
http://www.wikidata.org/entity/Q4191135,2
http://www.wikidata.org/entity/Q4191594,1
http://www.wikidata.org/entity/Q4193985,3
http://www.wikidata.org/entity/Q4194358,1
http://www.wikidata.org/entity/Q4194766,2
http://www.wikidata.org/entity/Q4196018,0
http://www.wikidata.org/entity/Q4196152,1
http://www.wikidata.org/entity/Q4196325,2
http://www.wikidata.org/entity/Q4196973,1
http://www.wikidata.org/entity/Q4196998,4
http://www.wikidata.org/entity/Q4197199,1
http://www.wikidata.org/entity/Q4197843,0
http://www.wikidata.org/entity/Q4198461,3
http://www.wikidata.org/entity/Q4199539,3
http://www.wikidata.org/entity/Q4199550,5
http://www.wikidata.org/entity/Q4199702,1
http://www.wikidata.org/entity/Q4200050,1
http://www.wikidata.org/entity/Q4200108,1
http://www.wikidata.org/entity/Q4200448,1
http://www.wikidata.org/entity/Q4202950,1
http://www.wikidata.org/entity/Q4203866,1
http://www.wikidata.org/entity/Q4205653,2
http://www.wikidata.org/entity/Q4206485,2
http://www.wikidata.org/entity/Q4214236,2
http://www.wikidata.org/entity/Q4216389,3
http://www.wikidata.org/entity/Q4216983,0
http://www.wikidata.org/entity/Q4218102,3
http://www.wikidata.org/entity/Q4218612,1
http://www.wikidata.org/entity/Q4221048,2
http://www.wikidata.org/entity/Q4221381,0
http://www.wikidata.org/entity/Q4222035,2
http://www.wikidata.org/entity/Q4222265,1
http://www.wikidata.org/entity/Q4225085,2
http://www.wikidata.org/entity/Q4225426,2
http://www.wikidata.org/entity/Q4226295,8
http://www.wikidata.org/entity/Q4226696,4
http://www.wikidata.org/entity/Q4226722,2
http://www.wikidata.org/entity/Q4228593,1
http://www.wikidata.org/entity/Q4230590,2
http://www.wikidata.org/entity/Q4230669,1
http://www.wikidata.org/entity/Q4230979,2
http://www.wikidata.org/entity/Q4231369,1
http://www.wikidata.org/entity/Q4232863,0
http://www.wikidata.org/entity/Q4233302,2
http://www.wikidata.org/entity/Q4233460,2
http://www.wikidata.org/entity/Q4233543,1
http://www.wikidata.org/entity/Q4233854,2
http://www.wikidata.org/entity/Q4233885,1
http://www.wikidata.org/entity/Q4235292,1
http://www.wikidata.org/entity/Q4235439,5
http://www.wikidata.org/entity/Q4235704,1
http://www.wikidata.org/entity/Q4235954,2
http://www.wikidata.org/entity/Q4235955,2
http://www.wikidata.org/entity/Q4236174,1
http://www.wikidata.org/entity/Q4237116,1
http://www.wikidata.org/entity/Q4237354,1
http://www.wikidata.org/entity/Q4238990,0
http://www.wikidata.org/entity/Q4239170,4
http://www.wikidata.org/entity/Q4239782,2
http://www.wikidata.org/entity/Q4240018,2
http://www.wikidata.org/entity/Q4240588,0
http://www.wikidata.org/entity/Q4241693,1
http://www.wikidata.org/entity/Q4241767,2
http://www.wikidata.org/entity/Q4242061,1
http://www.wikidata.org/entity/Q4242237,1
http://www.wikidata.org/entity/Q4243053,2
http://www.wikidata.org/entity/Q4243244,2
http://www.wikidata.org/entity/Q4244599,3
http://www.wikidata.org/entity/Q4244814,1
http://www.wikidata.org/entity/Q4244952,4
http://www.wikidata.org/entity/Q4245028,3
http://www.wikidata.org/entity/Q4246098,2
http://www.wikidata.org/entity/Q4246269,1
http://www.wikidata.org/entity/Q4246367,1
http://www.wikidata.org/entity/Q4247528,1
http://www.wikidata.org/entity/Q4248030,2
http://www.wikidata.org/entity/Q4248286,1
http://www.wikidata.org/entity/Q4250272,1
http://www.wikidata.org/entity/Q4252221,4
http://www.wikidata.org/entity/Q4252319,1
http://www.wikidata.org/entity/Q4254976,1
http://www.wikidata.org/entity/Q4255064,1
http://www.wikidata.org/entity/Q4255382,5
http://www.wikidata.org/entity/Q4255392,0
http://www.wikidata.org/entity/Q4256481,3
http://www.wikidata.org/entity/Q4256809,2
http://www.wikidata.org/entity/Q4259002,3
http://www.wikidata.org/entity/Q4260365,1
http://www.wikidata.org/entity/Q4260804,0
http://www.wikidata.org/entity/Q4260849,2
http://www.wikidata.org/entity/Q4261209,1
http://www.wikidata.org/entity/Q4261240,1
http://www.wikidata.org/entity/Q4261345,6
http://www.wikidata.org/entity/Q4262731,1
http://www.wikidata.org/entity/Q4264036,0
http://www.wikidata.org/entity/Q4265727,1
http://www.wikidata.org/entity/Q4269211,1
http://www.wikidata.org/entity/Q4272865,7
http://www.wikidata.org/entity/Q4272922,1
http://www.wikidata.org/entity/Q4274629,4
http://www.wikidata.org/entity/Q4274799,4
http://www.wikidata.org/entity/Q4275063,1
http://www.wikidata.org/entity/Q4275346,1
http://www.wikidata.org/entity/Q4275386,1
http://www.wikidata.org/entity/Q4276263,1
http://www.wikidata.org/entity/Q4276398,5
http://www.wikidata.org/entity/Q4276546,4
http://www.wikidata.org/entity/Q4276623,3
http://www.wikidata.org/entity/Q4277781,3
http://www.wikidata.org/entity/Q4277783,3
http://www.wikidata.org/entity/Q4278007,2
http://www.wikidata.org/entity/Q4278020,3
http://www.wikidata.org/entity/Q4281277,2
http://www.wikidata.org/entity/Q4282001,4
http://www.wikidata.org/entity/Q4282268,3
http://www.wikidata.org/entity/Q4282907,1
http://www.wikidata.org/entity/Q4284558,1
http://www.wikidata.org/entity/Q4284676,1
http://www.wikidata.org/entity/Q4284800,1
http://www.wikidata.org/entity/Q4284972,1
http://www.wikidata.org/entity/Q4286233,1
http://www.wikidata.org/entity/Q4287307,2
http://www.wikidata.org/entity/Q4289087,0
http://www.wikidata.org/entity/Q4289876,2
http://www.wikidata.org/entity/Q4290849,1
http://www.wikidata.org/entity/Q4293073,3
http://www.wikidata.org/entity/Q4293571,1
http://www.wikidata.org/entity/Q4295381,2
http://www.wikidata.org/entity/Q4295590,0
http://www.wikidata.org/entity/Q4295618,2
http://www.wikidata.org/entity/Q4295659,3
http://www.wikidata.org/entity/Q4296079,2
http://www.wikidata.org/entity/Q4297229,3
http://www.wikidata.org/entity/Q4297870,1
http://www.wikidata.org/entity/Q4298015,1
http://www.wikidata.org/entity/Q4298549,4
http://www.wikidata.org/entity/Q4298704,3
http://www.wikidata.org/entity/Q4299718,4
http://www.wikidata.org/entity/Q4301104,3
http://www.wikidata.org/entity/Q4301582,3
http://www.wikidata.org/entity/Q4302568,8
http://www.wikidata.org/entity/Q4302987,2
http://www.wikidata.org/entity/Q4303685,0
http://www.wikidata.org/entity/Q4308614,0
http://www.wikidata.org/entity/Q4309708,1
http://www.wikidata.org/entity/Q4312962,1
http://www.wikidata.org/entity/Q4314155,2
http://www.wikidata.org/entity/Q4316420,1
http://www.wikidata.org/entity/Q4316487,1
http://www.wikidata.org/entity/Q4316559,3
http://www.wikidata.org/entity/Q4316594,3
http://www.wikidata.org/entity/Q4317284,1
http://www.wikidata.org/entity/Q4318207,2
http://www.wikidata.org/entity/Q4318229,3
http://www.wikidata.org/entity/Q4320003,1
http://www.wikidata.org/entity/Q4320702,0
http://www.wikidata.org/entity/Q4322665,3
http://www.wikidata.org/entity/Q4323968,1
http://www.wikidata.org/entity/Q4324867,0
http://www.wikidata.org/entity/Q4330848,6
http://www.wikidata.org/entity/Q4330969,1
http://www.wikidata.org/entity/Q4331870,3
http://www.wikidata.org/entity/Q4333964,2
http://www.wikidata.org/entity/Q4334481,3
http://www.wikidata.org/entity/Q4336591,3
http://www.wikidata.org/entity/Q4338523,0
http://www.wikidata.org/entity/Q4339498,2
http://www.wikidata.org/entity/Q4340519,8
http://www.wikidata.org/entity/Q4341471,4
http://www.wikidata.org/entity/Q4341784,3
http://www.wikidata.org/entity/Q4342874,1
http://www.wikidata.org/entity/Q4344067,3
http://www.wikidata.org/entity/Q4350109,3
http://www.wikidata.org/entity/Q4350497,1
http://www.wikidata.org/entity/Q4351772,2
http://www.wikidata.org/entity/Q4356483,1
http://www.wikidata.org/entity/Q4356970,2
http://www.wikidata.org/entity/Q4360273,2
http://www.wikidata.org/entity/Q4360528,2
http://www.wikidata.org/entity/Q4360637,1
http://www.wikidata.org/entity/Q4360748,1
http://www.wikidata.org/entity/Q4360826,2
http://www.wikidata.org/entity/Q4361799,2
http://www.wikidata.org/entity/Q4362913,2
http://www.wikidata.org/entity/Q4363846,2
http://www.wikidata.org/entity/Q4366338,1
http://www.wikidata.org/entity/Q4366603,1
http://www.wikidata.org/entity/Q4366729,1
http://www.wikidata.org/entity/Q4368900,1
http://www.wikidata.org/entity/Q4371319,0
http://www.wikidata.org/entity/Q4371394,2
http://www.wikidata.org/entity/Q4371474,4
http://www.wikidata.org/entity/Q4372361,4
http://www.wikidata.org/entity/Q4372653,2
http://www.wikidata.org/entity/Q4374127,2
http://www.wikidata.org/entity/Q4374163,1
http://www.wikidata.org/entity/Q4374728,0
http://www.wikidata.org/entity/Q4376465,2
http://www.wikidata.org/entity/Q4377307,1
http://www.wikidata.org/entity/Q4382239,0
http://www.wikidata.org/entity/Q4386006,4
http://www.wikidata.org/entity/Q4388634,1
http://www.wikidata.org/entity/Q4390657,0
http://www.wikidata.org/entity/Q4391279,2
http://www.wikidata.org/entity/Q4391414,6
http://www.wikidata.org/entity/Q4391547,0
http://www.wikidata.org/entity/Q4392109,0
http://www.wikidata.org/entity/Q4393678,4
http://www.wikidata.org/entity/Q4394099,1
http://www.wikidata.org/entity/Q4396645,1
http://www.wikidata.org/entity/Q4397179,1
http://www.wikidata.org/entity/Q4397349,3
http://www.wikidata.org/entity/Q4397578,1
http://www.wikidata.org/entity/Q4398262,1
http://www.wikidata.org/entity/Q4398387,0
http://www.wikidata.org/entity/Q4399297,5
http://www.wikidata.org/entity/Q4400039,2
http://www.wikidata.org/entity/Q4401617,3
http://www.wikidata.org/entity/Q4402170,2
http://www.wikidata.org/entity/Q4402308,1
http://www.wikidata.org/entity/Q4403479,1
http://www.wikidata.org/entity/Q4403480,2
http://www.wikidata.org/entity/Q4403509,2
http://www.wikidata.org/entity/Q4404109,3
http://www.wikidata.org/entity/Q4404940,1
http://www.wikidata.org/entity/Q4405028,2
http://www.wikidata.org/entity/Q4405037,2
http://www.wikidata.org/entity/Q4408984,0
http://www.wikidata.org/entity/Q4410618,2
http://www.wikidata.org/entity/Q4411949,2
http://www.wikidata.org/entity/Q4415778,3
http://www.wikidata.org/entity/Q4416016,1
http://www.wikidata.org/entity/Q4416796,2
http://www.wikidata.org/entity/Q4418265,2
http://www.wikidata.org/entity/Q4418558,5
http://www.wikidata.org/entity/Q4418823,1
http://www.wikidata.org/entity/Q4421550,1
http://www.wikidata.org/entity/Q4421745,1
http://www.wikidata.org/entity/Q4422281,1
http://www.wikidata.org/entity/Q4422611,1
http://www.wikidata.org/entity/Q4424004,5
http://www.wikidata.org/entity/Q4424724,2
http://www.wikidata.org/entity/Q4425897,1
http://www.wikidata.org/entity/Q4427991,3
http://www.wikidata.org/entity/Q4428013,2
http://www.wikidata.org/entity/Q4428174,3
http://www.wikidata.org/entity/Q4428483,4
http://www.wikidata.org/entity/Q4428488,0
http://www.wikidata.org/entity/Q4428712,3
http://www.wikidata.org/entity/Q4430085,1
http://www.wikidata.org/entity/Q4438818,2
http://www.wikidata.org/entity/Q4439365,1
http://www.wikidata.org/entity/Q4443008,1
http://www.wikidata.org/entity/Q4443437,2
http://www.wikidata.org/entity/Q4443585,2
http://www.wikidata.org/entity/Q4444235,1
http://www.wikidata.org/entity/Q4444951,3
http://www.wikidata.org/entity/Q4444966,1
http://www.wikidata.org/entity/Q4444972,3
http://www.wikidata.org/entity/Q4445150,2
http://www.wikidata.org/entity/Q4445698,2
http://www.wikidata.org/entity/Q4447528,1
http://www.wikidata.org/entity/Q4449880,3
http://www.wikidata.org/entity/Q4449881,2
http://www.wikidata.org/entity/Q4450982,2
http://www.wikidata.org/entity/Q4451032,2
http://www.wikidata.org/entity/Q4451535,1
http://www.wikidata.org/entity/Q4452398,2
http://www.wikidata.org/entity/Q4455391,1
http://www.wikidata.org/entity/Q4460816,1
http://www.wikidata.org/entity/Q4461431,0
http://www.wikidata.org/entity/Q4462410,3
http://www.wikidata.org/entity/Q4462687,3
http://www.wikidata.org/entity/Q4462790,1
http://www.wikidata.org/entity/Q4464981,3
http://www.wikidata.org/entity/Q4466506,5
http://www.wikidata.org/entity/Q4467151,5
http://www.wikidata.org/entity/Q4467645,3
http://www.wikidata.org/entity/Q4475051,2
http://www.wikidata.org/entity/Q4475074,2
http://www.wikidata.org/entity/Q4477785,0
http://www.wikidata.org/entity/Q4479509,1
http://www.wikidata.org/entity/Q4481214,2
http://www.wikidata.org/entity/Q4482080,3
http://www.wikidata.org/entity/Q4482499,2
http://www.wikidata.org/entity/Q4482513,1
http://www.wikidata.org/entity/Q4491036,2
http://www.wikidata.org/entity/Q4491256,0
http://www.wikidata.org/entity/Q4491621,4
http://www.wikidata.org/entity/Q4492357,4
http://www.wikidata.org/entity/Q4493568,1
http://www.wikidata.org/entity/Q4493951,1
http://www.wikidata.org/entity/Q4493982,1
http://www.wikidata.org/entity/Q4494626,1
http://www.wikidata.org/entity/Q4495052,2
http://www.wikidata.org/entity/Q4495152,1
http://www.wikidata.org/entity/Q4495979,1
http://www.wikidata.org/entity/Q4498599,2
http://www.wikidata.org/entity/Q4498609,6
http://www.wikidata.org/entity/Q4500221,6
http://www.wikidata.org/entity/Q4500563,1
http://www.wikidata.org/entity/Q4501440,3
http://www.wikidata.org/entity/Q4501446,1
http://www.wikidata.org/entity/Q4502200,2
http://www.wikidata.org/entity/Q4508106,3
http://www.wikidata.org/entity/Q4511802,1
http://www.wikidata.org/entity/Q4514873,1
http://www.wikidata.org/entity/Q4514946,2
http://www.wikidata.org/entity/Q4515196,3
http://www.wikidata.org/entity/Q4517362,2
http://www.wikidata.org/entity/Q4519091,1
http://www.wikidata.org/entity/Q4519313,1
http://www.wikidata.org/entity/Q4520001,1
http://www.wikidata.org/entity/Q4520761,1
http://www.wikidata.org/entity/Q4521057,4
http://www.wikidata.org/entity/Q4521673,3
http://www.wikidata.org/entity/Q4522050,3
http://www.wikidata.org/entity/Q4522786,2
http://www.wikidata.org/entity/Q4523291,1
http://www.wikidata.org/entity/Q4523297,1
http://www.wikidata.org/entity/Q4524490,6
http://www.wikidata.org/entity/Q4524560,0
http://www.wikidata.org/entity/Q4524841,1
http://www.wikidata.org/entity/Q4524893,2
http://www.wikidata.org/entity/Q4525950,1
http://www.wikidata.org/entity/Q4526157,1
http://www.wikidata.org/entity/Q4526255,2
http://www.wikidata.org/entity/Q4526332,1
http://www.wikidata.org/entity/Q4526796,1
http://www.wikidata.org/entity/Q4526904,0
http://www.wikidata.org/entity/Q4527715,1
http://www.wikidata.org/entity/Q4527913,1
http://www.wikidata.org/entity/Q4528749,4
http://www.wikidata.org/entity/Q4531891,3
http://www.wikidata.org/entity/Q4533192,1
http://www.wikidata.org/entity/Q4533860,1
http://www.wikidata.org/entity/Q4534380,1
http://www.wikidata.org/entity/Q4536332,2
http://www.wikidata.org/entity/Q4537140,1
http://www.wikidata.org/entity/Q4538037,3
http://www.wikidata.org/entity/Q4538090,2
http://www.wikidata.org/entity/Q4538114,1
http://www.wikidata.org/entity/Q4538978,2
http://www.wikidata.org/entity/Q4710874,1
http://www.wikidata.org/entity/Q4718250,1
http://www.wikidata.org/entity/Q4718736,1
http://www.wikidata.org/entity/Q4719317,1
http://www.wikidata.org/entity/Q4719673,0
http://www.wikidata.org/entity/Q4719764,0
http://www.wikidata.org/entity/Q4720099,1
http://www.wikidata.org/entity/Q4721259,1
http://www.wikidata.org/entity/Q4752149,2
http://www.wikidata.org/entity/Q4752219,1
http://www.wikidata.org/entity/Q4805878,5
http://www.wikidata.org/entity/Q4806650,0
http://www.wikidata.org/entity/Q4945298,3
http://www.wikidata.org/entity/Q4945319,1
http://www.wikidata.org/entity/Q5277134,3
http://www.wikidata.org/entity/Q5285648,0
http://www.wikidata.org/entity/Q5343739,0
http://www.wikidata.org/entity/Q5369211,1
http://www.wikidata.org/entity/Q5396005,3
http://www.wikidata.org/entity/Q5441115,1
http://www.wikidata.org/entity/Q5503589,3
http://www.wikidata.org/entity/Q5987187,0
http://www.wikidata.org/entity/Q6097897,1
http://www.wikidata.org/entity/Q6118949,0
http://www.wikidata.org/entity/Q6290799,3
http://www.wikidata.org/entity/Q6374090,4
http://www.wikidata.org/entity/Q6462767,0
http://www.wikidata.org/entity/Q6516841,0
http://www.wikidata.org/entity/Q6656247,2
http://www.wikidata.org/entity/Q6684276,1
http://www.wikidata.org/entity/Q6826405,1
http://www.wikidata.org/entity/Q6832360,2
http://www.wikidata.org/entity/Q6849563,2
http://www.wikidata.org/entity/Q6849691,1
http://www.wikidata.org/entity/Q6849714,1
http://www.wikidata.org/entity/Q6959579,2
http://www.wikidata.org/entity/Q7035781,1
http://www.wikidata.org/entity/Q7155704,0
http://www.wikidata.org/entity/Q7223467,1
http://www.wikidata.org/entity/Q7308550,1
http://www.wikidata.org/entity/Q7413044,3
http://www.wikidata.org/entity/Q7449212,3
http://www.wikidata.org/entity/Q7453551,0
http://www.wikidata.org/entity/Q7453591,1
http://www.wikidata.org/entity/Q7453973,4
http://www.wikidata.org/entity/Q7502335,0
http://www.wikidata.org/entity/Q7518846,2
http://www.wikidata.org/entity/Q7861871,0
http://www.wikidata.org/entity/Q7910727,2
http://www.wikidata.org/entity/Q7911482,1
http://www.wikidata.org/entity/Q7920811,0
http://www.wikidata.org/entity/Q7924421,2
http://www.wikidata.org/entity/Q7924430,2
http://www.wikidata.org/entity/Q7925942,1
http://www.wikidata.org/entity/Q7926021,1
http://www.wikidata.org/entity/Q7926225,0
http://www.wikidata.org/entity/Q7938239,1
http://www.wikidata.org/entity/Q7938582,0
http://www.wikidata.org/entity/Q7939149,2
http://www.wikidata.org/entity/Q7940604,3
http://www.wikidata.org/entity/Q7975652,1
http://www.wikidata.org/entity/Q8061650,4
http://www.wikidata.org/entity/Q9342354,0
http://www.wikidata.org/entity/Q9374973,0
http://www.wikidata.org/entity/Q9626039,0
http://www.wikidata.org/entity/Q10304373,0
http://www.wikidata.org/entity/Q10961930,0
http://www.wikidata.org/entity/Q11163334,3
http://www.wikidata.org/entity/Q11163488,1
http://www.wikidata.org/entity/Q11164336,4
http://www.wikidata.org/entity/Q11736072,0
http://www.wikidata.org/entity/Q11755342,0
http://www.wikidata.org/entity/Q12043289,0
http://www.wikidata.org/entity/Q12074235,1
http://www.wikidata.org/entity/Q12078235,0
http://www.wikidata.org/entity/Q12078796,0
http://www.wikidata.org/entity/Q12079310,0
http://www.wikidata.org/entity/Q12079578,3
http://www.wikidata.org/entity/Q12082104,0
http://www.wikidata.org/entity/Q12083880,0
http://www.wikidata.org/entity/Q12089871,0
http://www.wikidata.org/entity/Q12093723,0
http://www.wikidata.org/entity/Q12094338,0
http://www.wikidata.org/entity/Q12097767,0
http://www.wikidata.org/entity/Q12103107,3
http://www.wikidata.org/entity/Q12105127,1
http://www.wikidata.org/entity/Q12105844,0
http://www.wikidata.org/entity/Q12105919,0
http://www.wikidata.org/entity/Q12106548,1
http://www.wikidata.org/entity/Q12116426,0
http://www.wikidata.org/entity/Q12116862,0
http://www.wikidata.org/entity/Q12124298,0
http://www.wikidata.org/entity/Q12135101,0
http://www.wikidata.org/entity/Q12137479,0
http://www.wikidata.org/entity/Q12141816,1
http://www.wikidata.org/entity/Q12147048,2
http://www.wikidata.org/entity/Q12150381,0
http://www.wikidata.org/entity/Q12159011,0
http://www.wikidata.org/entity/Q12161427,3
http://www.wikidata.org/entity/Q12165774,0
http://www.wikidata.org/entity/Q12170089,2
http://www.wikidata.org/entity/Q12172281,2
http://www.wikidata.org/entity/Q12538065,2
http://www.wikidata.org/entity/Q12558521,2
http://www.wikidata.org/entity/Q12578857,2
http://www.wikidata.org/entity/Q12742990,2
http://www.wikidata.org/entity/Q12767670,0
http://www.wikidata.org/entity/Q12838321,1
http://www.wikidata.org/entity/Q12848850,2
http://www.wikidata.org/entity/Q12909477,0
http://www.wikidata.org/entity/Q13027999,1
http://www.wikidata.org/entity/Q13028344,0
http://www.wikidata.org/entity/Q13028951,0
http://www.wikidata.org/entity/Q13029421,1
http://www.wikidata.org/entity/Q13030226,0
http://www.wikidata.org/entity/Q13031535,0
http://www.wikidata.org/entity/Q13032924,0
http://www.wikidata.org/entity/Q13033108,0
http://www.wikidata.org/entity/Q13033473,1
http://www.wikidata.org/entity/Q13033625,2
http://www.wikidata.org/entity/Q13052523,1
http://www.wikidata.org/entity/Q13419658,0
http://www.wikidata.org/entity/Q13522569,0
http://www.wikidata.org/entity/Q13560028,3
http://www.wikidata.org/entity/Q14475927,1
http://www.wikidata.org/entity/Q14475936,1
http://www.wikidata.org/entity/Q14510315,1
http://www.wikidata.org/entity/Q14919788,1
http://www.wikidata.org/entity/Q14919790,1
http://www.wikidata.org/entity/Q14946428,0
http://www.wikidata.org/entity/Q15060861,2
http://www.wikidata.org/entity/Q15061236,5
http://www.wikidata.org/entity/Q15062430,1
http://www.wikidata.org/entity/Q15063220,3
http://www.wikidata.org/entity/Q15063963,3
http://www.wikidata.org/entity/Q15064487,1
http://www.wikidata.org/entity/Q15064655,1
http://www.wikidata.org/entity/Q15064733,4
http://www.wikidata.org/entity/Q15064816,1
http://www.wikidata.org/entity/Q15065142,1
http://www.wikidata.org/entity/Q15065159,0
http://www.wikidata.org/entity/Q15065381,1
http://www.wikidata.org/entity/Q15065518,1
http://www.wikidata.org/entity/Q15065547,2
http://www.wikidata.org/entity/Q15065651,2
http://www.wikidata.org/entity/Q15066205,1
http://www.wikidata.org/entity/Q15066459,1
http://www.wikidata.org/entity/Q15066533,1
http://www.wikidata.org/entity/Q15066595,1
http://www.wikidata.org/entity/Q15067101,0
http://www.wikidata.org/entity/Q15067128,2
http://www.wikidata.org/entity/Q15068221,0
http://www.wikidata.org/entity/Q15068264,2
http://www.wikidata.org/entity/Q15069149,2
http://www.wikidata.org/entity/Q15069401,2
http://www.wikidata.org/entity/Q15070501,1
http://www.wikidata.org/entity/Q15070844,2
http://www.wikidata.org/entity/Q15071372,2
http://www.wikidata.org/entity/Q15071471,3
http://www.wikidata.org/entity/Q15071522,2
http://www.wikidata.org/entity/Q15071852,0
http://www.wikidata.org/entity/Q15072031,0
http://www.wikidata.org/entity/Q15073590,0
http://www.wikidata.org/entity/Q15074726,1
http://www.wikidata.org/entity/Q15074903,3
http://www.wikidata.org/entity/Q15074987,3
http://www.wikidata.org/entity/Q15075248,2
http://www.wikidata.org/entity/Q15075259,4
http://www.wikidata.org/entity/Q15075379,3
http://www.wikidata.org/entity/Q15077068,0
http://www.wikidata.org/entity/Q15077153,4
http://www.wikidata.org/entity/Q15077428,0
http://www.wikidata.org/entity/Q15077651,3
http://www.wikidata.org/entity/Q15078974,1
http://www.wikidata.org/entity/Q15079483,1
http://www.wikidata.org/entity/Q15081027,1
http://www.wikidata.org/entity/Q15088657,3
http://www.wikidata.org/entity/Q15088940,2
http://www.wikidata.org/entity/Q15135432,3
http://www.wikidata.org/entity/Q15145838,3
http://www.wikidata.org/entity/Q15147441,1
http://www.wikidata.org/entity/Q15148535,0
http://www.wikidata.org/entity/Q15149731,4
http://www.wikidata.org/entity/Q15210129,2
http://www.wikidata.org/entity/Q15401870,1
http://www.wikidata.org/entity/Q15428901,0
http://www.wikidata.org/entity/Q15430455,0
http://www.wikidata.org/entity/Q15433102,0
http://www.wikidata.org/entity/Q15434717,1
http://www.wikidata.org/entity/Q15453860,2
http://www.wikidata.org/entity/Q15455126,0
http://www.wikidata.org/entity/Q15455168,0
http://www.wikidata.org/entity/Q15455484,0
http://www.wikidata.org/entity/Q15455576,0
http://www.wikidata.org/entity/Q15455589,1
http://www.wikidata.org/entity/Q15455591,3
http://www.wikidata.org/entity/Q15455686,0
http://www.wikidata.org/entity/Q15455692,0
http://www.wikidata.org/entity/Q15455699,0
http://www.wikidata.org/entity/Q15455703,0
http://www.wikidata.org/entity/Q15455707,1
http://www.wikidata.org/entity/Q15455711,0
http://www.wikidata.org/entity/Q15455722,1
http://www.wikidata.org/entity/Q15531128,1
http://www.wikidata.org/entity/Q15720231,0
http://www.wikidata.org/entity/Q15720308,0
http://www.wikidata.org/entity/Q15782309,0
http://www.wikidata.org/entity/Q15782311,0
http://www.wikidata.org/entity/Q15804770,4
http://www.wikidata.org/entity/Q15811644,0
http://www.wikidata.org/entity/Q15825653,1
http://www.wikidata.org/entity/Q15836854,1
http://www.wikidata.org/entity/Q15841536,3
http://www.wikidata.org/entity/Q15853344,0
http://www.wikidata.org/entity/Q15953481,0
http://www.wikidata.org/entity/Q15965068,1
http://www.wikidata.org/entity/Q15978278,1
http://www.wikidata.org/entity/Q15987248,2
http://www.wikidata.org/entity/Q15995408,0
http://www.wikidata.org/entity/Q16054696,2
http://www.wikidata.org/entity/Q16062135,0
http://www.wikidata.org/entity/Q16104619,1
http://www.wikidata.org/entity/Q16105220,0
http://www.wikidata.org/entity/Q16105569,1
http://www.wikidata.org/entity/Q16186736,0
http://www.wikidata.org/entity/Q16186840,1
http://www.wikidata.org/entity/Q16216197,1
http://www.wikidata.org/entity/Q16271833,4
http://www.wikidata.org/entity/Q16272739,1
http://www.wikidata.org/entity/Q16272780,3
http://www.wikidata.org/entity/Q16273559,1
http://www.wikidata.org/entity/Q16319026,2
http://www.wikidata.org/entity/Q16335420,2
http://www.wikidata.org/entity/Q16335587,2
http://www.wikidata.org/entity/Q16351713,1
http://www.wikidata.org/entity/Q16364615,1
http://www.wikidata.org/entity/Q16373008,1
http://www.wikidata.org/entity/Q16398298,5
http://www.wikidata.org/entity/Q16404462,0
http://www.wikidata.org/entity/Q16405296,0
http://www.wikidata.org/entity/Q16407350,0
http://www.wikidata.org/entity/Q16407501,0
http://www.wikidata.org/entity/Q16432762,1
http://www.wikidata.org/entity/Q16432985,1
http://www.wikidata.org/entity/Q16477157,2
http://www.wikidata.org/entity/Q16514915,2
http://www.wikidata.org/entity/Q16514917,1
http://www.wikidata.org/entity/Q16514923,3
http://www.wikidata.org/entity/Q16514932,2
http://www.wikidata.org/entity/Q16514941,1
http://www.wikidata.org/entity/Q16514946,2
http://www.wikidata.org/entity/Q16514950,1
http://www.wikidata.org/entity/Q16514998,1
http://www.wikidata.org/entity/Q16558754,0
http://www.wikidata.org/entity/Q16605941,0
http://www.wikidata.org/entity/Q16615458,0
http://www.wikidata.org/entity/Q16627148,3
http://www.wikidata.org/entity/Q16627663,0
http://www.wikidata.org/entity/Q16628323,3
http://www.wikidata.org/entity/Q16628503,0
http://www.wikidata.org/entity/Q16636873,2
http://www.wikidata.org/entity/Q16638172,2
http://www.wikidata.org/entity/Q16654754,1
http://www.wikidata.org/entity/Q16670376,1
http://www.wikidata.org/entity/Q16670890,1
http://www.wikidata.org/entity/Q16680748,2
http://www.wikidata.org/entity/Q16684758,2
http://www.wikidata.org/entity/Q16698998,2
http://www.wikidata.org/entity/Q16708470,1
http://www.wikidata.org/entity/Q16714468,1
http://www.wikidata.org/entity/Q16718465,3
http://www.wikidata.org/entity/Q16720134,0
http://www.wikidata.org/entity/Q16723144,2
http://www.wikidata.org/entity/Q16913011,2
http://www.wikidata.org/entity/Q16913579,1
http://www.wikidata.org/entity/Q16939794,4
http://www.wikidata.org/entity/Q16942884,2
http://www.wikidata.org/entity/Q16943138,2
http://www.wikidata.org/entity/Q16980771,3
http://www.wikidata.org/entity/Q16990163,1
http://www.wikidata.org/entity/Q17043310,0
http://www.wikidata.org/entity/Q17115751,0
http://www.wikidata.org/entity/Q17248345,2
http://www.wikidata.org/entity/Q17318952,0
http://www.wikidata.org/entity/Q17386353,1
http://www.wikidata.org/entity/Q17428010,1
http://www.wikidata.org/entity/Q17489542,0
http://www.wikidata.org/entity/Q17615512,1
http://www.wikidata.org/entity/Q17617572,2
http://www.wikidata.org/entity/Q17617584,1
http://www.wikidata.org/entity/Q17619571,3
http://www.wikidata.org/entity/Q17635862,1
http://www.wikidata.org/entity/Q17648583,0
http://www.wikidata.org/entity/Q17675614,1
http://www.wikidata.org/entity/Q18015248,0
http://www.wikidata.org/entity/Q18123552,2
http://www.wikidata.org/entity/Q18166598,3
http://www.wikidata.org/entity/Q18228251,3
http://www.wikidata.org/entity/Q18235914,0
http://www.wikidata.org/entity/Q18237698,0
http://www.wikidata.org/entity/Q18238999,2
http://www.wikidata.org/entity/Q18249431,0
http://www.wikidata.org/entity/Q18277824,4
http://www.wikidata.org/entity/Q18280325,1
http://www.wikidata.org/entity/Q18330799,2
http://www.wikidata.org/entity/Q18399152,1
http://www.wikidata.org/entity/Q18399727,0
http://www.wikidata.org/entity/Q18516066,1
http://www.wikidata.org/entity/Q18518712,2
http://www.wikidata.org/entity/Q18558636,2
http://www.wikidata.org/entity/Q18559579,6
http://www.wikidata.org/entity/Q18585920,1
http://www.wikidata.org/entity/Q18594724,0
http://www.wikidata.org/entity/Q18599348,3
http://www.wikidata.org/entity/Q18600554,3
http://www.wikidata.org/entity/Q18600794,3
http://www.wikidata.org/entity/Q18603200,1
http://www.wikidata.org/entity/Q18622872,3
http://www.wikidata.org/entity/Q18634135,1
http://www.wikidata.org/entity/Q18634391,3
http://www.wikidata.org/entity/Q18644007,4
http://www.wikidata.org/entity/Q18694546,1
http://www.wikidata.org/entity/Q18698402,0
http://www.wikidata.org/entity/Q18702383,1
http://www.wikidata.org/entity/Q18705019,2
http://www.wikidata.org/entity/Q18707824,0
http://www.wikidata.org/entity/Q18740233,2
http://www.wikidata.org/entity/Q18740561,5
http://www.wikidata.org/entity/Q18740717,2
http://www.wikidata.org/entity/Q18741026,1
http://www.wikidata.org/entity/Q18786021,2
http://www.wikidata.org/entity/Q18786027,1
http://www.wikidata.org/entity/Q18786192,1
http://www.wikidata.org/entity/Q18786193,2
http://www.wikidata.org/entity/Q18786219,1
http://www.wikidata.org/entity/Q18958956,3
http://www.wikidata.org/entity/Q18970068,2
http://www.wikidata.org/entity/Q19297309,0
http://www.wikidata.org/entity/Q19360105,3
http://www.wikidata.org/entity/Q19502056,2
http://www.wikidata.org/entity/Q19502366,0
http://www.wikidata.org/entity/Q19502428,3
http://www.wikidata.org/entity/Q19513859,1
http://www.wikidata.org/entity/Q19614385,2
http://www.wikidata.org/entity/Q19614397,0
http://www.wikidata.org/entity/Q19618365,1
http://www.wikidata.org/entity/Q19618938,2
http://www.wikidata.org/entity/Q19665878,1
http://www.wikidata.org/entity/Q19692597,2
http://www.wikidata.org/entity/Q19772418,0
http://www.wikidata.org/entity/Q19876444,0
http://www.wikidata.org/entity/Q19904496,0
http://www.wikidata.org/entity/Q19907804,0
http://www.wikidata.org/entity/Q19909279,1
http://www.wikidata.org/entity/Q19909866,2
http://www.wikidata.org/entity/Q19915423,1
http://www.wikidata.org/entity/Q19948561,1
http://www.wikidata.org/entity/Q20021035,0
http://www.wikidata.org/entity/Q20049300,1
http://www.wikidata.org/entity/Q20051206,0
http://www.wikidata.org/entity/Q20054230,1
http://www.wikidata.org/entity/Q20116347,8
http://www.wikidata.org/entity/Q20483198,1
http://www.wikidata.org/entity/Q20502079,4
http://www.wikidata.org/entity/Q20509396,0
http://www.wikidata.org/entity/Q20509711,0
http://www.wikidata.org/entity/Q20510215,0
http://www.wikidata.org/entity/Q20512442,4
http://www.wikidata.org/entity/Q20528599,0
http://www.wikidata.org/entity/Q20556588,2
http://www.wikidata.org/entity/Q20557904,0
http://www.wikidata.org/entity/Q20650933,0
http://www.wikidata.org/entity/Q20670431,2
http://www.wikidata.org/entity/Q20739510,1
http://www.wikidata.org/entity/Q20971297,1
http://www.wikidata.org/entity/Q20982631,1
http://www.wikidata.org/entity/Q21007429,0
http://www.wikidata.org/entity/Q21043403,0
http://www.wikidata.org/entity/Q21055959,0
http://www.wikidata.org/entity/Q21074664,1
http://www.wikidata.org/entity/Q21088360,2
http://www.wikidata.org/entity/Q21088533,2
http://www.wikidata.org/entity/Q21088637,2
http://www.wikidata.org/entity/Q21092009,2
http://www.wikidata.org/entity/Q21092036,3
http://www.wikidata.org/entity/Q21094086,0
http://www.wikidata.org/entity/Q21096533,1
http://www.wikidata.org/entity/Q21099263,2
http://www.wikidata.org/entity/Q21107332,1
http://www.wikidata.org/entity/Q21107859,2
http://www.wikidata.org/entity/Q21108759,1
http://www.wikidata.org/entity/Q21132815,1
http://www.wikidata.org/entity/Q21133577,3
http://www.wikidata.org/entity/Q21140479,2
http://www.wikidata.org/entity/Q21146572,5
http://www.wikidata.org/entity/Q21152579,2
http://www.wikidata.org/entity/Q21153874,1
http://www.wikidata.org/entity/Q21183529,0
http://www.wikidata.org/entity/Q21499688,2
http://www.wikidata.org/entity/Q21517543,1
http://www.wikidata.org/entity/Q21531568,1
http://www.wikidata.org/entity/Q21558969,2
http://www.wikidata.org/entity/Q21644165,5
http://www.wikidata.org/entity/Q21645733,2
http://www.wikidata.org/entity/Q21665577,0
http://www.wikidata.org/entity/Q21694206,1
http://www.wikidata.org/entity/Q21694210,1
http://www.wikidata.org/entity/Q21694278,1
http://www.wikidata.org/entity/Q21707069,2
http://www.wikidata.org/entity/Q21989855,1
http://www.wikidata.org/entity/Q22068516,0
http://www.wikidata.org/entity/Q22133523,4
http://www.wikidata.org/entity/Q22328352,1
http://www.wikidata.org/entity/Q22918477,3
http://www.wikidata.org/entity/Q22919243,1
http://www.wikidata.org/entity/Q23011492,4
http://www.wikidata.org/entity/Q23048268,1
http://www.wikidata.org/entity/Q23048274,1
http://www.wikidata.org/entity/Q23048512,3
http://www.wikidata.org/entity/Q23048566,3
http://www.wikidata.org/entity/Q23055399,4
http://www.wikidata.org/entity/Q23055407,1
http://www.wikidata.org/entity/Q23061981,0
http://www.wikidata.org/entity/Q23062006,0
http://www.wikidata.org/entity/Q23072478,5
http://www.wikidata.org/entity/Q23072504,1
http://www.wikidata.org/entity/Q23072507,2
http://www.wikidata.org/entity/Q23087474,2
http://www.wikidata.org/entity/Q23091231,1
http://www.wikidata.org/entity/Q23197235,1
http://www.wikidata.org/entity/Q23197269,1
http://www.wikidata.org/entity/Q23303891,2
http://www.wikidata.org/entity/Q23308569,1
http://www.wikidata.org/entity/Q23308580,1
http://www.wikidata.org/entity/Q23308606,1
http://www.wikidata.org/entity/Q23370710,1
http://www.wikidata.org/entity/Q23371111,1
http://www.wikidata.org/entity/Q23371371,6
http://www.wikidata.org/entity/Q23371742,3
http://www.wikidata.org/entity/Q23397669,3
http://www.wikidata.org/entity/Q23449308,1
http://www.wikidata.org/entity/Q23645127,1
http://www.wikidata.org/entity/Q23645136,3
http://www.wikidata.org/entity/Q23645153,1
http://www.wikidata.org/entity/Q23652673,2
http://www.wikidata.org/entity/Q23652715,1
http://www.wikidata.org/entity/Q23652725,1
http://www.wikidata.org/entity/Q23655252,2
http://www.wikidata.org/entity/Q23655260,1
http://www.wikidata.org/entity/Q23655951,1
http://www.wikidata.org/entity/Q23656123,1
http://www.wikidata.org/entity/Q23656524,3
http://www.wikidata.org/entity/Q23656563,1
http://www.wikidata.org/entity/Q23656601,1
http://www.wikidata.org/entity/Q23656695,1
http://www.wikidata.org/entity/Q23656701,3
http://www.wikidata.org/entity/Q23667511,1
http://www.wikidata.org/entity/Q23816386,3
http://www.wikidata.org/entity/Q23893862,1
http://www.wikidata.org/entity/Q23901509,1
http://www.wikidata.org/entity/Q23907775,2
http://www.wikidata.org/entity/Q24010007,1
http://www.wikidata.org/entity/Q24010753,2
http://www.wikidata.org/entity/Q24025536,3
http://www.wikidata.org/entity/Q24350571,2
http://www.wikidata.org/entity/Q24351053,2
http://www.wikidata.org/entity/Q24351214,3
http://www.wikidata.org/entity/Q24352829,1
http://www.wikidata.org/entity/Q24469781,0
http://www.wikidata.org/entity/Q24619942,1
http://www.wikidata.org/entity/Q24924630,1
http://www.wikidata.org/entity/Q24938138,1
http://www.wikidata.org/entity/Q25149011,2
http://www.wikidata.org/entity/Q25155450,0
http://www.wikidata.org/entity/Q25252732,0
http://www.wikidata.org/entity/Q25270489,1
http://www.wikidata.org/entity/Q25396281,2
http://www.wikidata.org/entity/Q25396295,2
http://www.wikidata.org/entity/Q25927623,0
http://www.wikidata.org/entity/Q25999578,0
http://www.wikidata.org/entity/Q26218420,1
http://www.wikidata.org/entity/Q26243811,5
http://www.wikidata.org/entity/Q26255387,3
http://www.wikidata.org/entity/Q26255995,0
http://www.wikidata.org/entity/Q26295712,2
http://www.wikidata.org/entity/Q26700523,0
http://www.wikidata.org/entity/Q26769547,1
http://www.wikidata.org/entity/Q26776798,5
http://www.wikidata.org/entity/Q26776859,1
http://www.wikidata.org/entity/Q27196176,1
http://www.wikidata.org/entity/Q27831894,1
http://www.wikidata.org/entity/Q27863607,6
http://www.wikidata.org/entity/Q27889034,4
http://www.wikidata.org/entity/Q28057310,1
http://www.wikidata.org/entity/Q28061727,0
http://www.wikidata.org/entity/Q28070707,1
http://www.wikidata.org/entity/Q28086206,2
http://www.wikidata.org/entity/Q28086612,2
http://www.wikidata.org/entity/Q28123127,1
http://www.wikidata.org/entity/Q28152056,1
http://www.wikidata.org/entity/Q28354800,3
http://www.wikidata.org/entity/Q28354928,1
http://www.wikidata.org/entity/Q28355080,1
http://www.wikidata.org/entity/Q28355333,1
http://www.wikidata.org/entity/Q28357568,1
http://www.wikidata.org/entity/Q28359237,1
http://www.wikidata.org/entity/Q28359392,2
http://www.wikidata.org/entity/Q28359975,1
http://www.wikidata.org/entity/Q28474458,2
http://www.wikidata.org/entity/Q28498779,2
http://www.wikidata.org/entity/Q28500497,3
http://www.wikidata.org/entity/Q28500856,2
http://www.wikidata.org/entity/Q28595284,2
http://www.wikidata.org/entity/Q28665010,0
http://www.wikidata.org/entity/Q28722428,1
http://www.wikidata.org/entity/Q28826292,0
http://www.wikidata.org/entity/Q28842694,1
http://www.wikidata.org/entity/Q29054042,0
http://www.wikidata.org/entity/Q29359175,1
http://www.wikidata.org/entity/Q29359560,1
http://www.wikidata.org/entity/Q29359770,1
http://www.wikidata.org/entity/Q29359781,0
http://www.wikidata.org/entity/Q29367068,1
http://www.wikidata.org/entity/Q29368495,1
http://www.wikidata.org/entity/Q29368505,2
http://www.wikidata.org/entity/Q29882454,1
http://www.wikidata.org/entity/Q29913252,0
http://www.wikidata.org/entity/Q30016634,1
http://www.wikidata.org/entity/Q30069808,0
http://www.wikidata.org/entity/Q30155820,0
http://www.wikidata.org/entity/Q30345007,1
http://www.wikidata.org/entity/Q30345638,1
http://www.wikidata.org/entity/Q30345700,0
http://www.wikidata.org/entity/Q30346333,2
http://www.wikidata.org/entity/Q30346362,3
http://www.wikidata.org/entity/Q30557498,0
http://www.wikidata.org/entity/Q30879450,0
http://www.wikidata.org/entity/Q30879532,0
http://www.wikidata.org/entity/Q30880436,1
http://www.wikidata.org/entity/Q30880506,1
http://www.wikidata.org/entity/Q30880578,1
http://www.wikidata.org/entity/Q30895429,0
http://www.wikidata.org/entity/Q31299743,0
http://www.wikidata.org/entity/Q32362161,1
http://www.wikidata.org/entity/Q34045627,0
http://www.wikidata.org/entity/Q35232621,1
http://www.wikidata.org/entity/Q35265630,1
http://www.wikidata.org/entity/Q38123827,0
http://www.wikidata.org/entity/Q38692969,1
http://www.wikidata.org/entity/Q39040082,1
http://www.wikidata.org/entity/Q39389496,0
http://www.wikidata.org/entity/Q39390342,0
http://www.wikidata.org/entity/Q39390940,0
http://www.wikidata.org/entity/Q39391272,0
http://www.wikidata.org/entity/Q41199846,0
http://www.wikidata.org/entity/Q41201559,1
http://www.wikidata.org/entity/Q41573736,2
http://www.wikidata.org/entity/Q41573748,0
http://www.wikidata.org/entity/Q41633222,2
http://www.wikidata.org/entity/Q43426448,2
http://www.wikidata.org/entity/Q43427114,1
http://www.wikidata.org/entity/Q43784993,0
http://www.wikidata.org/entity/Q44155895,0
http://www.wikidata.org/entity/Q47452935,2
http://www.wikidata.org/entity/Q47457007,1
http://www.wikidata.org/entity/Q48034422,1
http://www.wikidata.org/entity/Q48473406,0
http://www.wikidata.org/entity/Q48513864,0
http://www.wikidata.org/entity/Q48954194,3
http://www.wikidata.org/entity/Q50380534,5
http://www.wikidata.org/entity/Q51621229,0
http://www.wikidata.org/entity/Q51725303,0
http://www.wikidata.org/entity/Q51733893,0
http://www.wikidata.org/entity/Q51940329,0
http://www.wikidata.org/entity/Q51954788,0
http://www.wikidata.org/entity/Q52002103,0
http://www.wikidata.org/entity/Q52015163,9
http://www.wikidata.org/entity/Q53255457,0
http://www.wikidata.org/entity/Q53848600,3
http://www.wikidata.org/entity/Q53861721,1
http://www.wikidata.org/entity/Q53864955,0
http://www.wikidata.org/entity/Q53914996,1
http://www.wikidata.org/entity/Q53923719,1
http://www.wikidata.org/entity/Q53973613,1
http://www.wikidata.org/entity/Q53977158,1
http://www.wikidata.org/entity/Q54007455,1
http://www.wikidata.org/entity/Q54086508,0
http://www.wikidata.org/entity/Q54141962,1
http://www.wikidata.org/entity/Q54197340,2
http://www.wikidata.org/entity/Q54493525,0
http://www.wikidata.org/entity/Q54494576,0
http://www.wikidata.org/entity/Q54878610,1
http://www.wikidata.org/entity/Q54935618,1
http://www.wikidata.org/entity/Q55102022,0
http://www.wikidata.org/entity/Q55102221,0
http://www.wikidata.org/entity/Q55102258,1
http://www.wikidata.org/entity/Q55104048,0
http://www.wikidata.org/entity/Q55104107,0
http://www.wikidata.org/entity/Q55104689,1
http://www.wikidata.org/entity/Q55104695,1
http://www.wikidata.org/entity/Q55107544,0
http://www.wikidata.org/entity/Q55108436,0
http://www.wikidata.org/entity/Q55197060,0
http://www.wikidata.org/entity/Q55264828,0
http://www.wikidata.org/entity/Q55650462,0
http://www.wikidata.org/entity/Q55813744,0
http://www.wikidata.org/entity/Q56042906,0
http://www.wikidata.org/entity/Q56090451,1
http://www.wikidata.org/entity/Q56090483,0
http://www.wikidata.org/entity/Q56096257,0
http://www.wikidata.org/entity/Q56186777,0
http://www.wikidata.org/entity/Q56226056,5
http://www.wikidata.org/entity/Q56308813,0
http://www.wikidata.org/entity/Q56611710,0
http://www.wikidata.org/entity/Q56640538,0
http://www.wikidata.org/entity/Q56651811,1
http://www.wikidata.org/entity/Q57573358,1
http://www.wikidata.org/entity/Q57585098,0
http://www.wikidata.org/entity/Q58485162,0
http://www.wikidata.org/entity/Q58887555,1
http://www.wikidata.org/entity/Q58917831,1
http://www.wikidata.org/entity/Q59304324,1
http://www.wikidata.org/entity/Q60029619,1
http://www.wikidata.org/entity/Q60826728,0
http://www.wikidata.org/entity/Q60826934,0
http://www.wikidata.org/entity/Q60828620,0
http://www.wikidata.org/entity/Q60829960,0
http://www.wikidata.org/entity/Q60831159,0
http://www.wikidata.org/entity/Q60831168,0
http://www.wikidata.org/entity/Q60832156,1
http://www.wikidata.org/entity/Q61043859,2
http://www.wikidata.org/entity/Q61134210,0
http://www.wikidata.org/entity/Q61137048,1
http://www.wikidata.org/entity/Q61636491,1
http://www.wikidata.org/entity/Q61650424,0
http://www.wikidata.org/entity/Q62082009,2
http://www.wikidata.org/entity/Q62121815,0
http://www.wikidata.org/entity/Q62201199,0
http://www.wikidata.org/entity/Q62439362,0
http://www.wikidata.org/entity/Q62570454,1
http://www.wikidata.org/entity/Q62631357,0
http://www.wikidata.org/entity/Q63226220,2
http://www.wikidata.org/entity/Q63442078,0
http://www.wikidata.org/entity/Q63808847,5
http://www.wikidata.org/entity/Q63847124,1
http://www.wikidata.org/entity/Q63877376,0
http://www.wikidata.org/entity/Q63981550,0
http://www.wikidata.org/entity/Q63981572,0
http://www.wikidata.org/entity/Q63981600,0
http://www.wikidata.org/entity/Q64005353,1
http://www.wikidata.org/entity/Q64027170,0
http://www.wikidata.org/entity/Q64438316,1
http://www.wikidata.org/entity/Q64447664,3
http://www.wikidata.org/entity/Q64590556,2
http://www.wikidata.org/entity/Q65031716,1
http://www.wikidata.org/entity/Q65032118,0
http://www.wikidata.org/entity/Q65124250,0
http://www.wikidata.org/entity/Q65128830,1
http://www.wikidata.org/entity/Q65146582,0
http://www.wikidata.org/entity/Q65683852,0
http://www.wikidata.org/entity/Q65966713,5
http://www.wikidata.org/entity/Q66011519,0
http://www.wikidata.org/entity/Q66382788,0
http://www.wikidata.org/entity/Q67362420,0
http://www.wikidata.org/entity/Q69997210,0
http://www.wikidata.org/entity/Q71869813,0
http://www.wikidata.org/entity/Q72044108,1
http://www.wikidata.org/entity/Q74994532,0
http://www.wikidata.org/entity/Q76830408,0
http://www.wikidata.org/entity/Q76903023,0
http://www.wikidata.org/entity/Q77264457,0
http://www.wikidata.org/entity/Q77420754,0
http://www.wikidata.org/entity/Q78155087,1
http://www.wikidata.org/entity/Q78441947,0
http://www.wikidata.org/entity/Q83366359,0
http://www.wikidata.org/entity/Q84492940,2
http://www.wikidata.org/entity/Q84719798,0
http://www.wikidata.org/entity/Q84720494,0
http://www.wikidata.org/entity/Q84725482,0
http://www.wikidata.org/entity/Q85988048,0
http://www.wikidata.org/entity/Q86094808,0
http://www.wikidata.org/entity/Q87130553,0
http://www.wikidata.org/entity/Q88422122,0
http://www.wikidata.org/entity/Q88965320,1
http://www.wikidata.org/entity/Q89310680,0
http://www.wikidata.org/entity/Q89423552,2
http://www.wikidata.org/entity/Q89575461,0
http://www.wikidata.org/entity/Q90159037,0
http://www.wikidata.org/entity/Q90415477,0
http://www.wikidata.org/entity/Q90647378,0
http://www.wikidata.org/entity/Q90986181,0
http://www.wikidata.org/entity/Q91110009,0
http://www.wikidata.org/entity/Q91786911,0
http://www.wikidata.org/entity/Q92090193,0
http://www.wikidata.org/entity/Q93318522,3
http://www.wikidata.org/entity/Q93593591,0
http://www.wikidata.org/entity/Q93887868,0
http://www.wikidata.org/entity/Q96106491,0
http://www.wikidata.org/entity/Q98000326,0
http://www.wikidata.org/entity/Q99669030,0
http://www.wikidata.org/entity/Q99938299,0
http://www.wikidata.org/entity/Q100159848,2
http://www.wikidata.org/entity/Q100934959,1
http://www.wikidata.org/entity/Q101216744,0
http://www.wikidata.org/entity/Q102037994,0
http://www.wikidata.org/entity/Q102116312,0
http://www.wikidata.org/entity/Q102118418,0
http://www.wikidata.org/entity/Q102118832,0
http://www.wikidata.org/entity/Q102119110,0
http://www.wikidata.org/entity/Q102119812,0
http://www.wikidata.org/entity/Q102120937,0
http://www.wikidata.org/entity/Q102121797,0
http://www.wikidata.org/entity/Q102122713,0
http://www.wikidata.org/entity/Q102123337,0
http://www.wikidata.org/entity/Q102124549,0
http://www.wikidata.org/entity/Q102131645,0
http://www.wikidata.org/entity/Q102171397,0
http://www.wikidata.org/entity/Q102173404,0
http://www.wikidata.org/entity/Q102173938,0
http://www.wikidata.org/entity/Q102174129,0
http://www.wikidata.org/entity/Q102180012,0
http://www.wikidata.org/entity/Q102196245,0
http://www.wikidata.org/entity/Q102197637,0
http://www.wikidata.org/entity/Q102197640,0
http://www.wikidata.org/entity/Q102197641,0
http://www.wikidata.org/entity/Q102197642,0
http://www.wikidata.org/entity/Q102197643,0
http://www.wikidata.org/entity/Q102197644,0
http://www.wikidata.org/entity/Q102197645,0
http://www.wikidata.org/entity/Q102197646,0
http://www.wikidata.org/entity/Q102197647,0
http://www.wikidata.org/entity/Q102197648,0
http://www.wikidata.org/entity/Q102197651,0
http://www.wikidata.org/entity/Q102197653,0
http://www.wikidata.org/entity/Q102197654,0
http://www.wikidata.org/entity/Q102197655,0
http://www.wikidata.org/entity/Q102197656,0
http://www.wikidata.org/entity/Q102197657,0
http://www.wikidata.org/entity/Q102197658,0
http://www.wikidata.org/entity/Q102197659,0
http://www.wikidata.org/entity/Q102197660,0
http://www.wikidata.org/entity/Q102197662,0
http://www.wikidata.org/entity/Q102197663,0
http://www.wikidata.org/entity/Q102197664,0
http://www.wikidata.org/entity/Q102197665,0
http://www.wikidata.org/entity/Q102197666,0
http://www.wikidata.org/entity/Q102197669,0
http://www.wikidata.org/entity/Q102197670,0
http://www.wikidata.org/entity/Q102197671,0
http://www.wikidata.org/entity/Q102197672,0
http://www.wikidata.org/entity/Q102197674,0
http://www.wikidata.org/entity/Q102197676,0
http://www.wikidata.org/entity/Q102197677,0
http://www.wikidata.org/entity/Q102197678,0
http://www.wikidata.org/entity/Q102197679,0
http://www.wikidata.org/entity/Q102197680,0
http://www.wikidata.org/entity/Q102197681,0
http://www.wikidata.org/entity/Q102197682,0
http://www.wikidata.org/entity/Q102197683,0
http://www.wikidata.org/entity/Q102197684,0
http://www.wikidata.org/entity/Q102197685,0
http://www.wikidata.org/entity/Q102197686,0
http://www.wikidata.org/entity/Q102205561,0
http://www.wikidata.org/entity/Q102213345,0
http://www.wikidata.org/entity/Q102213348,0
http://www.wikidata.org/entity/Q102213352,0
http://www.wikidata.org/entity/Q102213355,0
http://www.wikidata.org/entity/Q102213358,0
http://www.wikidata.org/entity/Q102213361,0
http://www.wikidata.org/entity/Q102213363,0
http://www.wikidata.org/entity/Q102213367,0
http://www.wikidata.org/entity/Q102213370,0
http://www.wikidata.org/entity/Q102213374,0
http://www.wikidata.org/entity/Q102213377,0
http://www.wikidata.org/entity/Q102213381,0
http://www.wikidata.org/entity/Q102213388,0
http://www.wikidata.org/entity/Q102213391,0
http://www.wikidata.org/entity/Q102213394,0
http://www.wikidata.org/entity/Q102213397,0
http://www.wikidata.org/entity/Q102213400,0
http://www.wikidata.org/entity/Q102213405,0
http://www.wikidata.org/entity/Q102213407,0
http://www.wikidata.org/entity/Q102213412,0
http://www.wikidata.org/entity/Q102213415,0
http://www.wikidata.org/entity/Q102213418,0
http://www.wikidata.org/entity/Q102219385,0
http://www.wikidata.org/entity/Q102232903,0
http://www.wikidata.org/entity/Q102232951,0
http://www.wikidata.org/entity/Q102232952,0
http://www.wikidata.org/entity/Q102233701,0
http://www.wikidata.org/entity/Q102233741,0
http://www.wikidata.org/entity/Q102233742,0
http://www.wikidata.org/entity/Q102233898,0
http://www.wikidata.org/entity/Q102235498,0
http://www.wikidata.org/entity/Q102237158,0
http://www.wikidata.org/entity/Q102237159,0
http://www.wikidata.org/entity/Q102237160,0
http://www.wikidata.org/entity/Q102237166,0
http://www.wikidata.org/entity/Q102237167,0
http://www.wikidata.org/entity/Q102237168,0
http://www.wikidata.org/entity/Q102237169,0
http://www.wikidata.org/entity/Q102237170,0
http://www.wikidata.org/entity/Q102237172,0
http://www.wikidata.org/entity/Q102237173,0
http://www.wikidata.org/entity/Q102237174,0
http://www.wikidata.org/entity/Q102237175,0
http://www.wikidata.org/entity/Q102237177,0
http://www.wikidata.org/entity/Q102241213,0
http://www.wikidata.org/entity/Q102241214,0
http://www.wikidata.org/entity/Q102243392,0
http://www.wikidata.org/entity/Q102258073,0
http://www.wikidata.org/entity/Q102258355,0
http://www.wikidata.org/entity/Q102262540,0
http://www.wikidata.org/entity/Q102263096,0
http://www.wikidata.org/entity/Q102266727,0
http://www.wikidata.org/entity/Q102266734,0
http://www.wikidata.org/entity/Q102266950,1
http://www.wikidata.org/entity/Q102266952,0
http://www.wikidata.org/entity/Q102266953,0
http://www.wikidata.org/entity/Q102266954,0
http://www.wikidata.org/entity/Q102266956,0
http://www.wikidata.org/entity/Q102266957,0
http://www.wikidata.org/entity/Q102266958,0
http://www.wikidata.org/entity/Q102267202,0
http://www.wikidata.org/entity/Q102268348,0
http://www.wikidata.org/entity/Q102268349,0
http://www.wikidata.org/entity/Q102271512,0
http://www.wikidata.org/entity/Q102272734,0
http://www.wikidata.org/entity/Q102273393,0
http://www.wikidata.org/entity/Q102274053,0
http://www.wikidata.org/entity/Q102274695,3
http://www.wikidata.org/entity/Q102274697,0
http://www.wikidata.org/entity/Q102276938,0
http://www.wikidata.org/entity/Q102276945,0
http://www.wikidata.org/entity/Q102278319,0
http://www.wikidata.org/entity/Q102278322,0
http://www.wikidata.org/entity/Q102278324,0
http://www.wikidata.org/entity/Q102278347,0
http://www.wikidata.org/entity/Q102278350,0
http://www.wikidata.org/entity/Q102278351,0
http://www.wikidata.org/entity/Q102280222,0
http://www.wikidata.org/entity/Q102282438,0
http://www.wikidata.org/entity/Q102284180,0
http://www.wikidata.org/entity/Q102286510,0
http://www.wikidata.org/entity/Q102289284,0
http://www.wikidata.org/entity/Q102290080,0
http://www.wikidata.org/entity/Q102290099,0
http://www.wikidata.org/entity/Q102290102,0
http://www.wikidata.org/entity/Q102290105,0
http://www.wikidata.org/entity/Q102290109,0
http://www.wikidata.org/entity/Q102290967,0
http://www.wikidata.org/entity/Q102291096,0
http://www.wikidata.org/entity/Q102291848,0
http://www.wikidata.org/entity/Q102293224,0
http://www.wikidata.org/entity/Q102293227,0
http://www.wikidata.org/entity/Q102293547,0
http://www.wikidata.org/entity/Q102302846,0
http://www.wikidata.org/entity/Q102302847,0
http://www.wikidata.org/entity/Q102302967,0
http://www.wikidata.org/entity/Q102302970,0
http://www.wikidata.org/entity/Q102304623,0
http://www.wikidata.org/entity/Q102305787,0
http://www.wikidata.org/entity/Q102306669,0
http://www.wikidata.org/entity/Q102306671,0
http://www.wikidata.org/entity/Q102306681,0
http://www.wikidata.org/entity/Q102306816,0
http://www.wikidata.org/entity/Q102310035,0
http://www.wikidata.org/entity/Q102310375,0
http://www.wikidata.org/entity/Q102312235,0
http://www.wikidata.org/entity/Q102312286,0
http://www.wikidata.org/entity/Q102314324,0
http://www.wikidata.org/entity/Q102314325,0
http://www.wikidata.org/entity/Q102315538,0
http://www.wikidata.org/entity/Q102321430,0
http://www.wikidata.org/entity/Q102331683,0
http://www.wikidata.org/entity/Q102334360,0
http://www.wikidata.org/entity/Q102334363,0
http://www.wikidata.org/entity/Q102334365,0
http://www.wikidata.org/entity/Q102337358,0
http://www.wikidata.org/entity/Q102338845,0
http://www.wikidata.org/entity/Q102338846,0
http://www.wikidata.org/entity/Q102340367,0
http://www.wikidata.org/entity/Q102340646,0
http://www.wikidata.org/entity/Q102340683,0
http://www.wikidata.org/entity/Q102340684,0
http://www.wikidata.org/entity/Q102340685,0
http://www.wikidata.org/entity/Q102340688,0
http://www.wikidata.org/entity/Q102340690,0
http://www.wikidata.org/entity/Q102340692,0
http://www.wikidata.org/entity/Q102340693,0
http://www.wikidata.org/entity/Q102340697,0
http://www.wikidata.org/entity/Q102340702,0
http://www.wikidata.org/entity/Q102340708,0
http://www.wikidata.org/entity/Q102341272,0
http://www.wikidata.org/entity/Q102341273,0
http://www.wikidata.org/entity/Q102341274,0
http://www.wikidata.org/entity/Q102341275,0
http://www.wikidata.org/entity/Q102341276,0
http://www.wikidata.org/entity/Q102341277,0
http://www.wikidata.org/entity/Q102343829,0
http://www.wikidata.org/entity/Q102344038,0
http://www.wikidata.org/entity/Q102344068,0
http://www.wikidata.org/entity/Q102344069,0
http://www.wikidata.org/entity/Q102344070,0
http://www.wikidata.org/entity/Q102344071,0
http://www.wikidata.org/entity/Q102344072,0
http://www.wikidata.org/entity/Q102344374,0
http://www.wikidata.org/entity/Q102344740,0
http://www.wikidata.org/entity/Q102344743,0
http://www.wikidata.org/entity/Q102344746,0
http://www.wikidata.org/entity/Q102344749,0
http://www.wikidata.org/entity/Q102344753,0
http://www.wikidata.org/entity/Q102344759,0
http://www.wikidata.org/entity/Q102345396,0
http://www.wikidata.org/entity/Q102345545,0
http://www.wikidata.org/entity/Q102345875,0
http://www.wikidata.org/entity/Q102345909,0
http://www.wikidata.org/entity/Q102345910,0
http://www.wikidata.org/entity/Q102345911,0
http://www.wikidata.org/entity/Q102345913,0
http://www.wikidata.org/entity/Q102349104,0
http://www.wikidata.org/entity/Q102350234,0
http://www.wikidata.org/entity/Q102350736,0
http://www.wikidata.org/entity/Q102350737,0
http://www.wikidata.org/entity/Q102350746,0
http://www.wikidata.org/entity/Q102350892,0
http://www.wikidata.org/entity/Q102350909,0
http://www.wikidata.org/entity/Q102353900,0
http://www.wikidata.org/entity/Q102353901,0
http://www.wikidata.org/entity/Q102354270,0
http://www.wikidata.org/entity/Q102354642,0
http://www.wikidata.org/entity/Q102354643,0
http://www.wikidata.org/entity/Q102354644,0
http://www.wikidata.org/entity/Q102354672,0
http://www.wikidata.org/entity/Q102356208,0
http://www.wikidata.org/entity/Q102356618,0
http://www.wikidata.org/entity/Q102356641,0
http://www.wikidata.org/entity/Q102356642,0
http://www.wikidata.org/entity/Q102356643,0
http://www.wikidata.org/entity/Q102356644,0
http://www.wikidata.org/entity/Q102356645,0
http://www.wikidata.org/entity/Q102356696,0
http://www.wikidata.org/entity/Q102359187,0
http://www.wikidata.org/entity/Q102363297,0
http://www.wikidata.org/entity/Q102365139,0
http://www.wikidata.org/entity/Q102365158,0
http://www.wikidata.org/entity/Q102365159,0
http://www.wikidata.org/entity/Q102365240,0
http://www.wikidata.org/entity/Q102365242,0
http://www.wikidata.org/entity/Q102365283,0
http://www.wikidata.org/entity/Q102365354,0
http://www.wikidata.org/entity/Q102365565,0
http://www.wikidata.org/entity/Q102365585,0
http://www.wikidata.org/entity/Q102366323,0
http://www.wikidata.org/entity/Q102366654,0
http://www.wikidata.org/entity/Q102366889,0
http://www.wikidata.org/entity/Q102366890,0
http://www.wikidata.org/entity/Q102367084,0
http://www.wikidata.org/entity/Q102367859,0
http://www.wikidata.org/entity/Q102375489,0
http://www.wikidata.org/entity/Q102375494,0
http://www.wikidata.org/entity/Q102375656,0
http://www.wikidata.org/entity/Q102376246,0
http://www.wikidata.org/entity/Q102383194,0
http://www.wikidata.org/entity/Q102386205,0
http://www.wikidata.org/entity/Q102391133,0
http://www.wikidata.org/entity/Q102391304,0
http://www.wikidata.org/entity/Q102391305,0
http://www.wikidata.org/entity/Q102391383,0
http://www.wikidata.org/entity/Q102391394,0
http://www.wikidata.org/entity/Q102395134,0
http://www.wikidata.org/entity/Q102395138,0
http://www.wikidata.org/entity/Q102396219,0
http://www.wikidata.org/entity/Q102396222,0
http://www.wikidata.org/entity/Q102396717,0
http://www.wikidata.org/entity/Q102396849,0
http://www.wikidata.org/entity/Q102396851,1
http://www.wikidata.org/entity/Q102396852,0
http://www.wikidata.org/entity/Q102396853,0
http://www.wikidata.org/entity/Q102396917,0
http://www.wikidata.org/entity/Q102396919,0
http://www.wikidata.org/entity/Q102396920,0
http://www.wikidata.org/entity/Q102396922,0
http://www.wikidata.org/entity/Q102396923,0
http://www.wikidata.org/entity/Q102396924,0
http://www.wikidata.org/entity/Q102396925,0
http://www.wikidata.org/entity/Q102396926,0
http://www.wikidata.org/entity/Q102396927,0
http://www.wikidata.org/entity/Q102396928,0
http://www.wikidata.org/entity/Q102396929,0
http://www.wikidata.org/entity/Q102396930,0
http://www.wikidata.org/entity/Q102397027,0
http://www.wikidata.org/entity/Q102399447,0
http://www.wikidata.org/entity/Q102399478,0
http://www.wikidata.org/entity/Q102399654,0
http://www.wikidata.org/entity/Q102399724,0
http://www.wikidata.org/entity/Q102399726,0
http://www.wikidata.org/entity/Q102400192,0
http://www.wikidata.org/entity/Q102400193,0
http://www.wikidata.org/entity/Q102400197,0
http://www.wikidata.org/entity/Q102401182,2
http://www.wikidata.org/entity/Q102401183,0
http://www.wikidata.org/entity/Q102401184,0
http://www.wikidata.org/entity/Q102401186,0
http://www.wikidata.org/entity/Q102401187,0
http://www.wikidata.org/entity/Q102401188,0
http://www.wikidata.org/entity/Q102401189,0
http://www.wikidata.org/entity/Q102401190,0
http://www.wikidata.org/entity/Q102401191,0
http://www.wikidata.org/entity/Q102401193,0
http://www.wikidata.org/entity/Q102403297,0
http://www.wikidata.org/entity/Q102404567,0
http://www.wikidata.org/entity/Q102405608,0
http://www.wikidata.org/entity/Q102405913,0
http://www.wikidata.org/entity/Q102405996,0
http://www.wikidata.org/entity/Q102405998,0
http://www.wikidata.org/entity/Q102406002,0
http://www.wikidata.org/entity/Q102406003,0
http://www.wikidata.org/entity/Q102406007,0
http://www.wikidata.org/entity/Q102406008,0
http://www.wikidata.org/entity/Q102406009,0
http://www.wikidata.org/entity/Q102406011,0
http://www.wikidata.org/entity/Q102406012,0
http://www.wikidata.org/entity/Q102406013,0
http://www.wikidata.org/entity/Q102406015,0
http://www.wikidata.org/entity/Q102406016,0
http://www.wikidata.org/entity/Q102406017,0
http://www.wikidata.org/entity/Q102406018,0
http://www.wikidata.org/entity/Q102406019,0
http://www.wikidata.org/entity/Q102406022,0
http://www.wikidata.org/entity/Q102406024,0
http://www.wikidata.org/entity/Q102406026,0
http://www.wikidata.org/entity/Q102406027,0
http://www.wikidata.org/entity/Q102406028,0
http://www.wikidata.org/entity/Q102406754,0
http://www.wikidata.org/entity/Q102406755,0
http://www.wikidata.org/entity/Q102406758,0
http://www.wikidata.org/entity/Q102406759,0
http://www.wikidata.org/entity/Q102406841,0
http://www.wikidata.org/entity/Q102408006,0
http://www.wikidata.org/entity/Q102408059,0
http://www.wikidata.org/entity/Q102412940,0
http://www.wikidata.org/entity/Q102414132,0
http://www.wikidata.org/entity/Q102414922,0
http://www.wikidata.org/entity/Q102416241,0
http://www.wikidata.org/entity/Q102416625,0
http://www.wikidata.org/entity/Q102416646,0
http://www.wikidata.org/entity/Q102416647,0
http://www.wikidata.org/entity/Q102422109,0
http://www.wikidata.org/entity/Q102428366,4
http://www.wikidata.org/entity/Q102429759,0
http://www.wikidata.org/entity/Q102430194,0
http://www.wikidata.org/entity/Q102434121,0
http://www.wikidata.org/entity/Q102434122,0
http://www.wikidata.org/entity/Q102434413,0
http://www.wikidata.org/entity/Q102434414,0
http://www.wikidata.org/entity/Q102434415,0
http://www.wikidata.org/entity/Q102434851,0
http://www.wikidata.org/entity/Q102434852,0
http://www.wikidata.org/entity/Q102434855,0
http://www.wikidata.org/entity/Q102436370,0
http://www.wikidata.org/entity/Q102436371,0
http://www.wikidata.org/entity/Q102439553,0
http://www.wikidata.org/entity/Q102473319,0
http://www.wikidata.org/entity/Q102473328,0
http://www.wikidata.org/entity/Q102532950,0
http://www.wikidata.org/entity/Q102579745,0
http://www.wikidata.org/entity/Q102579749,0
http://www.wikidata.org/entity/Q102579755,0
http://www.wikidata.org/entity/Q102579767,0
http://www.wikidata.org/entity/Q102598907,0
http://www.wikidata.org/entity/Q102598912,0
http://www.wikidata.org/entity/Q102603401,0
http://www.wikidata.org/entity/Q102628576,0
http://www.wikidata.org/entity/Q102628594,0
http://www.wikidata.org/entity/Q102628611,0
http://www.wikidata.org/entity/Q102628626,0
http://www.wikidata.org/entity/Q102628642,0
http://www.wikidata.org/entity/Q102628652,0
http://www.wikidata.org/entity/Q102628658,0
http://www.wikidata.org/entity/Q102628673,0
http://www.wikidata.org/entity/Q102628689,0
http://www.wikidata.org/entity/Q102628705,0
http://www.wikidata.org/entity/Q102641812,0
http://www.wikidata.org/entity/Q102641822,0
http://www.wikidata.org/entity/Q102646695,0
http://www.wikidata.org/entity/Q102646709,0
http://www.wikidata.org/entity/Q102646716,0
http://www.wikidata.org/entity/Q102646730,0
http://www.wikidata.org/entity/Q102646765,0
http://www.wikidata.org/entity/Q102649644,0
http://www.wikidata.org/entity/Q102650802,0
http://www.wikidata.org/entity/Q102650820,0
http://www.wikidata.org/entity/Q102650833,0
http://www.wikidata.org/entity/Q102650848,0
http://www.wikidata.org/entity/Q102650874,0
http://www.wikidata.org/entity/Q102653268,0
http://www.wikidata.org/entity/Q102653288,0
http://www.wikidata.org/entity/Q102667500,0
http://www.wikidata.org/entity/Q102679654,0
http://www.wikidata.org/entity/Q102679668,0
http://www.wikidata.org/entity/Q102679688,0
http://www.wikidata.org/entity/Q102696233,0
http://www.wikidata.org/entity/Q102751174,0
http://www.wikidata.org/entity/Q102751188,0
http://www.wikidata.org/entity/Q102805906,0
http://www.wikidata.org/entity/Q102805918,0
http://www.wikidata.org/entity/Q102848332,2
http://www.wikidata.org/entity/Q102969126,0
http://www.wikidata.org/entity/Q104038467,0
http://www.wikidata.org/entity/Q104630230,0
http://www.wikidata.org/entity/Q104767566,0
http://www.wikidata.org/entity/Q104856734,0