http://www.wikidata.org/entity/Q7604,167
http://www.wikidata.org/entity/Q20430,52
http://www.wikidata.org/entity/Q32399,22
http://www.wikidata.org/entity/Q34458,54
http://www.wikidata.org/entity/Q40418,12
http://www.wikidata.org/entity/Q41239,182
http://www.wikidata.org/entity/Q43323,10
http://www.wikidata.org/entity/Q45113,20
http://www.wikidata.org/entity/Q45305,16
http://www.wikidata.org/entity/Q58720,97
http://www.wikidata.org/entity/Q61224,24
http://www.wikidata.org/entity/Q64975,28
http://www.wikidata.org/entity/Q65196,38
http://www.wikidata.org/entity/Q68525,13
http://www.wikidata.org/entity/Q68527,16
http://www.wikidata.org/entity/Q70818,11
http://www.wikidata.org/entity/Q71855,11
http://www.wikidata.org/entity/Q72979,13
http://www.wikidata.org/entity/Q73461,16
http://www.wikidata.org/entity/Q78421,8
http://www.wikidata.org/entity/Q85404,34
http://www.wikidata.org/entity/Q89442,11
http://www.wikidata.org/entity/Q91570,6
http://www.wikidata.org/entity/Q92600,40
http://www.wikidata.org/entity/Q92966,14
http://www.wikidata.org/entity/Q92968,13
http://www.wikidata.org/entity/Q92998,20
http://www.wikidata.org/entity/Q93019,9
http://www.wikidata.org/entity/Q93031,20
http://www.wikidata.org/entity/Q104451,5
http://www.wikidata.org/entity/Q107441,126
http://www.wikidata.org/entity/Q115650,32
http://www.wikidata.org/entity/Q115664,16
http://www.wikidata.org/entity/Q117346,140
http://www.wikidata.org/entity/Q124001,25
http://www.wikidata.org/entity/Q129199,87
http://www.wikidata.org/entity/Q133267,174
http://www.wikidata.org/entity/Q153224,142
http://www.wikidata.org/entity/Q157642,106
http://www.wikidata.org/entity/Q158465,78
http://www.wikidata.org/entity/Q161846,43
http://www.wikidata.org/entity/Q162824,10
http://www.wikidata.org/entity/Q167958,16
http://www.wikidata.org/entity/Q167997,86
http://www.wikidata.org/entity/Q176176,38
http://www.wikidata.org/entity/Q176659,51
http://www.wikidata.org/entity/Q181710,15
http://www.wikidata.org/entity/Q183279,152
http://www.wikidata.org/entity/Q184535,79
http://www.wikidata.org/entity/Q189172,94
http://www.wikidata.org/entity/Q195922,9
http://www.wikidata.org/entity/Q201472,11
http://www.wikidata.org/entity/Q205981,98
http://www.wikidata.org/entity/Q206012,45
http://www.wikidata.org/entity/Q207534,50
http://www.wikidata.org/entity/Q211642,42
http://www.wikidata.org/entity/Q224551,6
http://www.wikidata.org/entity/Q246497,62
http://www.wikidata.org/entity/Q246773,16
http://www.wikidata.org/entity/Q256481,6
http://www.wikidata.org/entity/Q268869,21
http://www.wikidata.org/entity/Q271956,41
http://www.wikidata.org/entity/Q275659,46
http://www.wikidata.org/entity/Q302434,16
http://www.wikidata.org/entity/Q310788,41
http://www.wikidata.org/entity/Q311019,104
http://www.wikidata.org/entity/Q315414,38
http://www.wikidata.org/entity/Q315425,32
http://www.wikidata.org/entity/Q321515,18
http://www.wikidata.org/entity/Q321952,8
http://www.wikidata.org/entity/Q323337,52
http://www.wikidata.org/entity/Q324083,20
http://www.wikidata.org/entity/Q324680,5
http://www.wikidata.org/entity/Q325696,36
http://www.wikidata.org/entity/Q325705,32
http://www.wikidata.org/entity/Q330511,12
http://www.wikidata.org/entity/Q330631,9
http://www.wikidata.org/entity/Q331089,36
http://www.wikidata.org/entity/Q331856,30
http://www.wikidata.org/entity/Q333948,56
http://www.wikidata.org/entity/Q333975,60
http://www.wikidata.org/entity/Q334054,32
http://www.wikidata.org/entity/Q336769,80
http://www.wikidata.org/entity/Q337628,30
http://www.wikidata.org/entity/Q339333,10
http://www.wikidata.org/entity/Q353451,72
http://www.wikidata.org/entity/Q355892,38
http://www.wikidata.org/entity/Q356003,10
http://www.wikidata.org/entity/Q360961,29
http://www.wikidata.org/entity/Q363560,30
http://www.wikidata.org/entity/Q369561,28
http://www.wikidata.org/entity/Q369588,34
http://www.wikidata.org/entity/Q369662,36
http://www.wikidata.org/entity/Q369721,19
http://www.wikidata.org/entity/Q369792,15
http://www.wikidata.org/entity/Q370151,22
http://www.wikidata.org/entity/Q370530,11
http://www.wikidata.org/entity/Q372026,75
http://www.wikidata.org/entity/Q372097,22
http://www.wikidata.org/entity/Q374024,52
http://www.wikidata.org/entity/Q374046,9
http://www.wikidata.org/entity/Q374205,14
http://www.wikidata.org/entity/Q376679,20
http://www.wikidata.org/entity/Q380243,33
http://www.wikidata.org/entity/Q381315,6
http://www.wikidata.org/entity/Q381317,6
http://www.wikidata.org/entity/Q381357,12
http://www.wikidata.org/entity/Q381592,20
http://www.wikidata.org/entity/Q383045,11
http://www.wikidata.org/entity/Q385207,17
http://www.wikidata.org/entity/Q386231,18
http://www.wikidata.org/entity/Q391153,5
http://www.wikidata.org/entity/Q419464,20
http://www.wikidata.org/entity/Q433055,16
http://www.wikidata.org/entity/Q434266,68
http://www.wikidata.org/entity/Q436213,36
http://www.wikidata.org/entity/Q447071,24
http://www.wikidata.org/entity/Q450259,8
http://www.wikidata.org/entity/Q450269,72
http://www.wikidata.org/entity/Q450297,18
http://www.wikidata.org/entity/Q450643,28
http://www.wikidata.org/entity/Q450840,16
http://www.wikidata.org/entity/Q450864,14
http://www.wikidata.org/entity/Q451163,14
http://www.wikidata.org/entity/Q451319,60
http://www.wikidata.org/entity/Q451330,62
http://www.wikidata.org/entity/Q451652,18
http://www.wikidata.org/entity/Q451716,42
http://www.wikidata.org/entity/Q451733,4
http://www.wikidata.org/entity/Q451757,7
http://www.wikidata.org/entity/Q452273,8
http://www.wikidata.org/entity/Q454925,117
http://www.wikidata.org/entity/Q457430,6
http://www.wikidata.org/entity/Q457680,26
http://www.wikidata.org/entity/Q461347,10
http://www.wikidata.org/entity/Q463530,25
http://www.wikidata.org/entity/Q468614,39
http://www.wikidata.org/entity/Q470539,44
http://www.wikidata.org/entity/Q472092,6
http://www.wikidata.org/entity/Q487453,14
http://www.wikidata.org/entity/Q487495,9
http://www.wikidata.org/entity/Q487620,36
http://www.wikidata.org/entity/Q487735,16
http://www.wikidata.org/entity/Q487778,12
http://www.wikidata.org/entity/Q487923,10
http://www.wikidata.org/entity/Q487976,4
http://www.wikidata.org/entity/Q488003,9
http://www.wikidata.org/entity/Q489893,47
http://www.wikidata.org/entity/Q501707,18
http://www.wikidata.org/entity/Q501904,5
http://www.wikidata.org/entity/Q502771,5
http://www.wikidata.org/entity/Q505761,18
http://www.wikidata.org/entity/Q506711,11
http://www.wikidata.org/entity/Q508156,18
http://www.wikidata.org/entity/Q516450,16
http://www.wikidata.org/entity/Q536339,22
http://www.wikidata.org/entity/Q542101,58
http://www.wikidata.org/entity/Q547136,6
http://www.wikidata.org/entity/Q552691,56
http://www.wikidata.org/entity/Q553209,14
http://www.wikidata.org/entity/Q554661,12
http://www.wikidata.org/entity/Q556346,11
http://www.wikidata.org/entity/Q559188,46
http://www.wikidata.org/entity/Q559531,48
http://www.wikidata.org/entity/Q560858,38
http://www.wikidata.org/entity/Q560901,20
http://www.wikidata.org/entity/Q570859,34
http://www.wikidata.org/entity/Q570952,20
http://www.wikidata.org/entity/Q572329,14
http://www.wikidata.org/entity/Q573921,8
http://www.wikidata.org/entity/Q574605,28
http://www.wikidata.org/entity/Q579810,5
http://www.wikidata.org/entity/Q592518,16
http://www.wikidata.org/entity/Q619900,12
http://www.wikidata.org/entity/Q620823,14
http://www.wikidata.org/entity/Q644051,7
http://www.wikidata.org/entity/Q672122,5
http://www.wikidata.org/entity/Q689486,60
http://www.wikidata.org/entity/Q689611,17
http://www.wikidata.org/entity/Q695002,34
http://www.wikidata.org/entity/Q706120,10
http://www.wikidata.org/entity/Q707119,38
http://www.wikidata.org/entity/Q707137,38
http://www.wikidata.org/entity/Q709432,34
http://www.wikidata.org/entity/Q710920,58
http://www.wikidata.org/entity/Q710985,16
http://www.wikidata.org/entity/Q714286,13
http://www.wikidata.org/entity/Q716017,38
http://www.wikidata.org/entity/Q716067,22
http://www.wikidata.org/entity/Q718045,40
http://www.wikidata.org/entity/Q723638,38
http://www.wikidata.org/entity/Q726403,46
http://www.wikidata.org/entity/Q726706,8
http://www.wikidata.org/entity/Q726827,24
http://www.wikidata.org/entity/Q731283,12
http://www.wikidata.org/entity/Q732255,8
http://www.wikidata.org/entity/Q735535,3
http://www.wikidata.org/entity/Q815757,6
http://www.wikidata.org/entity/Q836646,38
http://www.wikidata.org/entity/Q862198,5
http://www.wikidata.org/entity/Q893601,8
http://www.wikidata.org/entity/Q893614,16
http://www.wikidata.org/entity/Q893615,10
http://www.wikidata.org/entity/Q893667,32
http://www.wikidata.org/entity/Q893714,8
http://www.wikidata.org/entity/Q893715,4
http://www.wikidata.org/entity/Q893728,14
http://www.wikidata.org/entity/Q893737,38
http://www.wikidata.org/entity/Q893750,14
http://www.wikidata.org/entity/Q893804,36
http://www.wikidata.org/entity/Q909150,17
http://www.wikidata.org/entity/Q915301,8
http://www.wikidata.org/entity/Q919074,14
http://www.wikidata.org/entity/Q924443,19
http://www.wikidata.org/entity/Q925227,7
http://www.wikidata.org/entity/Q925405,10
http://www.wikidata.org/entity/Q926756,18
http://www.wikidata.org/entity/Q929950,24
http://www.wikidata.org/entity/Q931398,32
http://www.wikidata.org/entity/Q934314,60
http://www.wikidata.org/entity/Q935280,18
http://www.wikidata.org/entity/Q935366,32
http://www.wikidata.org/entity/Q943007,17
http://www.wikidata.org/entity/Q950211,17
http://www.wikidata.org/entity/Q950880,12
http://www.wikidata.org/entity/Q950897,29
http://www.wikidata.org/entity/Q950931,8
http://www.wikidata.org/entity/Q951222,16
http://www.wikidata.org/entity/Q951276,17
http://www.wikidata.org/entity/Q951370,22
http://www.wikidata.org/entity/Q951438,7
http://www.wikidata.org/entity/Q956847,34
http://www.wikidata.org/entity/Q958015,22
http://www.wikidata.org/entity/Q959719,18
http://www.wikidata.org/entity/Q974437,15
http://www.wikidata.org/entity/Q976296,10
http://www.wikidata.org/entity/Q981754,9
http://www.wikidata.org/entity/Q982580,36
http://www.wikidata.org/entity/Q983316,52
http://www.wikidata.org/entity/Q983365,16
http://www.wikidata.org/entity/Q983367,12
http://www.wikidata.org/entity/Q983399,14
http://www.wikidata.org/entity/Q1030228,38
http://www.wikidata.org/entity/Q1048502,12
http://www.wikidata.org/entity/Q1057289,9
http://www.wikidata.org/entity/Q1083950,6
http://www.wikidata.org/entity/Q1100660,4
http://www.wikidata.org/entity/Q1136981,18
http://www.wikidata.org/entity/Q1174945,15
http://www.wikidata.org/entity/Q1175698,9
http://www.wikidata.org/entity/Q1231113,2
http://www.wikidata.org/entity/Q1232476,10
http://www.wikidata.org/entity/Q1232555,18
http://www.wikidata.org/entity/Q1232565,4
http://www.wikidata.org/entity/Q1232736,28
http://www.wikidata.org/entity/Q1232856,5
http://www.wikidata.org/entity/Q1235148,26
http://www.wikidata.org/entity/Q1267207,8
http://www.wikidata.org/entity/Q1269213,4
http://www.wikidata.org/entity/Q1273671,13
http://www.wikidata.org/entity/Q1289022,15
http://www.wikidata.org/entity/Q1321474,1
http://www.wikidata.org/entity/Q1322048,16
http://www.wikidata.org/entity/Q1341219,10
http://www.wikidata.org/entity/Q1354652,12
http://www.wikidata.org/entity/Q1356831,19
http://www.wikidata.org/entity/Q1358834,30
http://www.wikidata.org/entity/Q1384632,30
http://www.wikidata.org/entity/Q1384951,11
http://www.wikidata.org/entity/Q1384963,28
http://www.wikidata.org/entity/Q1384966,30
http://www.wikidata.org/entity/Q1384978,20
http://www.wikidata.org/entity/Q1385427,13
http://www.wikidata.org/entity/Q1385596,18
http://www.wikidata.org/entity/Q1385805,26
http://www.wikidata.org/entity/Q1386138,22
http://www.wikidata.org/entity/Q1386199,18
http://www.wikidata.org/entity/Q1392167,12
http://www.wikidata.org/entity/Q1396841,40
http://www.wikidata.org/entity/Q1399503,26
http://www.wikidata.org/entity/Q1418239,8
http://www.wikidata.org/entity/Q1425084,8
http://www.wikidata.org/entity/Q1453353,4
http://www.wikidata.org/entity/Q1458824,4
http://www.wikidata.org/entity/Q1474960,3
http://www.wikidata.org/entity/Q1483866,7
http://www.wikidata.org/entity/Q1500300,8
http://www.wikidata.org/entity/Q1509195,11
http://www.wikidata.org/entity/Q1554689,6
http://www.wikidata.org/entity/Q1565305,10
http://www.wikidata.org/entity/Q1617489,8
http://www.wikidata.org/entity/Q1656756,2
http://www.wikidata.org/entity/Q1657682,8
http://www.wikidata.org/entity/Q1657690,4
http://www.wikidata.org/entity/Q1667121,13
http://www.wikidata.org/entity/Q1675618,6
http://www.wikidata.org/entity/Q1675938,3
http://www.wikidata.org/entity/Q1676013,8
http://www.wikidata.org/entity/Q1679618,2
http://www.wikidata.org/entity/Q1699677,14
http://www.wikidata.org/entity/Q1702987,10
http://www.wikidata.org/entity/Q1711717,6
http://www.wikidata.org/entity/Q1713916,6
http://www.wikidata.org/entity/Q1721842,5
http://www.wikidata.org/entity/Q1771504,22
http://www.wikidata.org/entity/Q1796816,6
http://www.wikidata.org/entity/Q1799644,7
http://www.wikidata.org/entity/Q1819412,8
http://www.wikidata.org/entity/Q1900139,8
http://www.wikidata.org/entity/Q1930229,4
http://www.wikidata.org/entity/Q1930300,8
http://www.wikidata.org/entity/Q1930306,6
http://www.wikidata.org/entity/Q1930342,3
http://www.wikidata.org/entity/Q1932500,24
http://www.wikidata.org/entity/Q1933628,4
http://www.wikidata.org/entity/Q1961494,9
http://www.wikidata.org/entity/Q1965150,5
http://www.wikidata.org/entity/Q1972086,6
http://www.wikidata.org/entity/Q1973460,42
http://www.wikidata.org/entity/Q1978539,6
http://www.wikidata.org/entity/Q1981992,5
http://www.wikidata.org/entity/Q1985571,14
http://www.wikidata.org/entity/Q1990696,4
http://www.wikidata.org/entity/Q1990799,10
http://www.wikidata.org/entity/Q1991041,5
http://www.wikidata.org/entity/Q1992801,7
http://www.wikidata.org/entity/Q1994903,6
http://www.wikidata.org/entity/Q2000478,7
http://www.wikidata.org/entity/Q2008444,20
http://www.wikidata.org/entity/Q2019237,6
http://www.wikidata.org/entity/Q2027276,7
http://www.wikidata.org/entity/Q2031915,14
http://www.wikidata.org/entity/Q2036824,18
http://www.wikidata.org/entity/Q2046788,10
http://www.wikidata.org/entity/Q2064571,4
http://www.wikidata.org/entity/Q2065003,3
http://www.wikidata.org/entity/Q2068021,12
http://www.wikidata.org/entity/Q2074389,30
http://www.wikidata.org/entity/Q2079434,10
http://www.wikidata.org/entity/Q2097758,3
http://www.wikidata.org/entity/Q2156320,16
http://www.wikidata.org/entity/Q2166348,4
http://www.wikidata.org/entity/Q2271209,6
http://www.wikidata.org/entity/Q2273334,8
http://www.wikidata.org/entity/Q2336653,3
http://www.wikidata.org/entity/Q2368424,16
http://www.wikidata.org/entity/Q2371787,11
http://www.wikidata.org/entity/Q2371791,14
http://www.wikidata.org/entity/Q2378087,5
http://www.wikidata.org/entity/Q2378112,12
http://www.wikidata.org/entity/Q2390389,7
http://www.wikidata.org/entity/Q2392382,8
http://www.wikidata.org/entity/Q2394247,12
http://www.wikidata.org/entity/Q2430851,10
http://www.wikidata.org/entity/Q2447705,7
http://www.wikidata.org/entity/Q2450560,18
http://www.wikidata.org/entity/Q2450566,18
http://www.wikidata.org/entity/Q2464214,9
http://www.wikidata.org/entity/Q2471305,13
http://www.wikidata.org/entity/Q2483013,18
http://www.wikidata.org/entity/Q2511067,14
http://www.wikidata.org/entity/Q2542094,1
http://www.wikidata.org/entity/Q2552118,8
http://www.wikidata.org/entity/Q2559965,20
http://www.wikidata.org/entity/Q2564806,11
http://www.wikidata.org/entity/Q2570007,6
http://www.wikidata.org/entity/Q2570046,1
http://www.wikidata.org/entity/Q2570080,8
http://www.wikidata.org/entity/Q2572846,6
http://www.wikidata.org/entity/Q2585814,24
http://www.wikidata.org/entity/Q2586584,10
http://www.wikidata.org/entity/Q2587134,7
http://www.wikidata.org/entity/Q2587230,6
http://www.wikidata.org/entity/Q2587389,3
http://www.wikidata.org/entity/Q2599504,34
http://www.wikidata.org/entity/Q2601950,1
http://www.wikidata.org/entity/Q2603369,12
http://www.wikidata.org/entity/Q2604093,9
http://www.wikidata.org/entity/Q2604125,14
http://www.wikidata.org/entity/Q2622956,17
http://www.wikidata.org/entity/Q2623089,6
http://www.wikidata.org/entity/Q2624201,11
http://www.wikidata.org/entity/Q2627249,11
http://www.wikidata.org/entity/Q2636066,9
http://www.wikidata.org/entity/Q2636560,28
http://www.wikidata.org/entity/Q2636609,11
http://www.wikidata.org/entity/Q2638149,12
http://www.wikidata.org/entity/Q2641678,4
http://www.wikidata.org/entity/Q2643027,7
http://www.wikidata.org/entity/Q2643931,6
http://www.wikidata.org/entity/Q2643985,12
http://www.wikidata.org/entity/Q2644032,4
http://www.wikidata.org/entity/Q2697996,8
http://www.wikidata.org/entity/Q2713407,14
http://www.wikidata.org/entity/Q2861551,3
http://www.wikidata.org/entity/Q2874512,10
http://www.wikidata.org/entity/Q2898146,7
http://www.wikidata.org/entity/Q2996992,17
http://www.wikidata.org/entity/Q3051298,7
http://www.wikidata.org/entity/Q3061575,1
http://www.wikidata.org/entity/Q3149925,3
http://www.wikidata.org/entity/Q3215942,4
http://www.wikidata.org/entity/Q3294206,16
http://www.wikidata.org/entity/Q3300234,6
http://www.wikidata.org/entity/Q3302598,4
http://www.wikidata.org/entity/Q3311473,26
http://www.wikidata.org/entity/Q3313627,2
http://www.wikidata.org/entity/Q3341599,3
http://www.wikidata.org/entity/Q3341686,5
http://www.wikidata.org/entity/Q3376307,6
http://www.wikidata.org/entity/Q3378844,6
http://www.wikidata.org/entity/Q3388872,8
http://www.wikidata.org/entity/Q3389073,8
http://www.wikidata.org/entity/Q3408482,4
http://www.wikidata.org/entity/Q3483946,9
http://www.wikidata.org/entity/Q3500104,14
http://www.wikidata.org/entity/Q3561844,8
http://www.wikidata.org/entity/Q3653092,15
http://www.wikidata.org/entity/Q3701311,9
http://www.wikidata.org/entity/Q3709978,5
http://www.wikidata.org/entity/Q3710025,21
http://www.wikidata.org/entity/Q3710034,10
http://www.wikidata.org/entity/Q3710038,12
http://www.wikidata.org/entity/Q3710041,5
http://www.wikidata.org/entity/Q3710046,10
http://www.wikidata.org/entity/Q3710050,10
http://www.wikidata.org/entity/Q3710055,8
http://www.wikidata.org/entity/Q3710061,3
http://www.wikidata.org/entity/Q3710067,16
http://www.wikidata.org/entity/Q3710069,16
http://www.wikidata.org/entity/Q3710555,4
http://www.wikidata.org/entity/Q3710704,5
http://www.wikidata.org/entity/Q3741085,9
http://www.wikidata.org/entity/Q3790644,7
http://www.wikidata.org/entity/Q3915730,14
http://www.wikidata.org/entity/Q3918991,3
http://www.wikidata.org/entity/Q3920128,3
http://www.wikidata.org/entity/Q4018418,6
http://www.wikidata.org/entity/Q4054427,12
http://www.wikidata.org/entity/Q4054946,14
http://www.wikidata.org/entity/Q4055079,8
http://www.wikidata.org/entity/Q4055519,4
http://www.wikidata.org/entity/Q4056565,3
http://www.wikidata.org/entity/Q4056772,6
http://www.wikidata.org/entity/Q4057003,4
http://www.wikidata.org/entity/Q4057078,18
http://www.wikidata.org/entity/Q4057382,6
http://www.wikidata.org/entity/Q4058205,8
http://www.wikidata.org/entity/Q4061613,4
http://www.wikidata.org/entity/Q4061617,6
http://www.wikidata.org/entity/Q4061637,5
http://www.wikidata.org/entity/Q4061706,1
http://www.wikidata.org/entity/Q4063409,1
http://www.wikidata.org/entity/Q4065502,2
http://www.wikidata.org/entity/Q4066059,2
http://www.wikidata.org/entity/Q4066092,6
http://www.wikidata.org/entity/Q4066321,1
http://www.wikidata.org/entity/Q4066428,5
http://www.wikidata.org/entity/Q4066507,2
http://www.wikidata.org/entity/Q4067057,1
http://www.wikidata.org/entity/Q4068164,1
http://www.wikidata.org/entity/Q4068462,7
http://www.wikidata.org/entity/Q4069289,10
http://www.wikidata.org/entity/Q4070079,6
http://www.wikidata.org/entity/Q4070126,2
http://www.wikidata.org/entity/Q4071029,2
http://www.wikidata.org/entity/Q4071141,1
http://www.wikidata.org/entity/Q4072584,2
http://www.wikidata.org/entity/Q4072618,4
http://www.wikidata.org/entity/Q4073223,6
http://www.wikidata.org/entity/Q4073490,2
http://www.wikidata.org/entity/Q4074141,9
http://www.wikidata.org/entity/Q4079012,4
http://www.wikidata.org/entity/Q4079806,2
http://www.wikidata.org/entity/Q4079811,18
http://www.wikidata.org/entity/Q4080213,4
http://www.wikidata.org/entity/Q4081380,4
http://www.wikidata.org/entity/Q4081386,1
http://www.wikidata.org/entity/Q4081864,6
http://www.wikidata.org/entity/Q4082923,8
http://www.wikidata.org/entity/Q4083762,4
http://www.wikidata.org/entity/Q4084115,1
http://www.wikidata.org/entity/Q4084403,1
http://www.wikidata.org/entity/Q4084933,6
http://www.wikidata.org/entity/Q4085030,1
http://www.wikidata.org/entity/Q4086698,4
http://www.wikidata.org/entity/Q4087046,4
http://www.wikidata.org/entity/Q4088771,8
http://www.wikidata.org/entity/Q4088931,4
http://www.wikidata.org/entity/Q4089237,1
http://www.wikidata.org/entity/Q4089273,6
http://www.wikidata.org/entity/Q4090974,2
http://www.wikidata.org/entity/Q4093138,9
http://www.wikidata.org/entity/Q4094322,14
http://www.wikidata.org/entity/Q4095669,3
http://www.wikidata.org/entity/Q4095762,4
http://www.wikidata.org/entity/Q4097066,1
http://www.wikidata.org/entity/Q4097133,2
http://www.wikidata.org/entity/Q4097815,2
http://www.wikidata.org/entity/Q4098929,2
http://www.wikidata.org/entity/Q4100109,2
http://www.wikidata.org/entity/Q4100662,1
http://www.wikidata.org/entity/Q4101531,4
http://www.wikidata.org/entity/Q4102104,3
http://www.wikidata.org/entity/Q4102510,4
http://www.wikidata.org/entity/Q4104490,6
http://www.wikidata.org/entity/Q4104666,12
http://www.wikidata.org/entity/Q4104702,8
http://www.wikidata.org/entity/Q4105018,2
http://www.wikidata.org/entity/Q4105771,4
http://www.wikidata.org/entity/Q4106206,18
http://www.wikidata.org/entity/Q4109399,2
http://www.wikidata.org/entity/Q4110256,4
http://www.wikidata.org/entity/Q4111298,3
http://www.wikidata.org/entity/Q4111413,2
http://www.wikidata.org/entity/Q4112169,3
http://www.wikidata.org/entity/Q4113336,4
http://www.wikidata.org/entity/Q4113453,2
http://www.wikidata.org/entity/Q4114278,8
http://www.wikidata.org/entity/Q4123022,2
http://www.wikidata.org/entity/Q4123242,1
http://www.wikidata.org/entity/Q4123491,6
http://www.wikidata.org/entity/Q4124780,1
http://www.wikidata.org/entity/Q4125199,4
http://www.wikidata.org/entity/Q4125281,8
http://www.wikidata.org/entity/Q4125456,2
http://www.wikidata.org/entity/Q4126904,2
http://www.wikidata.org/entity/Q4128771,2
http://www.wikidata.org/entity/Q4131361,2
http://www.wikidata.org/entity/Q4131508,4
http://www.wikidata.org/entity/Q4132895,2
http://www.wikidata.org/entity/Q4133374,12
http://www.wikidata.org/entity/Q4134112,5
http://www.wikidata.org/entity/Q4134406,3
http://www.wikidata.org/entity/Q4134678,7
http://www.wikidata.org/entity/Q4135984,4
http://www.wikidata.org/entity/Q4137362,16
http://www.wikidata.org/entity/Q4137485,2
http://www.wikidata.org/entity/Q4137488,8
http://www.wikidata.org/entity/Q4138423,2
http://www.wikidata.org/entity/Q4138947,3
http://www.wikidata.org/entity/Q4139049,3
http://www.wikidata.org/entity/Q4139254,1
http://www.wikidata.org/entity/Q4139257,6
http://www.wikidata.org/entity/Q4139660,1
http://www.wikidata.org/entity/Q4139680,2
http://www.wikidata.org/entity/Q4139681,2
http://www.wikidata.org/entity/Q4141281,6
http://www.wikidata.org/entity/Q4141818,2
http://www.wikidata.org/entity/Q4142646,3
http://www.wikidata.org/entity/Q4143171,12
http://www.wikidata.org/entity/Q4143221,6
http://www.wikidata.org/entity/Q4143497,8
http://www.wikidata.org/entity/Q4143520,2
http://www.wikidata.org/entity/Q4146359,4
http://www.wikidata.org/entity/Q4148244,4
http://www.wikidata.org/entity/Q4149226,8
http://www.wikidata.org/entity/Q4151554,3
http://www.wikidata.org/entity/Q4151783,7
http://www.wikidata.org/entity/Q4152538,1
http://www.wikidata.org/entity/Q4152755,5
http://www.wikidata.org/entity/Q4152990,10
http://www.wikidata.org/entity/Q4153564,3
http://www.wikidata.org/entity/Q4153587,5
http://www.wikidata.org/entity/Q4153600,8
http://www.wikidata.org/entity/Q4154820,2
http://www.wikidata.org/entity/Q4156564,6
http://www.wikidata.org/entity/Q4156812,3
http://www.wikidata.org/entity/Q4156822,4
http://www.wikidata.org/entity/Q4157027,1
http://www.wikidata.org/entity/Q4157233,6
http://www.wikidata.org/entity/Q4157494,6
http://www.wikidata.org/entity/Q4160507,10
http://www.wikidata.org/entity/Q4160609,3
http://www.wikidata.org/entity/Q4160618,1
http://www.wikidata.org/entity/Q4160620,3
http://www.wikidata.org/entity/Q4160939,3
http://www.wikidata.org/entity/Q4161580,2
http://www.wikidata.org/entity/Q4162758,4
http://www.wikidata.org/entity/Q4166843,18
http://www.wikidata.org/entity/Q4166975,4
http://www.wikidata.org/entity/Q4168302,2
http://www.wikidata.org/entity/Q4171504,8
http://www.wikidata.org/entity/Q4171622,2
http://www.wikidata.org/entity/Q4171912,4
http://www.wikidata.org/entity/Q4173502,4
http://www.wikidata.org/entity/Q4174721,1
http://www.wikidata.org/entity/Q4175422,4
http://www.wikidata.org/entity/Q4176448,5
http://www.wikidata.org/entity/Q4176466,2
http://www.wikidata.org/entity/Q4176863,2
http://www.wikidata.org/entity/Q4176991,1
http://www.wikidata.org/entity/Q4177001,2
http://www.wikidata.org/entity/Q4178210,2
http://www.wikidata.org/entity/Q4178364,3
http://www.wikidata.org/entity/Q4178584,5
http://www.wikidata.org/entity/Q4181785,4
http://www.wikidata.org/entity/Q4182313,8
http://www.wikidata.org/entity/Q4182735,4
http://www.wikidata.org/entity/Q4184623,2
http://www.wikidata.org/entity/Q4185893,2
http://www.wikidata.org/entity/Q4186051,4
http://www.wikidata.org/entity/Q4186808,8
http://www.wikidata.org/entity/Q4187574,4
http://www.wikidata.org/entity/Q4188845,6
http://www.wikidata.org/entity/Q4190178,10
http://www.wikidata.org/entity/Q4190540,4
http://www.wikidata.org/entity/Q4191135,1
http://www.wikidata.org/entity/Q4191594,2
http://www.wikidata.org/entity/Q4193985,8
http://www.wikidata.org/entity/Q4194358,4
http://www.wikidata.org/entity/Q4194766,4
http://www.wikidata.org/entity/Q4196018,6
http://www.wikidata.org/entity/Q4196152,10
http://www.wikidata.org/entity/Q4196325,6
http://www.wikidata.org/entity/Q4196973,6
http://www.wikidata.org/entity/Q4196998,2
http://www.wikidata.org/entity/Q4197199,1
http://www.wikidata.org/entity/Q4197843,1
http://www.wikidata.org/entity/Q4198461,2
http://www.wikidata.org/entity/Q4199539,4
http://www.wikidata.org/entity/Q4199550,10
http://www.wikidata.org/entity/Q4199702,2
http://www.wikidata.org/entity/Q4200050,12
http://www.wikidata.org/entity/Q4200108,4
http://www.wikidata.org/entity/Q4200448,4
http://www.wikidata.org/entity/Q4202950,2
http://www.wikidata.org/entity/Q4203866,6
http://www.wikidata.org/entity/Q4205653,14
http://www.wikidata.org/entity/Q4206485,1
http://www.wikidata.org/entity/Q4214236,1
http://www.wikidata.org/entity/Q4216389,5
http://www.wikidata.org/entity/Q4216983,2
http://www.wikidata.org/entity/Q4218102,14
http://www.wikidata.org/entity/Q4218612,2
http://www.wikidata.org/entity/Q4221048,2
http://www.wikidata.org/entity/Q4221381,10
http://www.wikidata.org/entity/Q4222035,18
http://www.wikidata.org/entity/Q4222265,4
http://www.wikidata.org/entity/Q4225085,8
http://www.wikidata.org/entity/Q4225426,2
http://www.wikidata.org/entity/Q4226295,2
http://www.wikidata.org/entity/Q4226696,10
http://www.wikidata.org/entity/Q4226722,4
http://www.wikidata.org/entity/Q4228593,2
http://www.wikidata.org/entity/Q4230590,6
http://www.wikidata.org/entity/Q4230669,4
http://www.wikidata.org/entity/Q4230979,2
http://www.wikidata.org/entity/Q4231369,4
http://www.wikidata.org/entity/Q4232863,2
http://www.wikidata.org/entity/Q4233302,3
http://www.wikidata.org/entity/Q4233460,3
http://www.wikidata.org/entity/Q4233543,6
http://www.wikidata.org/entity/Q4233854,4
http://www.wikidata.org/entity/Q4233885,12
http://www.wikidata.org/entity/Q4235292,1
http://www.wikidata.org/entity/Q4235439,6
http://www.wikidata.org/entity/Q4235704,2
http://www.wikidata.org/entity/Q4235954,3
http://www.wikidata.org/entity/Q4235955,3
http://www.wikidata.org/entity/Q4236174,1
http://www.wikidata.org/entity/Q4237116,6
http://www.wikidata.org/entity/Q4237354,6
http://www.wikidata.org/entity/Q4238990,1
http://www.wikidata.org/entity/Q4239170,2
http://www.wikidata.org/entity/Q4239782,2
http://www.wikidata.org/entity/Q4240018,9
http://www.wikidata.org/entity/Q4240588,4
http://www.wikidata.org/entity/Q4241693,1
http://www.wikidata.org/entity/Q4241767,6
http://www.wikidata.org/entity/Q4242061,1
http://www.wikidata.org/entity/Q4242237,2
http://www.wikidata.org/entity/Q4243053,2
http://www.wikidata.org/entity/Q4243244,1
http://www.wikidata.org/entity/Q4244599,8
http://www.wikidata.org/entity/Q4244814,1
http://www.wikidata.org/entity/Q4244952,4
http://www.wikidata.org/entity/Q4245028,2
http://www.wikidata.org/entity/Q4246098,2
http://www.wikidata.org/entity/Q4246269,2
http://www.wikidata.org/entity/Q4246367,1
http://www.wikidata.org/entity/Q4247528,10
http://www.wikidata.org/entity/Q4248030,1
http://www.wikidata.org/entity/Q4248286,2
http://www.wikidata.org/entity/Q4250272,1
http://www.wikidata.org/entity/Q4252221,2
http://www.wikidata.org/entity/Q4252319,4
http://www.wikidata.org/entity/Q4254976,2
http://www.wikidata.org/entity/Q4255064,4
http://www.wikidata.org/entity/Q4255382,4
http://www.wikidata.org/entity/Q4255392,1
http://www.wikidata.org/entity/Q4256481,6
http://www.wikidata.org/entity/Q4256809,2
http://www.wikidata.org/entity/Q4259002,7
http://www.wikidata.org/entity/Q4260365,3
http://www.wikidata.org/entity/Q4260804,6
http://www.wikidata.org/entity/Q4260849,3
http://www.wikidata.org/entity/Q4261209,4
http://www.wikidata.org/entity/Q4261240,2
http://www.wikidata.org/entity/Q4261345,10
http://www.wikidata.org/entity/Q4262731,1
http://www.wikidata.org/entity/Q4264036,2
http://www.wikidata.org/entity/Q4265727,6
http://www.wikidata.org/entity/Q4269211,1
http://www.wikidata.org/entity/Q4272865,2
http://www.wikidata.org/entity/Q4272922,2
http://www.wikidata.org/entity/Q4274629,1
http://www.wikidata.org/entity/Q4274799,1
http://www.wikidata.org/entity/Q4275063,2
http://www.wikidata.org/entity/Q4275346,6
http://www.wikidata.org/entity/Q4275386,1
http://www.wikidata.org/entity/Q4276263,1
http://www.wikidata.org/entity/Q4276398,2
http://www.wikidata.org/entity/Q4276546,4
http://www.wikidata.org/entity/Q4276623,6
http://www.wikidata.org/entity/Q4277781,8
http://www.wikidata.org/entity/Q4277783,1
http://www.wikidata.org/entity/Q4278007,4
http://www.wikidata.org/entity/Q4278020,2
http://www.wikidata.org/entity/Q4281277,6
http://www.wikidata.org/entity/Q4282001,2
http://www.wikidata.org/entity/Q4282268,1
http://www.wikidata.org/entity/Q4282907,2
http://www.wikidata.org/entity/Q4284558,4
http://www.wikidata.org/entity/Q4284676,10
http://www.wikidata.org/entity/Q4284800,6
http://www.wikidata.org/entity/Q4284972,6
http://www.wikidata.org/entity/Q4286233,3
http://www.wikidata.org/entity/Q4287307,3
http://www.wikidata.org/entity/Q4289087,6
http://www.wikidata.org/entity/Q4289876,10
http://www.wikidata.org/entity/Q4290849,6
http://www.wikidata.org/entity/Q4293073,3
http://www.wikidata.org/entity/Q4293571,2
http://www.wikidata.org/entity/Q4295381,1
http://www.wikidata.org/entity/Q4295590,2
http://www.wikidata.org/entity/Q4295618,4
http://www.wikidata.org/entity/Q4295659,1
http://www.wikidata.org/entity/Q4296079,4
http://www.wikidata.org/entity/Q4297229,4
http://www.wikidata.org/entity/Q4297870,3
http://www.wikidata.org/entity/Q4298015,4
http://www.wikidata.org/entity/Q4298549,6
http://www.wikidata.org/entity/Q4298704,12
http://www.wikidata.org/entity/Q4299718,8
http://www.wikidata.org/entity/Q4301104,4
http://www.wikidata.org/entity/Q4301582,8
http://www.wikidata.org/entity/Q4302568,10
http://www.wikidata.org/entity/Q4302987,4
http://www.wikidata.org/entity/Q4303685,2
http://www.wikidata.org/entity/Q4308614,4
http://www.wikidata.org/entity/Q4309708,4
http://www.wikidata.org/entity/Q4312962,6
http://www.wikidata.org/entity/Q4314155,5
http://www.wikidata.org/entity/Q4316420,4
http://www.wikidata.org/entity/Q4316487,8
http://www.wikidata.org/entity/Q4316559,16
http://www.wikidata.org/entity/Q4316594,8
http://www.wikidata.org/entity/Q4317284,3
http://www.wikidata.org/entity/Q4318207,6
http://www.wikidata.org/entity/Q4318229,2
http://www.wikidata.org/entity/Q4320003,6
http://www.wikidata.org/entity/Q4320702,1
http://www.wikidata.org/entity/Q4322665,2
http://www.wikidata.org/entity/Q4323968,6
http://www.wikidata.org/entity/Q4324867,5
http://www.wikidata.org/entity/Q4330848,6
http://www.wikidata.org/entity/Q4330969,2
http://www.wikidata.org/entity/Q4331870,1
http://www.wikidata.org/entity/Q4333964,1
http://www.wikidata.org/entity/Q4334481,1
http://www.wikidata.org/entity/Q4336591,4
http://www.wikidata.org/entity/Q4338523,1
http://www.wikidata.org/entity/Q4339498,5
http://www.wikidata.org/entity/Q4340519,14
http://www.wikidata.org/entity/Q4341471,2
http://www.wikidata.org/entity/Q4341784,2
http://www.wikidata.org/entity/Q4342874,4
http://www.wikidata.org/entity/Q4344067,2
http://www.wikidata.org/entity/Q4350109,6
http://www.wikidata.org/entity/Q4350497,2
http://www.wikidata.org/entity/Q4351772,3
http://www.wikidata.org/entity/Q4356483,8
http://www.wikidata.org/entity/Q4356970,6
http://www.wikidata.org/entity/Q4360273,5
http://www.wikidata.org/entity/Q4360528,2
http://www.wikidata.org/entity/Q4360637,10
http://www.wikidata.org/entity/Q4360748,3
http://www.wikidata.org/entity/Q4360826,1
http://www.wikidata.org/entity/Q4361799,3
http://www.wikidata.org/entity/Q4362913,1
http://www.wikidata.org/entity/Q4363846,2
http://www.wikidata.org/entity/Q4366338,1
http://www.wikidata.org/entity/Q4366603,1
http://www.wikidata.org/entity/Q4366729,1
http://www.wikidata.org/entity/Q4368900,4
http://www.wikidata.org/entity/Q4371319,2
http://www.wikidata.org/entity/Q4371394,6
http://www.wikidata.org/entity/Q4371474,10
http://www.wikidata.org/entity/Q4372361,2
http://www.wikidata.org/entity/Q4372653,4
http://www.wikidata.org/entity/Q4374127,2
http://www.wikidata.org/entity/Q4374163,12
http://www.wikidata.org/entity/Q4374728,3
http://www.wikidata.org/entity/Q4376465,2
http://www.wikidata.org/entity/Q4377307,2
http://www.wikidata.org/entity/Q4382239,1
http://www.wikidata.org/entity/Q4386006,4
http://www.wikidata.org/entity/Q4388634,6
http://www.wikidata.org/entity/Q4390657,6
http://www.wikidata.org/entity/Q4391279,3
http://www.wikidata.org/entity/Q4391414,5
http://www.wikidata.org/entity/Q4391547,4
http://www.wikidata.org/entity/Q4392109,1
http://www.wikidata.org/entity/Q4393678,4
http://www.wikidata.org/entity/Q4394099,6
http://www.wikidata.org/entity/Q4396645,6
http://www.wikidata.org/entity/Q4397179,2
http://www.wikidata.org/entity/Q4397349,12
http://www.wikidata.org/entity/Q4397578,2
http://www.wikidata.org/entity/Q4398262,1
http://www.wikidata.org/entity/Q4398387,2
http://www.wikidata.org/entity/Q4399297,4
http://www.wikidata.org/entity/Q4400039,10
http://www.wikidata.org/entity/Q4401617,9
http://www.wikidata.org/entity/Q4402170,4
http://www.wikidata.org/entity/Q4402308,4
http://www.wikidata.org/entity/Q4403479,1
http://www.wikidata.org/entity/Q4403480,2
http://www.wikidata.org/entity/Q4403509,4
http://www.wikidata.org/entity/Q4404109,2
http://www.wikidata.org/entity/Q4404940,2
http://www.wikidata.org/entity/Q4405028,2
http://www.wikidata.org/entity/Q4405037,8
http://www.wikidata.org/entity/Q4408984,8
http://www.wikidata.org/entity/Q4410618,4
http://www.wikidata.org/entity/Q4411949,4
http://www.wikidata.org/entity/Q4415778,4
http://www.wikidata.org/entity/Q4416016,1
http://www.wikidata.org/entity/Q4416796,2
http://www.wikidata.org/entity/Q4418265,2
http://www.wikidata.org/entity/Q4418558,2
http://www.wikidata.org/entity/Q4418823,4
http://www.wikidata.org/entity/Q4421550,4
http://www.wikidata.org/entity/Q4422281,2
http://www.wikidata.org/entity/Q4422611,2
http://www.wikidata.org/entity/Q4424004,3
http://www.wikidata.org/entity/Q4424724,7
http://www.wikidata.org/entity/Q4425897,6
http://www.wikidata.org/entity/Q4427991,2
http://www.wikidata.org/entity/Q4428013,4
http://www.wikidata.org/entity/Q4428174,4
http://www.wikidata.org/entity/Q4428483,1
http://www.wikidata.org/entity/Q4428488,4
http://www.wikidata.org/entity/Q4428712,7
http://www.wikidata.org/entity/Q4430085,1
http://www.wikidata.org/entity/Q4438818,6
http://www.wikidata.org/entity/Q4439365,4
http://www.wikidata.org/entity/Q4443008,1
http://www.wikidata.org/entity/Q4443437,18
http://www.wikidata.org/entity/Q4443585,4
http://www.wikidata.org/entity/Q4444235,2
http://www.wikidata.org/entity/Q4444951,4
http://www.wikidata.org/entity/Q4444966,14
http://www.wikidata.org/entity/Q4444972,2
http://www.wikidata.org/entity/Q4445150,3
http://www.wikidata.org/entity/Q4445698,5
http://www.wikidata.org/entity/Q4447528,4
http://www.wikidata.org/entity/Q4449880,4
http://www.wikidata.org/entity/Q4449881,4
http://www.wikidata.org/entity/Q4450982,2
http://www.wikidata.org/entity/Q4451032,2
http://www.wikidata.org/entity/Q4451535,4
http://www.wikidata.org/entity/Q4452398,2
http://www.wikidata.org/entity/Q4455391,1
http://www.wikidata.org/entity/Q4460816,8
http://www.wikidata.org/entity/Q4461431,8
http://www.wikidata.org/entity/Q4462410,6
http://www.wikidata.org/entity/Q4462687,10
http://www.wikidata.org/entity/Q4462790,3
http://www.wikidata.org/entity/Q4464981,3
http://www.wikidata.org/entity/Q4466506,6
http://www.wikidata.org/entity/Q4467151,4
http://www.wikidata.org/entity/Q4467645,4
http://www.wikidata.org/entity/Q4475051,4
http://www.wikidata.org/entity/Q4475074,10
http://www.wikidata.org/entity/Q4477785,4
http://www.wikidata.org/entity/Q4479509,2
http://www.wikidata.org/entity/Q4481214,2
http://www.wikidata.org/entity/Q4482080,2
http://www.wikidata.org/entity/Q4482499,2
http://www.wikidata.org/entity/Q4482513,2
http://www.wikidata.org/entity/Q4491036,2
http://www.wikidata.org/entity/Q4491256,2
http://www.wikidata.org/entity/Q4491621,2
http://www.wikidata.org/entity/Q4492357,2
http://www.wikidata.org/entity/Q4493568,2
http://www.wikidata.org/entity/Q4493951,8
http://www.wikidata.org/entity/Q4493982,1
http://www.wikidata.org/entity/Q4494626,6
http://www.wikidata.org/entity/Q4495052,4
http://www.wikidata.org/entity/Q4495152,4
http://www.wikidata.org/entity/Q4495979,2
http://www.wikidata.org/entity/Q4498599,1
http://www.wikidata.org/entity/Q4498609,6
http://www.wikidata.org/entity/Q4500221,18
http://www.wikidata.org/entity/Q4500563,1
http://www.wikidata.org/entity/Q4501440,1
http://www.wikidata.org/entity/Q4501446,21
http://www.wikidata.org/entity/Q4502200,2
http://www.wikidata.org/entity/Q4508106,1
http://www.wikidata.org/entity/Q4511802,3
http://www.wikidata.org/entity/Q4514873,1
http://www.wikidata.org/entity/Q4514946,5
http://www.wikidata.org/entity/Q4515196,4
http://www.wikidata.org/entity/Q4517362,4
http://www.wikidata.org/entity/Q4519091,4
http://www.wikidata.org/entity/Q4519313,12
http://www.wikidata.org/entity/Q4520001,1
http://www.wikidata.org/entity/Q4520761,4
http://www.wikidata.org/entity/Q4521057,1
http://www.wikidata.org/entity/Q4521673,1
http://www.wikidata.org/entity/Q4522050,1
http://www.wikidata.org/entity/Q4522786,2
http://www.wikidata.org/entity/Q4523291,4
http://www.wikidata.org/entity/Q4523297,1
http://www.wikidata.org/entity/Q4524490,3
http://www.wikidata.org/entity/Q4524560,2
http://www.wikidata.org/entity/Q4524841,2
http://www.wikidata.org/entity/Q4524893,4
http://www.wikidata.org/entity/Q4525950,2
http://www.wikidata.org/entity/Q4526157,8
http://www.wikidata.org/entity/Q4526255,2
http://www.wikidata.org/entity/Q4526332,2
http://www.wikidata.org/entity/Q4526796,3
http://www.wikidata.org/entity/Q4526904,8
http://www.wikidata.org/entity/Q4527715,2
http://www.wikidata.org/entity/Q4527913,3
http://www.wikidata.org/entity/Q4528749,1
http://www.wikidata.org/entity/Q4531891,14
http://www.wikidata.org/entity/Q4533192,6
http://www.wikidata.org/entity/Q4533860,2
http://www.wikidata.org/entity/Q4534380,6
http://www.wikidata.org/entity/Q4536332,4
http://www.wikidata.org/entity/Q4537140,8
http://www.wikidata.org/entity/Q4538037,5
http://www.wikidata.org/entity/Q4538090,3
http://www.wikidata.org/entity/Q4538114,4
http://www.wikidata.org/entity/Q4538978,4
http://www.wikidata.org/entity/Q4710874,3
http://www.wikidata.org/entity/Q4718250,5
http://www.wikidata.org/entity/Q4718736,5
http://www.wikidata.org/entity/Q4719317,2
http://www.wikidata.org/entity/Q4719673,1
http://www.wikidata.org/entity/Q4719764,4
http://www.wikidata.org/entity/Q4720099,3
http://www.wikidata.org/entity/Q4721259,12
http://www.wikidata.org/entity/Q4752149,4
http://www.wikidata.org/entity/Q4752219,9
http://www.wikidata.org/entity/Q4805878,8
http://www.wikidata.org/entity/Q4806650,3
http://www.wikidata.org/entity/Q4945298,4
http://www.wikidata.org/entity/Q4945319,4
http://www.wikidata.org/entity/Q5277134,6
http://www.wikidata.org/entity/Q5285648,7
http://www.wikidata.org/entity/Q5343739,6
http://www.wikidata.org/entity/Q5369211,3
http://www.wikidata.org/entity/Q5396005,8
http://www.wikidata.org/entity/Q5441115,10
http://www.wikidata.org/entity/Q5503589,4
http://www.wikidata.org/entity/Q5987187,13
http://www.wikidata.org/entity/Q6097897,7
http://www.wikidata.org/entity/Q6118949,8
http://www.wikidata.org/entity/Q6290799,5
http://www.wikidata.org/entity/Q6374090,4
http://www.wikidata.org/entity/Q6462767,2
http://www.wikidata.org/entity/Q6516841,1
http://www.wikidata.org/entity/Q6656247,10
http://www.wikidata.org/entity/Q6684276,2
http://www.wikidata.org/entity/Q6826405,3
http://www.wikidata.org/entity/Q6832360,4
http://www.wikidata.org/entity/Q6849563,5
http://www.wikidata.org/entity/Q6849691,4
http://www.wikidata.org/entity/Q6849714,4
http://www.wikidata.org/entity/Q6959579,3
http://www.wikidata.org/entity/Q7035781,18
http://www.wikidata.org/entity/Q7155704,4
http://www.wikidata.org/entity/Q7223467,7
http://www.wikidata.org/entity/Q7308550,8
http://www.wikidata.org/entity/Q7413044,14
http://www.wikidata.org/entity/Q7449212,3
http://www.wikidata.org/entity/Q7453551,2
http://www.wikidata.org/entity/Q7453591,12
http://www.wikidata.org/entity/Q7453973,6
http://www.wikidata.org/entity/Q7502335,3
http://www.wikidata.org/entity/Q7518846,3
http://www.wikidata.org/entity/Q7861871,5
http://www.wikidata.org/entity/Q7910727,4
http://www.wikidata.org/entity/Q7911482,3
http://www.wikidata.org/entity/Q7920811,5
http://www.wikidata.org/entity/Q7924421,4
http://www.wikidata.org/entity/Q7924430,2
http://www.wikidata.org/entity/Q7925942,3
http://www.wikidata.org/entity/Q7926021,1
http://www.wikidata.org/entity/Q7926225,2
http://www.wikidata.org/entity/Q7938239,6
http://www.wikidata.org/entity/Q7938582,2
http://www.wikidata.org/entity/Q7939149,10
http://www.wikidata.org/entity/Q7940604,6
http://www.wikidata.org/entity/Q7975652,6
http://www.wikidata.org/entity/Q8061650,10
http://www.wikidata.org/entity/Q9342354,2
http://www.wikidata.org/entity/Q9374973,2
http://www.wikidata.org/entity/Q9626039,1
http://www.wikidata.org/entity/Q10304373,1
http://www.wikidata.org/entity/Q10961930,3
http://www.wikidata.org/entity/Q11163334,4
http://www.wikidata.org/entity/Q11163488,3
http://www.wikidata.org/entity/Q11164336,6
http://www.wikidata.org/entity/Q11736072,2
http://www.wikidata.org/entity/Q11755342,3
http://www.wikidata.org/entity/Q12043289,1
http://www.wikidata.org/entity/Q12074235,5
http://www.wikidata.org/entity/Q12078235,2
http://www.wikidata.org/entity/Q12078796,1
http://www.wikidata.org/entity/Q12079310,2
http://www.wikidata.org/entity/Q12079578,6
http://www.wikidata.org/entity/Q12082104,2
http://www.wikidata.org/entity/Q12083880,2
http://www.wikidata.org/entity/Q12089871,1
http://www.wikidata.org/entity/Q12093723,2
http://www.wikidata.org/entity/Q12094338,2
http://www.wikidata.org/entity/Q12097767,1
http://www.wikidata.org/entity/Q12103107,2
http://www.wikidata.org/entity/Q12105127,3
http://www.wikidata.org/entity/Q12105844,3
http://www.wikidata.org/entity/Q12105919,3
http://www.wikidata.org/entity/Q12106548,3
http://www.wikidata.org/entity/Q12116426,2
http://www.wikidata.org/entity/Q12116862,1
http://www.wikidata.org/entity/Q12124298,2
http://www.wikidata.org/entity/Q12135101,1
http://www.wikidata.org/entity/Q12137479,3
http://www.wikidata.org/entity/Q12141816,3
http://www.wikidata.org/entity/Q12147048,3
http://www.wikidata.org/entity/Q12150381,3
http://www.wikidata.org/entity/Q12159011,3
http://www.wikidata.org/entity/Q12161427,4
http://www.wikidata.org/entity/Q12165774,1
http://www.wikidata.org/entity/Q12170089,7
http://www.wikidata.org/entity/Q12172281,4
http://www.wikidata.org/entity/Q12538065,3
http://www.wikidata.org/entity/Q12558521,2
http://www.wikidata.org/entity/Q12578857,3
http://www.wikidata.org/entity/Q12742990,5
http://www.wikidata.org/entity/Q12767670,1
http://www.wikidata.org/entity/Q12838321,5
http://www.wikidata.org/entity/Q12848850,3
http://www.wikidata.org/entity/Q12909477,1
http://www.wikidata.org/entity/Q13027999,3
http://www.wikidata.org/entity/Q13028344,1
http://www.wikidata.org/entity/Q13028951,3
http://www.wikidata.org/entity/Q13029421,3
http://www.wikidata.org/entity/Q13030226,1
http://www.wikidata.org/entity/Q13031535,1
http://www.wikidata.org/entity/Q13032924,2
http://www.wikidata.org/entity/Q13033108,2
http://www.wikidata.org/entity/Q13033473,2
http://www.wikidata.org/entity/Q13033625,4
http://www.wikidata.org/entity/Q13052523,6
http://www.wikidata.org/entity/Q13419658,1
http://www.wikidata.org/entity/Q13522569,8
http://www.wikidata.org/entity/Q13560028,3
http://www.wikidata.org/entity/Q14475927,6
http://www.wikidata.org/entity/Q14475936,4
http://www.wikidata.org/entity/Q14510315,8
http://www.wikidata.org/entity/Q14919788,2
http://www.wikidata.org/entity/Q14919790,2
http://www.wikidata.org/entity/Q14946428,4
http://www.wikidata.org/entity/Q15060861,4
http://www.wikidata.org/entity/Q15061236,2
http://www.wikidata.org/entity/Q15062430,8
http://www.wikidata.org/entity/Q15063220,1
http://www.wikidata.org/entity/Q15063963,4
http://www.wikidata.org/entity/Q15064487,1
http://www.wikidata.org/entity/Q15064733,1
http://www.wikidata.org/entity/Q15064816,4
http://www.wikidata.org/entity/Q15065142,2
http://www.wikidata.org/entity/Q15065159,3
http://www.wikidata.org/entity/Q15065381,2
http://www.wikidata.org/entity/Q15065518,4
http://www.wikidata.org/entity/Q15065547,2
http://www.wikidata.org/entity/Q15065651,4
http://www.wikidata.org/entity/Q15066205,2
http://www.wikidata.org/entity/Q15066459,3
http://www.wikidata.org/entity/Q15066533,2
http://www.wikidata.org/entity/Q15066595,4
http://www.wikidata.org/entity/Q15067101,1
http://www.wikidata.org/entity/Q15067128,4
http://www.wikidata.org/entity/Q15068221,6
http://www.wikidata.org/entity/Q15068264,2
http://www.wikidata.org/entity/Q15069149,2
http://www.wikidata.org/entity/Q15069401,2
http://www.wikidata.org/entity/Q15070501,2
http://www.wikidata.org/entity/Q15070844,2
http://www.wikidata.org/entity/Q15071372,1
http://www.wikidata.org/entity/Q15071471,4
http://www.wikidata.org/entity/Q15071522,2
http://www.wikidata.org/entity/Q15071852,1
http://www.wikidata.org/entity/Q15072031,6
http://www.wikidata.org/entity/Q15073590,8
http://www.wikidata.org/entity/Q15074726,2
http://www.wikidata.org/entity/Q15074903,1
http://www.wikidata.org/entity/Q15074987,2
http://www.wikidata.org/entity/Q15075248,6
http://www.wikidata.org/entity/Q15075259,2
http://www.wikidata.org/entity/Q15075379,3
http://www.wikidata.org/entity/Q15077068,1
http://www.wikidata.org/entity/Q15077153,2
http://www.wikidata.org/entity/Q15077428,3
http://www.wikidata.org/entity/Q15077651,4
http://www.wikidata.org/entity/Q15078974,2
http://www.wikidata.org/entity/Q15079483,6
http://www.wikidata.org/entity/Q15081027,4
http://www.wikidata.org/entity/Q15088657,3
http://www.wikidata.org/entity/Q15088940,2
http://www.wikidata.org/entity/Q15135432,4
http://www.wikidata.org/entity/Q15145838,1
http://www.wikidata.org/entity/Q15147441,1
http://www.wikidata.org/entity/Q15148535,2
http://www.wikidata.org/entity/Q15149731,3
http://www.wikidata.org/entity/Q15210129,4
http://www.wikidata.org/entity/Q15401870,5
http://www.wikidata.org/entity/Q15428901,2
http://www.wikidata.org/entity/Q15430455,6
http://www.wikidata.org/entity/Q15433102,3
http://www.wikidata.org/entity/Q15434717,5
http://www.wikidata.org/entity/Q15453860,5
http://www.wikidata.org/entity/Q15455126,4
http://www.wikidata.org/entity/Q15455168,3
http://www.wikidata.org/entity/Q15455484,6
http://www.wikidata.org/entity/Q15455576,1
http://www.wikidata.org/entity/Q15455589,2
http://www.wikidata.org/entity/Q15455591,4
http://www.wikidata.org/entity/Q15455686,7
http://www.wikidata.org/entity/Q15455692,1
http://www.wikidata.org/entity/Q15455699,1
http://www.wikidata.org/entity/Q15455703,1
http://www.wikidata.org/entity/Q15455707,3
http://www.wikidata.org/entity/Q15455711,4
http://www.wikidata.org/entity/Q15455722,5
http://www.wikidata.org/entity/Q15531128,4
http://www.wikidata.org/entity/Q15720231,1
http://www.wikidata.org/entity/Q15720308,2
http://www.wikidata.org/entity/Q15782309,3
http://www.wikidata.org/entity/Q15782311,3
http://www.wikidata.org/entity/Q15804770,6
http://www.wikidata.org/entity/Q15811644,2
http://www.wikidata.org/entity/Q15825653,6
http://www.wikidata.org/entity/Q15836854,5
http://www.wikidata.org/entity/Q15841536,6
http://www.wikidata.org/entity/Q15853344,1
http://www.wikidata.org/entity/Q15953481,2
http://www.wikidata.org/entity/Q15965068,4
http://www.wikidata.org/entity/Q15978278,1
http://www.wikidata.org/entity/Q15987248,2
http://www.wikidata.org/entity/Q15995408,4
http://www.wikidata.org/entity/Q16054696,4
http://www.wikidata.org/entity/Q16062135,4
http://www.wikidata.org/entity/Q16104619,6
http://www.wikidata.org/entity/Q16105220,2
http://www.wikidata.org/entity/Q16105569,2
http://www.wikidata.org/entity/Q16186736,4
http://www.wikidata.org/entity/Q16186840,1
http://www.wikidata.org/entity/Q16216197,4
http://www.wikidata.org/entity/Q16271833,6
http://www.wikidata.org/entity/Q16272739,4
http://www.wikidata.org/entity/Q16272780,1
http://www.wikidata.org/entity/Q16273559,2
http://www.wikidata.org/entity/Q16319026,6
http://www.wikidata.org/entity/Q16335420,2
http://www.wikidata.org/entity/Q16335587,4
http://www.wikidata.org/entity/Q16351713,9
http://www.wikidata.org/entity/Q16364615,1
http://www.wikidata.org/entity/Q16373008,2
http://www.wikidata.org/entity/Q16398298,3
http://www.wikidata.org/entity/Q16404462,2
http://www.wikidata.org/entity/Q16405296,6
http://www.wikidata.org/entity/Q16407350,3
http://www.wikidata.org/entity/Q16407501,3
http://www.wikidata.org/entity/Q16432762,2
http://www.wikidata.org/entity/Q16432985,5
http://www.wikidata.org/entity/Q16477157,3
http://www.wikidata.org/entity/Q16514915,2
http://www.wikidata.org/entity/Q16514917,1
http://www.wikidata.org/entity/Q16514923,4
http://www.wikidata.org/entity/Q16514932,4
http://www.wikidata.org/entity/Q16514941,4
http://www.wikidata.org/entity/Q16514946,4
http://www.wikidata.org/entity/Q16514950,6
http://www.wikidata.org/entity/Q16514998,2
http://www.wikidata.org/entity/Q16558754,2
http://www.wikidata.org/entity/Q16605941,2
http://www.wikidata.org/entity/Q16627148,6
http://www.wikidata.org/entity/Q16627663,1
http://www.wikidata.org/entity/Q16628323,1
http://www.wikidata.org/entity/Q16628503,3
http://www.wikidata.org/entity/Q16636873,1
http://www.wikidata.org/entity/Q16638172,10
http://www.wikidata.org/entity/Q16654754,2
http://www.wikidata.org/entity/Q16670376,2
http://www.wikidata.org/entity/Q16670890,1
http://www.wikidata.org/entity/Q16680748,1
http://www.wikidata.org/entity/Q16684758,2
http://www.wikidata.org/entity/Q16698998,4
http://www.wikidata.org/entity/Q16708470,1
http://www.wikidata.org/entity/Q16714468,4
http://www.wikidata.org/entity/Q16718465,2
http://www.wikidata.org/entity/Q16720134,1
http://www.wikidata.org/entity/Q16723144,2
http://www.wikidata.org/entity/Q16913011,1
http://www.wikidata.org/entity/Q16913579,4
http://www.wikidata.org/entity/Q16939794,2
http://www.wikidata.org/entity/Q16942884,1
http://www.wikidata.org/entity/Q16943138,2
http://www.wikidata.org/entity/Q16980771,2
http://www.wikidata.org/entity/Q16990163,6
http://www.wikidata.org/entity/Q17043310,2
http://www.wikidata.org/entity/Q17115751,2
http://www.wikidata.org/entity/Q17248345,3
http://www.wikidata.org/entity/Q17318952,2
http://www.wikidata.org/entity/Q17386353,8
http://www.wikidata.org/entity/Q17428010,1
http://www.wikidata.org/entity/Q17489542,6
http://www.wikidata.org/entity/Q17615512,4
http://www.wikidata.org/entity/Q17617572,4
http://www.wikidata.org/entity/Q17617584,6
http://www.wikidata.org/entity/Q17619571,1
http://www.wikidata.org/entity/Q17635862,3
http://www.wikidata.org/entity/Q17648583,1
http://www.wikidata.org/entity/Q17675614,2
http://www.wikidata.org/entity/Q18015248,1
http://www.wikidata.org/entity/Q18123552,4
http://www.wikidata.org/entity/Q18166598,8
http://www.wikidata.org/entity/Q18228251,2
http://www.wikidata.org/entity/Q18235914,4
http://www.wikidata.org/entity/Q18237698,1
http://www.wikidata.org/entity/Q18238999,6
http://www.wikidata.org/entity/Q18249431,1
http://www.wikidata.org/entity/Q18277824,3
http://www.wikidata.org/entity/Q18280325,1
http://www.wikidata.org/entity/Q18330799,2
http://www.wikidata.org/entity/Q18399152,1
http://www.wikidata.org/entity/Q18399727,1
http://www.wikidata.org/entity/Q18516066,1
http://www.wikidata.org/entity/Q18518712,4
http://www.wikidata.org/entity/Q18558636,2
http://www.wikidata.org/entity/Q18559579,1
http://www.wikidata.org/entity/Q18585920,2
http://www.wikidata.org/entity/Q18594724,3
http://www.wikidata.org/entity/Q18599348,1
http://www.wikidata.org/entity/Q18600554,2
http://www.wikidata.org/entity/Q18600794,1
http://www.wikidata.org/entity/Q18603200,1
http://www.wikidata.org/entity/Q18622872,4
http://www.wikidata.org/entity/Q18634135,2
http://www.wikidata.org/entity/Q18634391,2
http://www.wikidata.org/entity/Q18644007,1
http://www.wikidata.org/entity/Q18702383,2
http://www.wikidata.org/entity/Q18705019,1
http://www.wikidata.org/entity/Q18707824,1
http://www.wikidata.org/entity/Q18740233,7
http://www.wikidata.org/entity/Q18740561,2
http://www.wikidata.org/entity/Q18740717,2
http://www.wikidata.org/entity/Q18741026,4
http://www.wikidata.org/entity/Q18786021,2
http://www.wikidata.org/entity/Q18786027,1
http://www.wikidata.org/entity/Q18786192,3
http://www.wikidata.org/entity/Q18786193,1
http://www.wikidata.org/entity/Q18786219,4
http://www.wikidata.org/entity/Q18958956,1
http://www.wikidata.org/entity/Q18970068,2
http://www.wikidata.org/entity/Q19297309,6
http://www.wikidata.org/entity/Q19360105,3
http://www.wikidata.org/entity/Q19502056,3
http://www.wikidata.org/entity/Q19502366,2
http://www.wikidata.org/entity/Q19502428,2
http://www.wikidata.org/entity/Q19513859,8
http://www.wikidata.org/entity/Q19614385,1
http://www.wikidata.org/entity/Q19614397,4
http://www.wikidata.org/entity/Q19618365,1
http://www.wikidata.org/entity/Q19618938,1
http://www.wikidata.org/entity/Q19665878,4
http://www.wikidata.org/entity/Q19692597,1
http://www.wikidata.org/entity/Q19772418,1
http://www.wikidata.org/entity/Q19876444,1
http://www.wikidata.org/entity/Q19907804,4
http://www.wikidata.org/entity/Q19909279,3
http://www.wikidata.org/entity/Q19909866,1
http://www.wikidata.org/entity/Q19915423,1
http://www.wikidata.org/entity/Q19948561,2
http://www.wikidata.org/entity/Q20021035,4
http://www.wikidata.org/entity/Q20049300,2
http://www.wikidata.org/entity/Q20051206,2
http://www.wikidata.org/entity/Q20054230,2
http://www.wikidata.org/entity/Q20116347,2
http://www.wikidata.org/entity/Q20483198,4
http://www.wikidata.org/entity/Q20502079,5
http://www.wikidata.org/entity/Q20509396,1
http://www.wikidata.org/entity/Q20509711,1
http://www.wikidata.org/entity/Q20510215,2
http://www.wikidata.org/entity/Q20512442,10
http://www.wikidata.org/entity/Q20528599,2
http://www.wikidata.org/entity/Q20556588,2
http://www.wikidata.org/entity/Q20557904,8
http://www.wikidata.org/entity/Q20650933,2
http://www.wikidata.org/entity/Q20670431,6
http://www.wikidata.org/entity/Q20971297,2
http://www.wikidata.org/entity/Q20982631,5
http://www.wikidata.org/entity/Q21007429,5
http://www.wikidata.org/entity/Q21043403,1
http://www.wikidata.org/entity/Q21055959,7
http://www.wikidata.org/entity/Q21074664,4
http://www.wikidata.org/entity/Q21088360,2
http://www.wikidata.org/entity/Q21088533,1
http://www.wikidata.org/entity/Q21088637,2
http://www.wikidata.org/entity/Q21092009,3
http://www.wikidata.org/entity/Q21092036,2
http://www.wikidata.org/entity/Q21094086,1
http://www.wikidata.org/entity/Q21096533,4
http://www.wikidata.org/entity/Q21099263,3
http://www.wikidata.org/entity/Q21107332,1
http://www.wikidata.org/entity/Q21107859,2
http://www.wikidata.org/entity/Q21108759,2
http://www.wikidata.org/entity/Q21132815,1
http://www.wikidata.org/entity/Q21133577,2
http://www.wikidata.org/entity/Q21140479,2
http://www.wikidata.org/entity/Q21146572,2
http://www.wikidata.org/entity/Q21152579,4
http://www.wikidata.org/entity/Q21153874,4
http://www.wikidata.org/entity/Q21183529,3
http://www.wikidata.org/entity/Q21499688,1
http://www.wikidata.org/entity/Q21517543,2
http://www.wikidata.org/entity/Q21531568,3
http://www.wikidata.org/entity/Q21558969,2
http://www.wikidata.org/entity/Q21644165,6
http://www.wikidata.org/entity/Q21645733,2
http://www.wikidata.org/entity/Q21665577,1
http://www.wikidata.org/entity/Q22133523,2
http://www.wikidata.org/entity/Q22328352,1
http://www.wikidata.org/entity/Q22918477,2
http://www.wikidata.org/entity/Q22919243,10
http://www.wikidata.org/entity/Q23011492,2
http://www.wikidata.org/entity/Q23048268,1
http://www.wikidata.org/entity/Q23048274,4
http://www.wikidata.org/entity/Q23048512,4
http://www.wikidata.org/entity/Q23048566,2
http://www.wikidata.org/entity/Q23055399,2
http://www.wikidata.org/entity/Q23055407,1
http://www.wikidata.org/entity/Q23061981,1
http://www.wikidata.org/entity/Q23062006,6
http://www.wikidata.org/entity/Q23072478,2
http://www.wikidata.org/entity/Q23072504,4
http://www.wikidata.org/entity/Q23072507,1
http://www.wikidata.org/entity/Q23087474,12
http://www.wikidata.org/entity/Q23091231,3
http://www.wikidata.org/entity/Q23197235,1
http://www.wikidata.org/entity/Q23197269,2
http://www.wikidata.org/entity/Q23303891,2
http://www.wikidata.org/entity/Q23308569,4
http://www.wikidata.org/entity/Q23308580,4
http://www.wikidata.org/entity/Q23308606,2
http://www.wikidata.org/entity/Q23370710,4
http://www.wikidata.org/entity/Q23371111,4
http://www.wikidata.org/entity/Q23371371,14
http://www.wikidata.org/entity/Q23371742,4
http://www.wikidata.org/entity/Q23397669,2
http://www.wikidata.org/entity/Q23449308,2
http://www.wikidata.org/entity/Q23645127,3
http://www.wikidata.org/entity/Q23645136,2
http://www.wikidata.org/entity/Q23645153,2
http://www.wikidata.org/entity/Q23652673,1
http://www.wikidata.org/entity/Q23652715,4
http://www.wikidata.org/entity/Q23652725,4
http://www.wikidata.org/entity/Q23655252,1
http://www.wikidata.org/entity/Q23655260,2
http://www.wikidata.org/entity/Q23655951,4
http://www.wikidata.org/entity/Q23656123,2
http://www.wikidata.org/entity/Q23656524,1
http://www.wikidata.org/entity/Q23656563,6
http://www.wikidata.org/entity/Q23656601,2
http://www.wikidata.org/entity/Q23656695,1
http://www.wikidata.org/entity/Q23656701,2
http://www.wikidata.org/entity/Q23667511,4
http://www.wikidata.org/entity/Q23816386,1
http://www.wikidata.org/entity/Q23893862,1
http://www.wikidata.org/entity/Q23901509,4
http://www.wikidata.org/entity/Q23907775,2
http://www.wikidata.org/entity/Q24010007,1
http://www.wikidata.org/entity/Q24010753,2
http://www.wikidata.org/entity/Q24025536,2
http://www.wikidata.org/entity/Q24350571,2
http://www.wikidata.org/entity/Q24351053,4
http://www.wikidata.org/entity/Q24351214,2
http://www.wikidata.org/entity/Q24352829,6
http://www.wikidata.org/entity/Q24469781,2
http://www.wikidata.org/entity/Q24619942,4
http://www.wikidata.org/entity/Q24924630,1
http://www.wikidata.org/entity/Q24938138,4
http://www.wikidata.org/entity/Q25149011,1
http://www.wikidata.org/entity/Q25155450,1
http://www.wikidata.org/entity/Q25252732,2
http://www.wikidata.org/entity/Q25270489,2
http://www.wikidata.org/entity/Q25396281,2
http://www.wikidata.org/entity/Q25396295,2
http://www.wikidata.org/entity/Q25927623,3
http://www.wikidata.org/entity/Q25999578,3
http://www.wikidata.org/entity/Q26218420,1
http://www.wikidata.org/entity/Q26243811,3
http://www.wikidata.org/entity/Q26255387,2
http://www.wikidata.org/entity/Q26255995,2
http://www.wikidata.org/entity/Q26295712,3
http://www.wikidata.org/entity/Q26700523,1
http://www.wikidata.org/entity/Q26769547,3
http://www.wikidata.org/entity/Q26776798,3
http://www.wikidata.org/entity/Q26776859,4
http://www.wikidata.org/entity/Q27196176,2
http://www.wikidata.org/entity/Q27831894,1
http://www.wikidata.org/entity/Q27863607,2
http://www.wikidata.org/entity/Q27889034,8
http://www.wikidata.org/entity/Q28057310,1
http://www.wikidata.org/entity/Q28061727,4
http://www.wikidata.org/entity/Q28070707,4
http://www.wikidata.org/entity/Q28086206,2
http://www.wikidata.org/entity/Q28086612,2
http://www.wikidata.org/entity/Q28123127,2
http://www.wikidata.org/entity/Q28152056,1
http://www.wikidata.org/entity/Q28354800,2
http://www.wikidata.org/entity/Q28354928,2
http://www.wikidata.org/entity/Q28355080,4
http://www.wikidata.org/entity/Q28355333,4
http://www.wikidata.org/entity/Q28357568,2
http://www.wikidata.org/entity/Q28359237,1
http://www.wikidata.org/entity/Q28359392,2
http://www.wikidata.org/entity/Q28359975,2
http://www.wikidata.org/entity/Q28474458,1
http://www.wikidata.org/entity/Q28498779,1
http://www.wikidata.org/entity/Q28500497,2
http://www.wikidata.org/entity/Q28500856,2
http://www.wikidata.org/entity/Q28595284,8
http://www.wikidata.org/entity/Q28665010,1
http://www.wikidata.org/entity/Q28722428,2
http://www.wikidata.org/entity/Q28826292,6
http://www.wikidata.org/entity/Q28842694,2
http://www.wikidata.org/entity/Q29054042,2
http://www.wikidata.org/entity/Q29359175,8
http://www.wikidata.org/entity/Q29359560,4
http://www.wikidata.org/entity/Q29359770,4
http://www.wikidata.org/entity/Q29359781,2
http://www.wikidata.org/entity/Q29367068,1
http://www.wikidata.org/entity/Q29368495,9
http://www.wikidata.org/entity/Q29368505,6
http://www.wikidata.org/entity/Q29882454,1
http://www.wikidata.org/entity/Q29913252,1
http://www.wikidata.org/entity/Q30016634,2
http://www.wikidata.org/entity/Q30069808,1
http://www.wikidata.org/entity/Q30155820,4
http://www.wikidata.org/entity/Q30345007,2
http://www.wikidata.org/entity/Q30345638,2
http://www.wikidata.org/entity/Q30345700,3
http://www.wikidata.org/entity/Q30346333,2
http://www.wikidata.org/entity/Q30346362,8
http://www.wikidata.org/entity/Q30557498,4
http://www.wikidata.org/entity/Q30879450,1
http://www.wikidata.org/entity/Q30879532,3
http://www.wikidata.org/entity/Q30880436,1
http://www.wikidata.org/entity/Q30880506,2
http://www.wikidata.org/entity/Q30880578,1
http://www.wikidata.org/entity/Q30895429,1
http://www.wikidata.org/entity/Q31299743,2
http://www.wikidata.org/entity/Q32362161,10
http://www.wikidata.org/entity/Q34045627,4
http://www.wikidata.org/entity/Q35265630,2
http://www.wikidata.org/entity/Q38123827,3
http://www.wikidata.org/entity/Q38692969,6
http://www.wikidata.org/entity/Q39040082,10
http://www.wikidata.org/entity/Q39389496,2
http://www.wikidata.org/entity/Q39390342,1
http://www.wikidata.org/entity/Q39390940,2
http://www.wikidata.org/entity/Q39391272,2
http://www.wikidata.org/entity/Q41199846,2
http://www.wikidata.org/entity/Q41201559,2
http://www.wikidata.org/entity/Q41573736,6
http://www.wikidata.org/entity/Q41573748,2
http://www.wikidata.org/entity/Q41633222,2
http://www.wikidata.org/entity/Q43426448,2
http://www.wikidata.org/entity/Q43427114,2
http://www.wikidata.org/entity/Q43784993,1
http://www.wikidata.org/entity/Q44155895,1
http://www.wikidata.org/entity/Q47452935,2
http://www.wikidata.org/entity/Q47457007,4
http://www.wikidata.org/entity/Q48034422,2
http://www.wikidata.org/entity/Q48513864,2
http://www.wikidata.org/entity/Q48954194,2
http://www.wikidata.org/entity/Q50380534,2
http://www.wikidata.org/entity/Q51621229,1
http://www.wikidata.org/entity/Q51725303,2
http://www.wikidata.org/entity/Q51733893,2
http://www.wikidata.org/entity/Q51940329,1
http://www.wikidata.org/entity/Q51954788,1
http://www.wikidata.org/entity/Q53255457,4
http://www.wikidata.org/entity/Q53848600,1
http://www.wikidata.org/entity/Q53861721,4
http://www.wikidata.org/entity/Q53864955,3
http://www.wikidata.org/entity/Q53914996,6
http://www.wikidata.org/entity/Q53923719,6
http://www.wikidata.org/entity/Q53973613,2
http://www.wikidata.org/entity/Q53977158,6
http://www.wikidata.org/entity/Q54007455,4
http://www.wikidata.org/entity/Q54086508,4
http://www.wikidata.org/entity/Q54141962,6
http://www.wikidata.org/entity/Q54197340,1
http://www.wikidata.org/entity/Q54493525,4
http://www.wikidata.org/entity/Q54494576,2
http://www.wikidata.org/entity/Q54878610,2
http://www.wikidata.org/entity/Q54935618,4
http://www.wikidata.org/entity/Q55102022,2
http://www.wikidata.org/entity/Q55102221,2
http://www.wikidata.org/entity/Q55102258,2
http://www.wikidata.org/entity/Q55104048,4
http://www.wikidata.org/entity/Q55104107,2
http://www.wikidata.org/entity/Q55104689,2
http://www.wikidata.org/entity/Q55104695,2
http://www.wikidata.org/entity/Q55107544,2
http://www.wikidata.org/entity/Q55108436,2
http://www.wikidata.org/entity/Q55197060,1
http://www.wikidata.org/entity/Q55264828,2
http://www.wikidata.org/entity/Q55650462,2
http://www.wikidata.org/entity/Q55813744,1
http://www.wikidata.org/entity/Q56042906,4
http://www.wikidata.org/entity/Q56090451,8
http://www.wikidata.org/entity/Q56090483,4
http://www.wikidata.org/entity/Q56096257,2
http://www.wikidata.org/entity/Q56186777,4
http://www.wikidata.org/entity/Q56226056,1
http://www.wikidata.org/entity/Q56308813,1
http://www.wikidata.org/entity/Q56611710,6
http://www.wikidata.org/entity/Q56640538,3
http://www.wikidata.org/entity/Q57573358,10
http://www.wikidata.org/entity/Q57585098,1
http://www.wikidata.org/entity/Q58485162,2
http://www.wikidata.org/entity/Q58887555,2
http://www.wikidata.org/entity/Q58917831,2
http://www.wikidata.org/entity/Q59304324,4
http://www.wikidata.org/entity/Q60029619,1
http://www.wikidata.org/entity/Q60826728,4
http://www.wikidata.org/entity/Q60826934,2
http://www.wikidata.org/entity/Q60828620,2
http://www.wikidata.org/entity/Q60829960,1
http://www.wikidata.org/entity/Q60831159,4
http://www.wikidata.org/entity/Q60831168,1
http://www.wikidata.org/entity/Q60832156,1
http://www.wikidata.org/entity/Q61043859,1
http://www.wikidata.org/entity/Q61134210,1
http://www.wikidata.org/entity/Q61137048,2
http://www.wikidata.org/entity/Q61636491,1
http://www.wikidata.org/entity/Q62082009,2
http://www.wikidata.org/entity/Q62121815,2
http://www.wikidata.org/entity/Q62201199,2
http://www.wikidata.org/entity/Q62439362,1
http://www.wikidata.org/entity/Q62570454,2
http://www.wikidata.org/entity/Q62631357,2
http://www.wikidata.org/entity/Q63226220,4
http://www.wikidata.org/entity/Q63442078,1
http://www.wikidata.org/entity/Q63847124,1
http://www.wikidata.org/entity/Q63877376,2
http://www.wikidata.org/entity/Q64005353,1
http://www.wikidata.org/entity/Q64027170,2
http://www.wikidata.org/entity/Q64438316,2
http://www.wikidata.org/entity/Q64590556,1
http://www.wikidata.org/entity/Q65031716,2
http://www.wikidata.org/entity/Q65032118,2
http://www.wikidata.org/entity/Q65124250,2
http://www.wikidata.org/entity/Q65128830,2
http://www.wikidata.org/entity/Q65146582,2
http://www.wikidata.org/entity/Q65683852,1
http://www.wikidata.org/entity/Q65966713,1
http://www.wikidata.org/entity/Q66011519,2
http://www.wikidata.org/entity/Q66382788,2
http://www.wikidata.org/entity/Q67362420,1
http://www.wikidata.org/entity/Q69997210,4
http://www.wikidata.org/entity/Q71869813,1
http://www.wikidata.org/entity/Q72044108,1
http://www.wikidata.org/entity/Q74994532,1
http://www.wikidata.org/entity/Q76830408,2
http://www.wikidata.org/entity/Q76903023,2
http://www.wikidata.org/entity/Q77264457,1
http://www.wikidata.org/entity/Q77420754,2
http://www.wikidata.org/entity/Q78155087,2
http://www.wikidata.org/entity/Q78441947,2
http://www.wikidata.org/entity/Q83366359,1
http://www.wikidata.org/entity/Q84492940,2
http://www.wikidata.org/entity/Q84719798,1
http://www.wikidata.org/entity/Q84720494,2
http://www.wikidata.org/entity/Q84725482,1
http://www.wikidata.org/entity/Q85988048,2
http://www.wikidata.org/entity/Q86094808,2
http://www.wikidata.org/entity/Q87130553,1
http://www.wikidata.org/entity/Q88422122,1
http://www.wikidata.org/entity/Q88965320,2
http://www.wikidata.org/entity/Q89310680,1
http://www.wikidata.org/entity/Q89423552,1
http://www.wikidata.org/entity/Q89575461,4
http://www.wikidata.org/entity/Q90159037,1
http://www.wikidata.org/entity/Q90415477,1
http://www.wikidata.org/entity/Q90647378,1
http://www.wikidata.org/entity/Q90986181,1
http://www.wikidata.org/entity/Q91110009,1
http://www.wikidata.org/entity/Q91786911,1
http://www.wikidata.org/entity/Q92090193,2
http://www.wikidata.org/entity/Q93318522,1
http://www.wikidata.org/entity/Q93593591,1
http://www.wikidata.org/entity/Q93887868,2
http://www.wikidata.org/entity/Q98000326,1
http://www.wikidata.org/entity/Q99938299,1
http://www.wikidata.org/entity/Q100159848,2
http://www.wikidata.org/entity/Q102037994,1
http://www.wikidata.org/entity/Q102119812,1
http://www.wikidata.org/entity/Q102124549,1
http://www.wikidata.org/entity/Q102312235,1
http://www.wikidata.org/entity/Q102350892,2
http://www.wikidata.org/entity/Q102356208,1
http://www.wikidata.org/entity/Q102356696,2
http://www.wikidata.org/entity/Q102434851,1
http://www.wikidata.org/entity/Q102848332,2
http://www.wikidata.org/entity/Q104038467,1
http://www.wikidata.org/entity/Q104630230,10
http://www.wikidata.org/entity/Q104767566,2
http://www.wikidata.org/entity/Q104856734,1