 Эйлер, Леонард: 263.57
 Колмогоров, Андрей Николаевич: 211.51
 Громов, Михаил Леонидович: 172.25
 Арнольд, Владимир Игоревич: 140.19
 Боголюбов, Николай Николаевич: 140.0
 Новиков, Сергей Петрович: 135.81
 Алфёров, Жорес Иванович: 129.25
 Канторович, Леонид: 120.12
 Ландау, Лев Давидович: 111.89
 Перельман, Григорий Яковлевич: 110.54
 Зарицкий, Мирон Онуфриевич: 109.83
 Гельфанд, Израиль Моисеевич: 109.46
 Ляпунов, Александр Михайлович: 104.9
 Бернулли, Николай: 102.54
 Фридман, Александр Александрович: 96.77
 Фаддеев, Людвиг Дмитриевич: 95.79
 Чебышёв, Пафнутий Львович: 95.38
 Коротаев, Андрей Витальевич: 94.48
 Бернштейн, Сергей Натанович: 93.89
 Островский, Александр Маркович: 93.88
 Циолковский, Константин Эдуардович: 92.86
 Куратовский, Казимир: 92.4
 Шафаревич, Игорь Ростиславович: 91.49
 Тихонов, Андрей Николаевич: 90.47
 Понтрягин, Лев Семёнович: 90.28
 Манин, Юрий Иванович: 89.45
 Александров, Александр Данилович: 89.45
 Хинчин, Александр Яковлевич: 88.13
 Безикович, Абрам Самойлович: 87.64
 Александров, Павел Сергеевич: 86.61
 Лобачевский, Николай Иванович: 83.55
 Виноградов, Иван Матвеевич: 81.03
 Синай, Яков Григорьевич: 80.87
 Андерсон, Оскар Николаевич: 80.39
 Фоменко, Анатолий Тимофеевич: 80.21
 Лузин, Николай Николаевич: 79.18
 Березовский, Борис Абрамович: 76.71
 Ломоносов, Михаил Васильевич: 76.6
 Ладыженская, Ольга Александровна: 76.13
 Ковалевская, Софья Васильевна: 75.27
 Марчук, Гурий Иванович: 75.23
 Шмидт, Отто Юльевич: 74.07
 Соболев, Сергей Львович: 73.65
 Стеклов, Владимир Андреевич: 72.07
 Келдыш, Мстислав Всеволодович: 71.63
 Садовничий, Виктор Антонович: 71.43
 Никольский, Сергей Михайлович: 70.91
 Элиашберг, Яков Матвеевич: 70.06
 Чаплыгин, Сергей Алексеевич: 69.34
 Моисеев, Никита Николаевич: 68.23
 Олейник, Ольга: 68.09
 Глушков, Виктор Михайлович: 67.81
 Альфорс, Ларс: 65.68
 Каждан, Давид: 65.4
 Делоне, Борис Николаевич: 65.09
 Мусхелишвили, Николай: 64.63
 Щаранский, Натан: 62.56
 Жданок, Татьяна Аркадьевна: 62.31
 Осипов, Юрий Сергеевич: 62.14
 Ружанский, Михаил: 62.0
 Годунов, Сергей Константинович: 61.89
 Степанов, Родион Александрович: 61.52
 Петровский, Иван Георгиевич: 60.87
 Капица, Сергей Петрович: 60.39
 Козлов, Валерий Васильевич: 60.07
 Афанасьева, Татьяна Алексеевна: 59.76
 Владимиров, Василий Сергеевич: 59.37
 Пятецкий-Шапиро, Илья Иосифович: 59.26
 Лаврентьев, Михаил Алексеевич: 59.24
 Маргулис, Григорий: 59.14
 Хоружий, Сергей Сергеевич: 59.1
 Воеводин, Валентин Васильевич: 58.75
 Кравчук, Михаил Филиппович: 58.59
 Котельников, Владимир Александрович: 58.47
 Гнеденко, Борис Владимирович: 58.43
 Самарский, Александр Андреевич: 57.83
 Векуа, Илья: 57.77
 Остроградский, Михаил Васильевич: 56.86
 Кикоин, Исаак Константинович: 56.09
 Матиясевич, Юрий Владимирович: 56.07
 Дринфельд, Владимир: 55.44
 Крейн, Марк Григорьевич: 55.15
 Успенский, Пётр Демьянович: 54.92
 Курош, Александр Геннадиевич: 54.51
 Денисов, Эдисон Васильевич: 54.4
 Линник, Юрий Владимирович: 54.13
 Ратнер, Марина Евсеевна: 53.48
 Болтянский, Владимир Григорьевич: 53.43
 Баренблатт, Григорий Исаакович: 53.39
 Зельманов, Ефим: 53.22
 Флоренский, Павел Александрович: 52.89
 Трахтенброт, Борис Авраамович: 52.71
 Левенштейн, Владимир Иосифович: 52.69
 Дородницын, Анатолий: 52.52
 Винберг, Эрнест Борисович: 52.43
 Смирнов, Станислав Константинович: 51.87
 Дынкин, Евгений: 51.75
 Акаев, Аскар Акаевич: 50.99
 Маслов, Виктор Павлович: 50.87
 Слонимский, Зиновий Яковлевич: 50.78
 Егоров, Дмитрий Фёдорович: 50.38
 Гамкрелидзе, Реваз Валерианович: 50.31
 Крылов, Алексей Николаевич: 50.22
 Карапетян, Гарник: 50.2
 Гохберг, Израиль Цудикович: 49.91
 Кац, Виктор: 49.86
 Шапиро, Зоря Яковлевна: 49.73
 Карацуба, Анатолий Алексеевич: 49.05
 Линделёф, Эрнст Леонард: 49.0
 Каган, Вениамин Фёдорович: 49.0
 Седов, Леонид Иванович: 48.82
 Русаков, Сергей Владимирович: 48.55
 Люстерник, Лазарь Аронович: 48.53
 Жуковский, Николай Егорович: 48.4
 Концевич, Максим: 48.11
 Ильин, Владимир Александрович: 48.11
 Гливенко, Валерий Иванович: 48.09
 Васильев, Виктор Анатольевич: 47.97
 Галеркин, Борис Григорьевич: 47.93
 Смирнов, Владимир Иванович: 47.82
 Тарский, Альфред: 47.7
 Гельфонд, Александр Осипович: 47.58
 Митропольский, Юрий Алексеевич: 47.41
 Платонов, Владимир Петрович: 47.01
 Погорелов, Алексей Васильевич: 46.97
 Марченко, Владимир Александрович: 46.91
 Соколов, Юрий Дмитриевич: 46.39
 Холево, Александр Семёнович: 45.85
 Браиловский, Виктор Львович: 45.72
 Буняковский, Виктор Яковлевич: 45.67
 Лууре, Андрес: 45.65
 Ольшанский, Александр Юрьевич: 45.17
 Красовский, Николай Николаевич: 45.01
 Тамаркин, Яков Давидович: 44.95
 Вершик, Анатолий Моисеевич: 44.51
 Ширяев, Альберт Николаевич: 44.45
 Бахвалов, Николай Сергеевич: 44.43
 Зак, Николай Фёдорович: 43.87
 Яновская, Софья Александровна: 43.55
 Ганнушкина, Светлана Алексеевна: 43.5
 Лидский, Виктор Борисович: 43.49
 Захаров, Владимир Евгеньевич: 43.41
 Мордухай-Болтовской, Дмитрий Дмитриевич: 43.3
 Бернштейн, Иосиф Наумович: 43.28
 Суслин, Михаил Яковлевич: 43.14
 Охоцимский, Дмитрий Евгеньевич: 43.05
 Ляпунов, Алексей Андреевич: 42.93
 Цингер, Василий Яковлевич: 42.93
 Смирнов, Николай Васильевич: 42.91
 Граве, Дмитрий Александрович: 42.82
 Кожевников, Павел Александрович: 42.81
 Житомирская, Светлана Яковлевна: 42.52
 Рвачёв, Владимир Логвинович: 42.51
 Лупанов, Олег Борисович: 42.49
 Адян, Сергей Иванович: 42.43
 Вроньский, Юзеф: 42.2
 Мергелян, Сергей Никитович: 42.07
 Постников, Михаил Михайлович: 41.93
 Мильман, Виталий Давидович: 41.68
 Паршин, Алексей Николаевич: 41.65
 Рапопорт, Анатолий Борисович: 41.59
 Мальцев, Анатолий Иванович: 41.55
 Ремез, Евгений Яковлевич: 41.49
 Polishchuk, Vyacheslav Kalashnikov: 41.22
 Чеботарёв, Николай Григорьевич: 40.51
 Фаддеев, Дмитрий Константинович: 40.37
 Кутателадзе, Семён: 40.21
 Сеченов, Иван Михайлович: 40.19
 Ахиезер, Наум: 40.19
 Слуцкий, Евгений Евгеньевич: 40.07
 Вапник, Владимир Наумович: 39.99
 Солодовников, Владимир Викторович: 39.97
 Юшкевич, Адольф Павлович: 39.75
 Меньшов, Дмитрий Евгеньевич: 39.65
 Фихтенгольц, Григорий: 39.56
 Ерёмин, Иван Иванович: 39.54
 Королёв, Лев Николаевич: 39.53
 Крылов, Николай Митрофанович: 39.48
 Зубов, Василий Павлович: 39.41
 Хованов, Михаил: 39.33
 Сусова, Галина Михайловна: 39.33
 Мищенко, Евгений Фролович: 39.13
 Аносов, Дмитрий Викторович: 38.99
 Тарунин, Евгений Леонидович: 38.83
 Кострикин, Алексей Иванович: 38.69
 Шпильрейн, Ян Николаевич: 38.65
 Исаханлы, Гамлет Абдулла оглы: 38.61
 Прохоров, Юрий Васильевич: 38.47
 Лебедев, Вячеслав Иванович: 38.41
 Келдыш, Людмила Всеволодовна: 38.25
 Кольман, Эрнест Яромирович: 38.23
 Филиппов, Алексей Фёдорович: 38.13
 Борткевич, Владислав Иосифович: 37.86
 Шнирельман, Лев Генрихович: 37.83
 Березин, Феликс Александрович: 37.66
 Забабахин, Евгений Иванович: 37.55
 Гребенщиков, Борис Борисович: 37.54
 Вербицкий, Михаил Сергеевич: 37.51
 Михайлов, Валентин Петрович: 37.45
 Немыцкий, Виктор Владимирович: 37.29
 Дуров, Николай: 37.16
 Богомолов, Фёдор: 37.09
 Башмаков, Марк Иванович: 37.06
 Ершов, Юрий Леонидович: 36.67
 Кит, Борис Владимирович: 36.58
 Тихомиров, Владимир Михайлович: 36.54
 Кочина, Пелагея Яковлевна: 36.53
 Белоцерковский, Олег Михайлович: 36.51
 Носовский, Глеб Владимирович: 36.45
 Виленкин, Наум Яковлевич: 36.45
 Окуньков, Андрей Юрьевич: 36.31
 Овсянников, Лев Васильевич: 36.23
 Чередник, Иван: 36.17
 Бронштейн, Идел Ушерович: 36.13
 Фусс, Николай Иванович: 36.1
 Ландо, Сергей Константинович: 35.96
 Шор, Наум Зуселевич: 35.89
 Ландис, Евгений Михайлович: 35.85
 Пенский, Олег Геннадьевич: 35.8
 Миндинг, Фердинанд: 35.68
 Гребеников, Евгений Александрович: 35.61
 Аракелян, Норайр Унанович: 35.57
 Гантмахер, Феликс Рувимович: 35.54
 Ширшов, Анатолий Илларионович: 35.49
 Штокало, Иосиф Захарович: 35.47
 Кашин, Борис: 35.45
 Решетняк, Юрий Григорьевич: 35.45
 Яглом, Акива Моисеевич: 35.29
 Райков, Дмитрий Абрамович: 35.29
 Успенский, Владимир Андреевич: 35.27
 Воеводский, Владимир Александрович: 35.01
 Болотов, Виктор Александрович: 34.92
 Купрадзе, Виктор Дмитриевич: 34.89
 Некрасов, Павел Алексеевич: 34.87
 Новиков, Пётр Сергеевич: 34.75
 Френкель, Эдвард: 34.64
 Гончар, Андрей Александрович: 34.61
 Григорчук, Ростислав Иванович: 34.61
 Вороной, Георгий Феодосьевич: 34.49
 Ремесленников, Владимир Никанорович: 34.38
 Пионтковский, Андрей: 34.29
 Андреев, Николай Николаевич: 34.21
 Лахтин, Леонид Кузьмич: 34.19
 Eрмеков, Алимхан: 34.1
 Жидков, Николай Петрович: 34.09
 Зелевинский, Андрей: 33.91
 Кубилюс, Йонас: 33.77
 Рохлин, Владимир: 33.63
 Шилов, Георгий Евгеньевич: 33.63
 Ершов, Андрей Петрович: 33.61
 Маланин, Владимир Владимирович: 33.56
 Плющ, Леонид Иванович: 33.52
 Ефимов, Николай Владимирович: 33.49
 Рипс, Илья Аронович: 33.42
 Перельман, Яков Исидорович: 33.34
 Харлампович, Ольга Георгиевна: 33.33
 Брин, Михаил Израилевич: 33.31
 Полянин, Андрей Дмитриевич: 33.21
 Хлебников, Михаил Владимирович: 33.15
 Ибрагимов, Ильдар Абдуллович: 33.05
 Кудрявцев, Лев Дмитриевич: 32.93
 Данилов, Владимир Иванович: 32.93
 Гельфанд, Сергей Израилевич: 32.89
 Мельник, Семён Ильич: 32.86
 Кириллов, Александр Александрович: 32.84
 Воеводин, Владимир Валентинович: 32.8
 Червоненкис, Алексей Яковлевич: 32.7
 Квасов, Дмитрий Викторович: 32.47
 Горбань, Александр Николаевич: 32.41
 Мазуров, Владимир Данилович: 32.3
 Урысон, Павел Самуилович: 32.28
 Боровков, Александр Алексеевич: 32.21
 Привалов, Иван Иванович: 32.17
 Бугаев, Николай Васильевич: 32.02
 Белецкий, Владимир Васильевич: 31.98
 Христианович, Сергей: 31.91
 Костицын, Владимир Александрович: 31.9
 Умов, Николай Алексеевич: 31.72
 Мойшезон, Борис Гершевич: 31.67
 Степин, Анатолий Михайлович: 31.63
 Левин, Леонид Анатольевич: 31.55
 Абрамов, Александр Александрович: 31.53
 Турчин, Валентин Фёдорович: 31.43
 Корнейчук, Николай Павлович: 31.39
 Жегалкин, Иван Иванович: 31.35
 Джекобсон, Натан: 31.16
 Уральцева, Нина: 31.09
 Воробьёв, Николай Николаевич: 31.06
 Конягин, Сергей Владимирович: 31.0
 Лебедев, Николай Фролович: 30.88
 Гихман, Иосиф Ильич: 30.83
 Райгородский, Андрей Михайлович: 30.83
 Добрушин, Роланд Львович: 30.81
 Граев, Марк Иосифович: 30.81
 Волковысский, Лев Израилевич: 30.79
 Стечкин, Сергей Борисович: 30.71
 Волков, Александр Мелентьевич: 30.7
 Цфасман, Михаил Анатольевич: 30.69
 Замятин, Алексей Петрович: 30.69
 Ретах, Владимир Соломонович: 30.69
 Молев, Александр: 30.58
 Черножуков, Виктор Викторович: 30.58
 Третьяков, Владимир Евгеньевич: 30.49
 Бугров, Яков Степанович: 30.41
 Вентцель, Елена Сергеевна: 30.39
 Энеев, Тимур Магометович: 30.39
 Орлов, Александр Иванович: 30.32
 Ляшко, Иван Иванович: 30.19
 Кузьмин, Родион Осиевич: 30.09
 Семячкин, Дмитрий: 30.07
 Новикова, Наталья Михайловна: 30.07
 Липовецкий, Арон: 30.02
 Копанский, Александр Яковлевич: 30.02
 Пажитнов, Алексей Леонидович: 29.98
 Селиванов, Дмитрий Фёдорович: 29.97
 Фон-дер-Флаасс, Дмитрий Германович: 29.85
 Тураев, Владимир Георгиевич: 29.78
 Капранов, Михаил Михайлович: 29.72
 Яблонский, Сергей Всеволодович: 29.69
 Мельников, Иван Иванович: 29.6
 Шрейдер, Юлий Анатольевич: 29.6
 Бердышев, Виталий Иванович: 29.58
 Иванов, Валентин Константинович: 29.54
 Каргаполов, Михаил Иванович: 29.53
 Ожигов, Юрий Игоревич: 29.32
 Разборов, Александр Александрович: 29.26
 Комраков, Борис Петрович: 29.23
 Азбелев, Николай Викторович: 29.13
 Монахов, Валентин Николаевич: 29.13
 Когбетлянц, Ерванд Геворгович: 29.13
 Миркес, Евгений Моисеевич: 29.06
 Суслонов, Владимир Михайлович: 29.06
 Пугачёв, Владимир Семёнович: 29.05
 Лавров, Пётр Лаврович: 29.02
 Малыгина, Вера Владимировна: 29.01
 Брашман, Николай Дмитриевич: 28.92
 Бененсон, Залман Михайлович: 28.91
 Максимов, Владимир Петрович: 28.9
 Бухштабер, Виктор Матвеевич: 28.89
 Сокольников, Иван: 28.88
 Дегаев, Сергей Петрович: 28.88
 Нуут, Юрий Юрьевич: 28.88
 Суслин, Андрей: 28.87
 Иванов, Сергей Владимирович (математик): 28.85
 Шатуновский, Самуил Осипович: 28.78
 Фомин, Сергей Васильевич: 28.71
 Гиндикин, Семён Григорьевич: 28.71
 Ващенко-Захарченко, Михаил Егорович: 28.66
 Хованский, Аскольд Георгиевич: 28.63
 Фаддеева, Вера Николаевна: 28.62
 Рудаков, Константин Владимирович: 28.61
 Андронов, Александр Александрович: 28.55
 Левин, Юрий Иосифович: 28.55
 Бари, Нина Карловна: 28.53
 Султангазин, Умирзак Махмутович: 28.43
 Есенин-Вольпин, Александр Сергеевич: 28.41
 Болибрух, Андрей Андреевич: 28.29
 Гокиели, Леван Петрович: 28.29
 Эйхенбаум, Яков Моисеевич: 28.24
 Шура-Бура, Михаил Романович: 28.15
 Ермаков, Василий Петрович: 28.14
 Бородин, Алексей Михайлович: 28.13
 Гайфуллин, Александр Александрович: 28.11
 Артёмов, Сергей Николаевич: 28.04
 Млодзиевский, Болеслав Корнелиевич: 27.94
 Пискунов, Николай Семёнович: 27.87
 Похожаев, Станислав: 27.71
 Ансов, Игорь: 27.69
 Архипов, Геннадий Иванович: 27.64
 Гутенмахер, Лев Израилевич: 27.63
 Рейссиг, Корнелий Христианович: 27.62
 Амербаев, Вильжан Мавлютинович: 27.59
 Верещагин, Иван Фёдорович: 27.59
 Моисеев, Евгений: 27.57
 Маканин, Владимир Семёнович: 27.46
 Варченко, Александр Николаевич: 27.45
 Мазалов, Владимир Викторович: 27.45
 Панин, Иван Александрович: 27.45
 Песин, Яков Борисович: 27.45
 Полтерович, Леонид Викторович: 27.38
 Вольберг, Александр Львович: 27.29
 Петров, Александр Александрович: 27.29
 Назаров, Фёдор Львович: 27.29
 Козин, Виктор Михайлович: 27.27
 Киселёв, Андрей Петрович: 27.22
 Кужугет, Али: 27.2
 Залгаллер, Виктор Абрамович: 27.15
 Авдеев, Николай Яковлевич: 27.08
 Афанасьев, Владимир: 27.08
 Гольдберг, Анатолий Асирович: 27.08
 Бурков, Владимир Николаевич: 27.05
 Александрян, Рафаэль Арамович: 27.0
 Ермаков, Сергей Михайлович: 26.95
 Витушкин, Анатолий Георгиевич: 26.91
 Владимирович, Скороход Анатолий: 26.87
 Налимов, Василий Васильевич: 26.87
 Малков, Сергей Юрьевич: 26.87
 Берштейн, Леонид Самойлович: 26.87
 Хусайнов, Абдурахман: 26.78
 Вишик, Марко Иосифович: 26.73
 Аристов, Владимир Владимирович: 26.73
 Джрбашян, Мхитар: 26.73
 Макаров, Валерий Леонидович: 26.7
 Амбарцумян, Рубен Викторович: 26.7
 Медведев, Павел Алексеевич: 26.66
 Ишлинский, Александр Юльевич: 26.63
 Выгодский, Марк Яковлевич: 26.61
 Глейзер, Григорий Давыдович: 26.61
 Извольский, Николай Александрович: 26.61
 Новиков, Дмитрий Александрович: 26.61
 Соловьёв, Александр Дмитриевич: 26.61
 Бобков, Сергей Германович: 26.61
 Акилов, Глеб Павлович: 26.61
 Щепкин, Павел Степанович: 26.56
 Баранаускас, Антанас: 26.5
 Яковлев, Вадим Иванович: 26.5
 Минлос, Роберт Адольфович: 26.35
 Шишмарев, Юрий Евгеньевич: 26.24
 Галушкин, Александр Иванович: 26.24
 Свешников, Алексей Георгиевич: 26.23
 Шварцбурд, Семён Исаакович: 26.19
 Пархоменко, Алексей Серапионович: 26.19
 Дужин, Сергей Васильевич: 26.19
 Банахевич, Тадеуш: 26.14
 Лумельский, Ян Петрович: 26.08
 Геворкян, Павел Самвелович: 26.03
 Дубровин, Борис Анатольевич: 26.01
 Деларю, Даниил Михайлович: 25.97
 Боль, Пирс Георгиевич: 25.96
 Гвишиани, Алексей Джерменович: 25.89
 Сарымсаков, Ташмухамед Алиевич: 25.7
 Журавлёв, Юрий Иванович: 25.67
 Снядецкий, Ян: 25.66
 Норден, Александр Петрович: 25.56
 Перевощиков, Дмитрий Матвеевич: 25.42
 Петришин, Вальтер Володимир: 25.42
 Цирельсон, Борис Семенович: 25.37
 Бицадзе, Андрей Васильевич: 25.37
 Шубников, Алексей Васильевич: 25.33
 Котельников, Александр Петрович: 25.16
 Виро, Олег Янович: 25.05
 Боревич, Зенон Иванович: 25.05
 Агаханов, Назар Хангельдыевич: 25.05
 Марджанишвили, Константин Константинович: 25.05
 Поляков, Николай Викторович: 25.05
 Сретенский, Леонид Николаевич: 25.05
 Веденяпин, Виктор Валентинович: 24.77
 Константинов, Николай Николаевич: 24.77
 Атанасян, Левон Сергеевич: 24.77
 Волович, Игорь Васильевич: 24.77
 Топоногов, Виктор Андреевич: 24.7
 Хеннер, Евгений Карлович: 24.68
 Кадец, Михаил Иосифович: 24.63
 Чехлов, Валерий Иванович: 24.58
 Рышков, Сергей Сергеевич: 24.47
 Халфин, Леонид Александрович: 24.36
 Голузин, Геннадий Михайлович: 24.35
 Aleksidze, Merab: 24.3
 Магницкий, Леонтий Филиппович: 24.28
 Слешинский, Иван Владиславович: 24.28
 Лавров, Святослав Сергеевич: 24.27
 Соболев, Владимир Иванович: 24.21
 Серебряков, Владимир Алексеевич: 24.21
 Деза, Мишель Мари: 24.16
 Милин, Исаак Моисеевич: 24.16
 Васильев, Фёдор Павлович: 24.13
 Таран, Татьяна Архиповна: 24.1
 Хачиян, Леонид Генрихович: 24.04
 Фейгин, Борис Львович: 23.99
 Немировский, Аркадий Семёнович: 23.97
 Шишмарёв, Илья Андреевич: 23.93
 Махнёв, Александр Алексеевич: 23.93
 Гершгорин, Семён Аронович: 23.88
 Порецкий, Платон Сергеевич: 23.86
 Соболь, Илья Меерович: 23.86
 Ульянов, Пётр Лаврентьевич: 23.86
 Рачинский, Сергей Александрович: 23.79
 Бакиров, Наиль Кутлужанович: 23.79
 Ашихмин, Валерий Николаевич: 23.74
 Савич, Сергей Евгеньевич: 23.74
 Крыштановский, Александр Олегович: 23.63
 Шноль, Эммануил Эльевич: 23.63
 Мисюркеев, Иван Васильевич: 23.63
 Цыганков, Иван Власович: 23.63
 Арефьева, Ирина Ярославна: 23.63
 Трофимов, Пётр Иванович: 23.63
 Пономарёв, Лев: 23.61
 Герасимов, Вадим: 23.61
 Рашевский, Пётр Константинович: 23.57
 Кондратьев, Владимир Александрович: 23.53
 Кошляков, Николай Сергеевич: 23.52
 Кордемский, Борис Анастасьевич: 23.49
 Андросенко, Пётр Александрович: 23.37
 Сохоцкий, Юлиан Васильевич: 23.34
 Нестеренко, Юрий Валентинович: 23.32
 Малинин, Александр Фёдорович: 23.32
 Юдин, Давид Борисович: 23.27
 Бейлинсон, Александр Александрович: 23.25
 Емельянов, Станислав Васильевич: 23.25
 Яненко, Николай Николаевич: 23.22
 Протасов, Владимир Юрьевич: 23.15
 Бураго, Юрий Дмитриевич: 23.11
 Дикштейн, Самуэль: 23.02
 Розенфельд, Борис Абрамович: 23.02
 Хорол, Давид Моисеевич: 22.99
 Мильман, Давид Пинхусович: 22.97
 Пименов, Револьт Иванович: 22.95
 Шень, Александр: 22.95
 Шоргин, Сергей Яковлевич: 22.91
 Стратонович, Руслан Леонтьевич: 22.76
 Хазанкин, Роман Григорьевич: 22.74
 Мищенко, Александр Сергеевич: 22.73
 Эрдниев, Пюрвя Мучкаевич: 22.69
 Геронимус, Яков Лазаревич: 22.65
 Фоминых, Юрий Федорович: 22.63
 Ашраф: 22.43
 Бабич, Василий Михайлович: 22.43
 Архангельский, Александр Владимирович: 22.32
 Долгопят, Дмитрий Ильич: 22.32
 Субботин, Михаил Фёдорович: 22.3
 Кары-Ниязов, Ташмухамед Ниязович: 22.29
 Бесов, Олег Владимирович: 22.27
 Левитан, Борис Моисеевич: 22.27
 Гивенталь, Александр Борисович: 22.23
 Абаканович, Бруно: 22.2
 Сосинский, Алексей Брониславович: 22.18
 Зигель, Феликс Юрьевич: 22.18
 Ентов, Владимир Маркович: 22.18
 Забродин, Алексей Валериевич: 22.16
 Виноградов, Дмитрий Вячеславович: 21.94
 Позняк, Эдуард Генрихович: 21.9
 Ильин, Арлен Михайлович: 21.87
 Гончаров, Сергей Савостьянович: 21.87
 Спринджук, Владимир Геннадьевич: 21.81
 Маричев, Олег Игоревич: 21.81
 Араркцян, Бабкен Гургенович: 21.81
 Исковских, Василий Алексеевич: 21.81
 Шильников, Леонид Павлович: 21.81
 Борисов, Виктор Васильевич: 21.81
 Кудрявцев, Валерий Борисович: 21.81
 Михлин, Соломон Григорьевич: 21.76
 Летников, Алексей Васильевич: 21.76
 Линдеберг, Ярл Вальдемар: 21.66
 Марков, Александр Александрович: 21.59
 Васильев, Николай Александрович: 21.46
 Ильяшенко, Юлий: 21.46
 Поссе, Константин Александрович: 21.46
 Сазонов, Вячеслав Васильевич: 21.43
 Серганова, Вера Владимировна: 21.39
 Малкин, Иоэль Гильевич: 21.34
 Миронов, Павел Миронович: 21.34
 Белавкин, Вячеслав Павлович: 21.34
 Шпачинский, Эразм Корнелиевич: 21.34
 Шифрин, Борис Фридманович: 21.23
 Бартельс, Мартин Фёдорович: 21.08
 Эйлер, Иоганн Альбрехт: 21.04
 Налимов, Евгений Викторович: 21.04
 Хруслов, Евгений Яковлевич: 21.03
 Тыртышников, Евгений Евгеньевич: 21.01
 Кублановская, Вера Николаевна: 20.99
 Витт, Александр Адольфович: 20.97
 Герасименко, Пётр Васильевич: 20.97
 Бутягин, Алексей Сергеевич: 20.97
 Фролов, Николай Адрианович: 20.97
 Холодов, Александр Сергеевич: 20.97
 Френкель, Игорь: 20.94
 Попов, Георгий Николаевич: 20.76
 Краснощёков, Павел Сергеевич: 20.73
 Гоппа, Валерий Денисович: 20.55
 Шмульян, Витольд Львович: 20.52
 Буссе, Фёдор Иванович: 20.5
 Прасолов, Виктор Васильевич: 20.5
 Сабинин, Лев Васильевич: 20.5
 Фарварсон, Генри: 20.5
 Коллинс, Эдуард Давыдович: 20.5
 Vakhania, Niko: 20.5
 Павлов, Борис Сергеевич: 20.47
 Рыбников, Константин Алексеевич: 20.43
 Радыно, Яков Валентинович: 20.39
 Садовничий, Юрий Викторович: 20.39
 Садовничая, Инна Викторовна: 20.39
 Слудский, Фёдор Алексеевич: 20.33
 Гагаев, Борис Михайлович: 20.33
 Ворович, Иосиф: 20.31
 Елепов, Борис Степанович: 20.27
 Некрасов, Александр Иванович: 20.24
 Лейбензон, Леонид Самуилович: 20.22
 Каток, Анатолий Борисович: 20.2
 Базен, Пьер-Доминик: 20.2
 Вощинин, Александр Павлович: 20.17
 Максудов, Фарамаз Газанфар оглы: 20.17
 Петров, Алексей Зиновьевич: 20.13
 Волевич, Леонид Романович: 20.13
 Тростников, Виктор Николаевич: 20.13
 Калужнин, Лев Аркадьевич: 20.13
 Конторович, Пётр Григорьевич: 20.13
 Давидов, Август Юльевич: 20.12
 Абрамов, Сергей Михайлович: 20.11
 Герман, Якоб: 20.1
 Земляков, Александр Николаевич: 20.08
 Курганов, Николай Гаврилович: 20.08
 Драгалин, Альберт: 20.08
 Демидович, Борис Павлович: 20.03
 Богданов, Рифкат Ибрагимович: 20.03
 Кушниренко, Анатолий Георгиевич: 19.97
 Столяр, Абрам Аронович: 19.97
 Миков, Александр Иванович: 19.97
 Свирежев, Юрий Михайлович: 19.91
 Сигал, Израиль Хаимович: 19.91
 Шамолин, Максим Владимирович: 19.91
 Сегал, Бенцион Израилевич: 19.91
 Оселедец, Валерий Иустинович: 19.91
 Пинскер, Марк: 19.87
 Григорьев, Дмитрий Юрьевич: 19.84
 Эпинус, Франц Ульрих Теодор: 19.8
 Аракелов, Сурен Юрьевич: 19.8
 Бобров, Сергей Павлович: 19.78
 Линделёф, Лоренц: 19.78
 Зорич, Владимир Антонович: 19.75
 Малинецкий, Георгий Геннадьевич: 19.75
 Тужилин, Алексей Августинович: 19.75
 Беклемишев, Лев Дмитриевич: 19.71
 Бугров, Александр: 19.71
 Букреев, Борис Яковлевич: 19.68
 Гусаренко, Сергей Алексеевич: 19.66
 Джумадильдаев, Аскар Серкулович: 19.61
 Гольц, Ольга Владимировна: 19.59
 Леонтьев, Алексей Фёдорович: 19.59
 Сулицкий, Владимир Николаевич: 19.54
 Челкак, Дмитрий Сергеевич: 19.5
 Логунов, Александр Андреевич: 19.47
 Сатаров, Георгий Александрович: 19.41
 Тосунян, Гарегин Ашотович: 19.41
 Степанов, Вячеслав: 19.33
 Голод, Евгений Соломонович: 19.31
 Габович, Евгений Яковлевич: 19.29
 Бурков, Владимир Дмитриевич: 19.29
 Карацуба, Екатерина Анатольевна: 19.29
 Шаповалов, Александр Васильевич: 19.29
 Фомин, Сергей Владимирович: 19.28
 Крафт, Георг Вольфганг: 18.94
 Сонин, Николай Яковлевич: 18.94
 Делоне, Николай Борисович: 18.94
 Сендеров, Валерий Анатольевич: 18.94
 Мощевитин, Николай Германович: 18.92
 Герман, Олег Николаевич: 18.92
 Федоренко, Радий Петрович: 18.91
 Бобылёв, Николай Антонович: 18.91
 Трахтман, Абрам Наумович: 18.84
 Романовский, Всеволод Иванович: 18.82
 Михалевич, Владимир Сергеевич: 18.77
 Брудно, Александр Львович: 18.72
 Костомаров, Дмитрий Павлович: 18.63
 Онищик, Аркадий Львович: 18.57
 Вагнер, Виктор Владимирович: 18.56
 Адодуров, Василий Евдокимович: 18.52
 Никольский, Николай: 18.52
 Демидов, Сергей: 18.35
 Танаев, Вячеслав Сергеевич: 18.31
 Фабрикант, Валерий Иосифович: 18.3
 Золотарёв, Егор Иванович: 18.26
 Поташёв, Максим: 18.24
 Бочкарёв, Сергей Викторович: 18.21
 Виноградов, Аскольд Иванович: 18.19
 Тузиков, Александр Васильевич: 18.17
 Воронин, Сергей Михайлович: 18.1
 Бобынин, Виктор Викторович: 18.1
 Лавут, Александр Павлович: 18.1
 Мышкис, Анатолий Дмитриевич: 18.1
 Шабат, Борис Владимирович: 18.1
 Девингталь, Юрий Владимирович: 18.1
 Дезин, Алексей Алексеевич: 18.07
 Субботин, Андрей Измайлович: 18.07
 Диткин, Виталий Арсеньевич: 18.07
 Алескеров, Фуад Тагиевич: 18.07
 Наймарк, Марк Аронович: 18.05
 Гюнтер, Николай Максимович: 18.0
 Браверман, Елена Яновна: 17.99
 Коваленко, Игорь Николаевич: 17.79
 Шеметков, Леонид Александрович: 17.79
 Дорофеева, Алла Владимировна: 17.77
 Молин, Фёдор Эдуардович: 17.75
 Этингоф, Павел Ильич: 17.73
 Соколов, Иван Дмитриевич: 17.73
 Митягин, Борис Самуилович: 17.73
 Баранников, Сергей Александрович: 17.73
 Коровкин, Павел Петрович: 17.68
 Салтыков, Николай Николаевич: 17.68
 Даватц, Владимир: 17.68
 Лефевр, Владимир Александрович: 17.68
 Могильницкий, Вадим Анатольевич: 17.68
 Степанец, Александр Иванович: 17.65
 Тюрин, Андрей Николаевич: 17.51
 Кузнецов, Владимир: 17.51
 Марков, Андрей Андреевич: 17.47
 Палто, Сергей Петрович: 17.31
 Кваша, Гершко Иосифович: 17.26
 Лёвшин, Владимир Артурович: 17.26
 Фусс, Павел Николаевич: 17.26
 Шохор-Троцкий, Семён Ильич: 17.26
 Лойко, Михаил Фёдорович: 17.26
 Нечаев, Василий Ильич: 17.23
 Павловский, Юрий Николаевич: 17.23
 Чушкин, Павел Иванович: 17.23
 Абрашкин, Виктор Александрович: 17.23
 Лаврик, Александр Фёдорович: 17.23
 Крейн, Селим Григорьевич: 17.19
 Дробышев, Юрий Александрович: 17.15
 Глазман, Израиль Маркович: 17.15
 Дзядык, Владислав Кириллович: 17.09
 Чумаков, Фёдор Иванович: 17.09
 Слободянский, Михаил Григорьевич: 17.09
 Евграфов, Марат: 16.93
 Игнатовский, Владимир Сергеевич: 16.91
 Касьянов, Виктор Николаевич: 16.89
 Q6462767: 16.89
 Потапов, Владимир: 16.89
 Гаврилов, Гарий Петрович: 16.89
 Stakhov, Alexey: 16.89
 Яницкий, Станислав Людвигович: 16.89
 Крылов, Владимир Иванович: 16.89
 Тормасов, Александр Геннадьевич: 16.89
 Левин, Андрей Михайлович: 16.89
 Веретенников, Виктор Григорьевич: 16.89
 Аюпов, Шавкат Абдуллаевич: 16.89
 Васильев, Станислав Николаевич: 16.88
 Чесноков, Сергей: 16.84
 Твардовский, Осип Петрович: 16.84
 Ахвледиани, Александр: 16.84
 Шишкин, Николай Иванович: 16.84
 Аксёнов, Митрофан Семёнович: 16.84
 Фет, Абрам Ильич: 16.79
 Ивашев-Мусатов, Олег Сергеевич: 16.67
 Смолицкий, Хаим Львович: 16.67
 Богатырёв, Андрей Борисович: 16.67
 Шейнфинкель, Моисей: 16.56
 Лексель, Андрей Иванович: 16.56
 Фёдоров, Евграф Степанович: 16.56
 Петросян, Леон Аганесович: 16.54
 Lehmer, Emma: 16.54
 Никишин, Евгений Михайлович: 16.49
 Николенко, Сергей Игоревич: 16.47
 Q13028344: 16.47
 Мосолов, Пётр Петрович: 16.47
 Баврин, Иван Иванович: 16.47
 Сомов, Осип Иванович: 16.46
 Успенский, Яков Викторович: 16.44
 Скворцов, Владимир Викторович: 16.42
 Савватеев, Алексей Владимирович: 16.3
 Солтан, Валерий Петрович: 16.25
 Шафаревич, Андрей Игоревич: 16.25
 Будаев, Николай Сергеевич: 16.25
 Браверман, Эммануил Маркович: 16.25
 Лаврентьев, Михаил Михайлович: 16.23
 Литвинова, Елизавета: 16.12
 Клепцын, Виктор: 16.05
 Курлин, Виталий Александрович: 16.05
 Кабанов, Владислав Викторович: 16.05
 Абросимов, Александр Викторович: 15.95
 Муртазин, Хайрулла Хабибуллович: 15.95
 Андреев, Константин Алексеевич: 15.9
 Говорун, Николай Николаевич: 15.81
 Мейман, Наум Натанович: 15.79
 Либер, Александр Витальевич: 15.7
 Мейланов, Вазиф Сиражутдинович: 15.7
 Габих, Эдвард Ян: 15.7
 Петунин, Юрий Иванович: 15.53
 Тыугу, Энн Харальдович: 15.53
 Дмитриев, Николай Александрович: 15.39
 Рабинович, Матвей Самсонович: 15.39
 Барбашин, Евгений Алексеевич: 15.35
 Журавский, Дмитрий Иванович: 15.32
 Лопатинский, Ярослав Борисович: 15.32
 Гришов, Августин Нафанаил: 15.28
 Жебравский, Теофил: 15.28
 Бабчиньский, Тытус: 15.28
 Айвазян, Сергей Арутюнович: 15.28
 Четаев, Николай Гурьевич: 15.25
 Долгачёв, Игорь Владимирович: 15.23
 Семёнов, Алексей Львович: 15.05
 Голубев, Владимир Васильевич: 14.95
 Ковалевский, Максим Евграфович: 14.86
 Ребане, Хелью: 14.86
 Усманов, Гумер Исмагилович: 14.86
 Naumov, Pavel: 14.86
 Гурвиц, Юлий Осипович: 14.86
 Козлов, Владимир Яковлевич: 14.83
 Королюк, Владимир Семёнович: 14.83
 Морозов, Никита Фёдорович: 14.83
 Севастьянов, Борис Александрович: 14.83
 Ульянов, Владимир Васильевич: 14.83
 Чубариков, Владимир Николаевич: 14.83
 Ядренко, Михаил Иосифович: 14.83
 Большев, Логин Николаевич: 14.83
 Светов, Борис Сергеевич: 14.81
 Адамян, Вадим Мовсесович: 14.74
 Кириллов, Елпидифор Анемподистович: 14.67
 Фесенко, Иван: 14.64
 Пятосин, Иосиф Степанович: 14.64
 Дьяченко, Вадим Евгеньевич: 14.64
 Бабаев, Юрий Николаевич: 14.62
 Фрейвалдс, Русиньш Мартыньш: 14.62
 Глускин, Лазарь Матвеевич: 14.55
 Товстик, Петр Евгеньевич: 14.55
 Попов, Юрий Петрович: 14.55
 Ивахненко, Алексей Григорьевич: 14.48
 Горгидзе, Алексей Ясонович: 14.48
 Аржанцева, Гульнара Нурулловна: 14.44
 Тимченко, Иван Юрьевич: 14.44
 Q3920128: 14.44
 Q11755342: 14.44
 Kharlamov, Viatcheslav: 14.44
 Schechtman, Vadim: 14.44
 Palamodov, Victor Pavlovich: 14.44
 Краснопрошин, Виктор Владимирович: 14.44
 Коробейников, Виктор Павлович: 14.41
 Статулявичус, Витаутас Антанович: 14.41
 Плеснер, Абрам Иезекиилович: 14.39
 Бильфингер, Георг Бернгард: 14.34
 Бюшгенс, Сергей Сергеевич: 14.27
 Михайленко, Борис Григорьевич: 14.27
 Молчанов, Альберт Макарьевич: 14.27
 Тюрин, Юрий Николаевич: 14.27
 Карпелевич, Фридрих Израилевич: 14.27
 Лизоркин, Пётр Иванович: 14.27
 Гулин, Алексей Владимирович: 14.27
 Немчинов, Василий Сергеевич: 14.25
 Базылев, Вячеслав Тимофеевич: 14.25
 Рябов, Геннадий Георгиевич: 14.14
 Надирашвили, Николай Семёнович: 14.11
 Розенберг, Вера Михайловна: 14.11
 Ибрагимов, Наиль Хайруллович: 14.11
 Паукер, Магнус Георг фон: 14.06
 Головин, Михаил Евсеевич: 14.02
 Литягин, Андрей: 14.02
 Рост, Иван Акимович: 14.02
 Шагинян, Арташес Липаритович: 14.02
 Hertz, Karol: 14.02
 Крыжановский, Дмитрий Антонович: 14.02
 Смирнов, Дмитрий Матвеевич: 14.02
 Rosenberg, Alexander L.: 14.02
 Кондрашов, Владимир Иосифович: 14.02
 Коновалов, Анатолий Николаевич: 13.99
 Романов, Владимир: 13.99
 Чарный, Исаак Абрамович: 13.99
 Денисов, Александр Михайлович: 13.99
 Попов, Александр Михайлович: 13.99
 Ченцов, Александр: 13.99
 Моисеев, Тихон Евгеньевич: 13.95
 Зейлигер, Дмитрий Николаевич: 13.92
 Баскаков, Анатолий Григорьевич: 13.9
 Q61043859: 13.83
 Платонов, Михаил Леонидович: 13.83
 Аршеневский, Василий Кондратьевич: 13.8
 Бахвалов, Сергей Владимирович: 13.8
 Веселовский, Иван Николаевич: 13.8
 Ершов, Александр Степанович: 13.8
 Попов, Александр Фёдорович (математик): 13.8
 Франк, Михаил Людвигович: 13.8
 Либер, Александр Евгеньевич: 13.8
 Самойленко, Анатолий Михайлович: 13.69
 Агрест, Матест Менделевич: 13.67
 Кон-Фоссен, Стефан Эммануилович: 13.62
 Kulikow, Walentin Stepanowitsch: 13.6
 Зархин, Юрий Геннадьевич: 13.6
 Lyapin, Evgeny Sergeevich: 13.6
 Иде, Иван Андреевич: 13.6
 Hlaváček, Ivan: 13.6
 Q12767670: 13.6
 Dobrakov, Ivan: 13.6
 Bobenko, Alexander Iwanowitsch: 13.6
 Беллюстин, Всеволод Константинович: 13.6
 Saxl, Ivan: 13.6
 Шапиро, Борис: 13.6
 Лобанов, Владимир: 13.6
 Tsygan, Boris: 13.6
 Osin, Denis: 13.6
 Зетель, Семён Исаакович: 13.6
 Шольц, Владимир Германович: 13.6
 Старостин, Альберт Иванович: 13.6
 Кокорин, Али Иванович: 13.6
 Копытов, Валерий Матвеевич: 13.6
 Яглом, Исаак Моисеевич: 13.55
 Шарковский, Александр Николаевич: 13.55
 Чудаков, Николай Григорьевич: 13.55
 Иосифовна, Тышкевич Регина: 13.53
 Петерсон, Карл Михайлович: 13.5
 Пановко, Яков Гилелевич: 13.43
 Данилюк, Иван Ильич: 13.43
 Жаринов, Виктор Викторович: 13.43
 Кузнецов, Николай Васильевич (математик): 13.43
 Субботин, Юрий Николаевич: 13.43
 Федорчук, Виталий Витальевич: 13.43
 Тайцлин, Михаил Абрамович: 13.43
 Каледин, Дмитрий: 13.43
 Камынин, Леонид Иванович: 13.43
 Лифанов, Иван Кузьмич: 13.43
 Широков, Пётр Алексеевич: 13.43
 Тишкин, Владимир Федорович: 13.43
 Самойленко, Юрий Стефанович: 13.43
 Фридман, Лев Моисеевич: 13.43
 Алексеев, Николай Николаевич (математик): 13.38
 Майер, Фридрих Христофор: 13.38
 Петрик, Александр: 13.32
 Михайлов, Роман Валерьевич: 13.27
 Каляев, Игорь Анатольевич: 13.25
 Повзнер, Александр Яковлевич: 13.18
 Плоткин, Борис Исаакович: 13.18
 Андрианов, Дмитрий Леонидович: 13.18
 Максимова, Лариса Львовна: 13.18
 Тарасов, Василий: 13.18
 Шабат, Георгий Борисович: 13.18
 Чунихин, Сергей Антонович: 13.18
 Solomyak, Michael Zakharovich: 13.18
 Палютин, Евгений Андреевич: 13.18
 Zavarnitsine, Andrei Vitalievich: 13.18
 Лейтес, Дмитрий Александрович: 13.18
 Syskin, Sergei A.: 13.18
 Rubinshtein, Gennady Shlemovich: 13.18
 Panchishkin, Alexei: 13.18
 Stolin, Alexander: 13.18
 Yagunov, Serge A.: 13.18
 Vaintrob, Arkady: 13.18
 Mihailovs, Aleksandrs: 13.18
 Sonkin, Dmitriy: 13.18
 Bahturin, Yuri Alexandrovich: 13.18
 Vakhutinski, I. Ya.: 13.18
 Ovchinnikov, S. V.: 13.18
 Busyatskaya, I. K.: 13.18
 Zaitsev, A. A.: 13.18
 Ol'shanskii, G. I.: 13.18
 Rozenberg, A. L.: 13.18
 Fomin, A. I.: 13.18
 Shapovalov, N. N.: 13.18
 Suncheleev, R. R.: 13.18
 Shchepochkina, I. M.: 13.18
 Kostrikin, Igor Alexeevich: 13.18
 Belkin, S. E.: 13.18
 Sergeev, Aleksandr Nikolaevich: 13.18
 Korkina, Elena I.: 13.18
 Agranovich, I. M.: 13.18
 Barabasheva, Yu: 13.18
 Khoroshkin, Sergei Mikhailovich: 13.18
 Shiheeva, V.: 13.18
 Grozman, P.: 13.18
 Eliseev, S.: 13.18
 Bekbaev, U.: 13.18
 Gnedin, Alexander: 13.18
 Neretin, Yurii A.: 13.18
 Shander, V.: 13.18
 Mikhailov, A. A.: 13.18
 Karabegov, A. V.: 13.18
 Shtepin, V. V.: 13.18
 Golenishcheva-Kutuzova, Maria I.: 13.18
 Tsalenko, L. M.: 13.18
 Ovsienko, O. D.: 13.18
 Malikov, F. G.: 13.18
 Mikerin, A. G.: 13.18
 Nazarov, Maxim: 13.18
 Olshanski, Grigori: 13.18
 Odesskii, A. I.: 13.18
 Yuriev, D. V.: 13.18
 Fedyk, Yu A.: 13.18
 Kononenko, A. V.: 13.18
 Prosvetov, G.: 13.18
 Dergachev, Vladimir: 13.18
 Scorichenko, Alexander: 13.18
 Stotsky, Edward Danilovich: 13.18
 Nogina, Elena Yur'evna: 13.18
 Lyubetsky, Vassily Alexandrovich: 13.18
 Dushsky, Vladimir Alexandrovich: 13.18
 Plisko, Valery Egorovich: 13.18
 Vyugin, Vladimir Vyacheslavovich: 13.18
 Shabunin, Leonid Vasil'evich: 13.18
 Lomkovskaya, Mariya Vladimirovna: 13.18
 Gargov, George Kolev: 13.18
 Kanovey, Vladimir Grigor'evich: 13.18
 Soprunov, Sergey Fedorovich: 13.18
 Sotirov, Vladimir Khristov: 13.18
 Skvortsov, Dmitry Pavlovich: 13.18
 Vardanyan, Valerius Aramovich: 13.18
 Drugush, Yakim Mikhaylovich: 13.18
 Budinas, Borisas Leonardovich: 13.18
 Krupski, Vladimir Nikolaevich: 13.18
 Shum, Alexandr Anatol'evich: 13.18
 Kuzichev, Andrey Alexandrovich: 13.18
 Верещагин, Николай Константинович: 13.18
 Панкратьев, Николай Анатольевич: 13.18
 Горбунов, Константин Юрьевич: 13.18
 Rojkovskaia, Natalia A.: 13.18
 Матвеев, Владимир С.: 13.18
 Болсинов, Алексей В.: 13.18
 Pushin, Oleg: 13.18
 Voronov, Alexander A.: 13.18
 Belskii, Arkadii Aleksandrovich: 13.18
 Demidov, Evgenij Evgen'evich: 13.18
 Frumkin, M.: 13.18
 Kolmykov, Vladislav Alekseevich: 13.18
 Kurchanov, Pavel Fedorvich: 13.18
 Lebedev, D.: 13.18
 Levin, A.: 13.18
 Martynov, B.: 13.18
 Mustafin, G.: 13.18
 Roitman, A.: 13.18
 Shermenev, Aleksandr Mikhailovich: 13.18
 Vainberg, Yu.: 13.18
 Verevkin, Andrey Borisovich: 13.18
 Клейменов, Владимир Федорович: 13.18
 Блудов, Василий Васильевич: 13.18
 Муранов, Алексей: 13.18
 Викентьев, Александр Александрович: 13.18
 Penkov, Ivan B.: 13.18
 Рубнич, Борис А.: 13.18
 Vishik, Mikhail M.: 13.18
 Goryachev, Sergei Vasilievich: 13.18
 Shpilrain, Vladimir: 13.18
 Шмелёв, Г. Ю.: 13.18
 Grozman, Pavel Ja.: 13.18
 Kochetkov, Yuri: 13.18
 Shander, V. N.: 13.18
 Poletaeva, Elena I.: 13.18
 Bider, Ilia: 13.18
 Yakimova, Oksana Sergeevna: 13.18
 Скопенков, Аркадий Борисович: 13.18
 Окунев, Леопольд Яковлевич: 13.18
 Slavnov, Sergey: 13.18
 Семёнова, Марина Владимировна: 13.18
 Шеремет, Михаил Сергеевич: 13.18
 Кулаков, Александр Антипович: 13.18
 Александров, Виктор Алексеевич: 13.18
 Егоров, Александр Анатольевич: 13.18
 Коробков, Михаил Вячеславович: 13.18
 Карташов, Владимир Константинович: 13.18
 Русаков, Степан Афанасьевич: 13.18
 Bulavsky, Vladimir Aleksandrovich: 13.18
 Пришепёнок, Сергей: 13.18
 Камышников, В. Н.: 13.18
 Золин, Евгений Евгеньевич: 13.18
 Shavrukov, Vladimir Yurievich: 13.18
 Яворская, Татьяна Леонидовна: 13.18
 Yavorsky, Rostislav Eduardovich: 13.18
 Bryukhov, Yegor Nikolayevich: 13.18
 Щербин, Василий Матвеевич: 13.18
 Smirnova, Tamara Nikiforovna: 13.18
 Крупский, Николай Владимирович: 13.18
 Лелчук, Марк Пиневич: 13.18
 Пальчик, Е. М.: 13.18
 Petrova, Lyudmila Trofimovna: 13.18
 Вильяцер, Вульф Генахович: 13.18
 Беккер, Исаак Хаимович: 13.18
 Шлафер, Александр З.: 13.18
 Бусаркина, Лидия Руфинадиевна: 13.18
 Дицман, Алексей Петрович: 13.18
 Туркин, Владимир Константинович: 13.18
 Колянковский, Дормидонт Петрович: 13.18
 Прокофьев, Анатолий Николаевич: 13.18
 Мочульский, Евгений Николаевич: 13.18
 Гриндлингер, Елена Ивановна: 13.18
 Romanovskii, Iosif Vladimirovich: 13.18
 Makarov, Valerii Leonidovich: 13.18
 Копейко, Вячеслав: 13.18
 Пузаренко, Вадим Г.: 13.18
 Kuznets, Roman: 13.18
 Чернов, Алексей Вячеславович: 13.18
 Ромашенко, Андрей Евгеньевич: 13.18
 Вьюгин, Михаил Владимирович: 13.18
 Меленцов, Александр Александрович: 13.18
 Эдельман, Самуил Львович: 13.18
 Казачков, Борис Владимирович: 13.18
 Дулатова, Зайнеп А.: 13.18
 Васильев, Андрей Викторович: 13.18
 Khukhro, Evgeny Ivanovich: 13.18
 Vdovin, Evgeny Petrovich: 13.18
 Aleev, Rifkhat Zhalyalovich: 13.18
 Chekanov, Sergey Gennadievich: 13.18
 Chukanov, Nikolay Alexandrovich: 13.18
 Il'in, Valentin Ivanovich: 13.18
 Хорошевский, Михаил Васильевич: 13.18
 Kozlov, Sergey Dmitrievich: 13.18
 Revin, Danila Olegovich: 13.18
 Гречкосеева, Мария Александровна: 13.18
 Верхозина, Маргарита Ильинична: 13.18
 Тишковский, Дмитрий Евгеньевич: 13.18
 Рыбаков, Владимир Владимирович: 13.18
 Шрейнер, Павел Александрович: 13.18
 Мардаев, Сергей Ильич: 13.18
 Мурзина, Вета Фёдоровна: 13.18
 Krasilnikov, Alexei: 13.18
 Karakozov, Sergey Dmitrievich: 13.18
 Dyatlov, Vladimir Nikolaevich: 13.18
 Ruban, Anatoly Al'bertovich: 13.18
 Abasov, Nariman Magomedovich: 13.18
 Kolesnikov, Evgeny Vitalievich: 13.18
 Zaslavskii, Aleksandr Yakovlevich: 13.18
 Уснич, Александр: 13.18
 Степанова, Алёна Андреевна: 13.18
 Ряскин, Александр Николаевич: 13.18
 Овчинникова, Елена Викторовна: 13.18
 Власов, Дмитрий Юрьевич: 13.18
 Журков, Сергей Валерьевич: 13.18
 Лавров, Игорь Андреевич: 13.18
 Klyachko, Anton Aleksandrovich: 13.18
 Шиевский, М.: 13.18
 Жуфряков, А.: 13.18
 Глухов, М. М.: 13.18
 Бабиков, Георгий Васильевич: 13.18
 Житомирский, Владимир Габриэлович: 13.18
 Ейдинов, Михаил Иосифович: 13.18
 Щепин, Геннадий Григорьевич: 13.18
 Чарушников, Валерий Дмитриевич: 13.18
 Черток, Валентин Дмитриевич: 13.18
 Голдина, Наталья Павловна: 13.18
 Дюбюк, Пётр Евгеньевич: 13.18
 Громыко, Владимир Петрович: 13.18
 Сафонов, Сергей Аврамович: 13.18
 Торопов, Евгений Николаевич: 13.18
 Lebedev, Alexey: 13.18
 Огивецкий, Олег: 13.18
 Dolgushev, Alexander Nikolaevich: 13.18
 Berger, Sergey Mikhailovich: 13.18
 Semenov, Alexander Mikhailovich: 13.18
 Gudimenko, Alexey Ivanovich: 13.18
 Radnaev, Vitaly Antonovich: 13.18
 Бутурлакин, Александр Александрович: 13.18
 Рютин, Константин Сергеевич: 13.18
 Первухин, Михаил Александрович: 13.18
 Гильдерман, Юрий Ильич: 13.18
 Глобенко, Игорь Григорьевич: 13.18
 Ивановский, Сергей: 13.18
 Лившиц, Абрам Хаимович: 13.18
 Глибичук, Алексей: 13.18
 Mamontov, Andrey Sergeevich: 13.18
 Кабенюк, Михаил Иванович: 13.18
 Панов, Дмитрий А.: 13.18
 Рождественский, Алексей: 13.18
 Альбрехт, Павел: 13.18
 Малыхин, Юрий: 13.18
 Подольский, Владимир Владимирович: 13.18
 Даугавет, Игорь Карлович: 13.18
 Ильин, Валентин Петрович: 13.18
 Харрик, Изабелла Юрьевна: 13.18
 Подуфалов, Николай Дмитриевич: 13.18
 Симонов, Пётр Михайлович: 13.18
 Рочев, Игорь Петрович: 13.18
 Шевелева, Ирина Викторовна: 13.18
 Кравцова, Ольга Вадимовна: 13.18
 Румянцев, Андрей: 13.18
 Бабенко, Максим: 13.18
 Ахунжанов, Ренат Камильевич: 13.18
 Сильниченко, Александр Владимирович: 13.18
 Митричева, Ирина Михайловна: 13.18
 Дураков, Евгений Борисович: 13.18
 Трофимов, Владимир: 13.18
 Ильиных, Анатолий: 13.18
 Зюляркина, Наталья: 13.18
 Падучих, Дмитрий: 13.18
 Ткачёва, Ирина: 13.18
 Носов, Виталий: 13.18
 Белоусова, Вероника: 13.18
 Белоусов, Иван: 13.18
 Нирова, Марина: 13.18
 Гаврилюк, Александр: 13.18
 Чуксина, Наталия: 13.18
 Ефимов, Константин: 13.18
 Исакова, Мариана: 13.18
 Токбаева, Альбина: 13.18
 Карпенко, Анастасия Валерьевна: 13.18
 Крылов, Пётр Андреевич: 13.18
 Мантуров, Василий Олегович: 13.18
 Подберезина, Елена Ивановна: 13.18
 Yardykov, Egor Yurievich: 13.18
 Prikhodovskii, Mikhail Anatolievich: 13.18
 Timoshenko, Egor Aleksandrovich: 13.18
 Zinoviev, Egor Gennadievich: 13.18
 Бабанская, Олеся Мирославовна: 13.18
 Корытова, Марина Александровна: 13.18
 Дударев, Егор Петрович: 13.18
 Румянцев, Александр Николаевич: 13.18
 Потапов, Дмитрий Борисович: 13.18
 Миронов, Денис Александрович: 13.18
 Кузнецов, Константин Борисович: 13.18
 Шишкин, Владимир Андреевич: 13.18
 Смолин, Юрий Николаевич: 13.18
 Вербицкий, Олег Васильевич: 13.18
 Старолетов, Алексей Михайлович: 13.18
 Поносов, Дмитрий А.: 13.18
 Трофимов, Валерий Владимирович: 13.18
 Беляев, Александр Владимирович: 13.18
 Плужников, Андрей Иванович: 13.18
 Браилов, Андрей Владимирович: 13.18
 Тырин, Алексей Владиславович: 13.18
 Иванов, Александр Олегович: 13.18
 Новикова, Ирина Сергеевна: 13.18
 Ошимков, Андрей Александрович: 13.18
 Полякова, Лада Станиславовна: 13.18
 Плицина, Инга Вячеславовна: 13.18
 Селиванова, Елена Николаевна: 13.18
 Анисов, Сергей Семёнович: 13.18
 Аношкина, Елена Валерьевна: 13.18
 Борисенко, Алексей Александрович: 13.18
 Калашников, Вячеслав Владимирович: 13.18
 Браилов, Юрий Андреевич: 13.18
 Коровина, Наталья Валентиновна: 13.18
 Морозов, Павел Валерьевич: 13.18
 Москвин, Андрей Юрьевич: 13.18
 Воронцов, Александр Сергеевич: 13.18
 Авдеев, Иван Фёдорович: 13.18
 Снурницын, Павел Владимирович: 13.18
 Копанева, Анна Александровна: 13.18
 Бурлакова, Екатерина Анатольевна: 13.18
 Тюрина, Ольга Васильевна: 13.18
 Блохин, Александр: 13.18
 Маслова, Наталья Владимировна: 13.18
 Циовкина, Людмила: 13.18
 Anokhin, Mikhail Igorevich: 13.18
 Кораблева, Вера: 13.18
 Насибуллин, Анас: 13.18
 Зиновьева, Марианна: 13.18
 Алексеева, Оксана: 13.18
 Горшков, Илья: 13.18
 Купавский, Андрей Борисович: 13.18
 Мусатов, Даниил Владимирович: 13.18
 Сесекин, Николай Фёдорович: 13.18
 Фрейдман, Павел Абрамович: 13.18
 Иванов, Сергей Георгиевич: 13.18
 Кацман, Абрам Давидович: 13.18
 Кутиев, Константин Михайлович: 13.18
 Нагребецкий, Вацлав Тадеушевич: 13.18
 Шлык, Владимир Александрович: 13.18
 Берник, Василий Иванович: 13.18
 Штейников, Юрий: 13.18
 Татарский, Валериан: 13.18
 Гайфулин, Дмитрий: 13.18
 Журавлева, Виктория: 13.18
 Жабицкая, Елена: 13.18
 Душистова, Анна: 13.18
 Шкредов, Илья: 13.18
 Фроленков, Дмитрий: 13.18
 Мерзляков, Юрий Иванович: 13.18
 Romanovskiy, Nikolay Semenovich: 13.18
 Sosnovsky, Yury Vasil'evich: 13.18
 Shkuratsky, Anatoliy Ivanovich: 13.18
 Lyul'ko, Alexander Nikolaevich: 13.18
 Rozhkov, Alexander Victorovich: 13.18
 Bardakov, Valeriy Georgievich: 13.18
 Bryukhanov, Oleg Vadimovich: 13.18
 Neshchadim, Mikhail Vladimirovich: 13.18
 Korobov, Aleksey Alexandrovich: 13.18
 Zakhryamin, Evgeniy Anatolievich: 13.18
 Vapne, Julian Efimovich: 13.18
 Noskov, Gennady Andreevich: 13.18
 Bloshchitsyn, Vitaly Yakovlevich: 13.18
 Zakir′yanov, Kairat Hairullinovich: 13.18
 Чуркин, Валерий Авдеевич: 13.18
 Tazhetdinov, Sagalatdin: 13.18
 Котов, Серафим Васильевич: 13.18
 Ковалевская, Элла Ивановна: 13.18
 Трелина, Лариса Александровна: 13.18
 Юруть, Иван Ефимович: 13.18
 Желудевич, Франц Францевич: 13.18
 Вильчинский, Владимир Тадиевич: 13.18
 Машанов, Владимир Иванович: 13.18
 Тимошенко, Евгений Иосифович: 13.18
 Yakovlev, Evgenii Vladimirovich: 13.18
 Шацков, Денис: 13.18
 Bogopolski, Oleg Vladimirovich: 13.18
 Khramtsov, Dmitrii Gennad'evich: 13.18
 Dudkin, Fedor Anatolievich: 13.18
 Пекелис, Алиса Самойловна: 13.18
 Энтов, Владимир Маркович: 13.18
 Либрович, Вадим Брониславович: 13.18
 Милованов, Алексей: 13.18
 Андреев, Михаил: 13.18
 Бересневич, Виктор: 13.18
 Бунимович, Леонид Абрамович: 13.13
 Кузнецов, Александр Геннадьевич: 13.11
 Шуберт, Фёдор Иванович: 13.08
 Анисимов, Василий Афанасьевич: 13.01
 Фомин, Владимир Николаевич: 13.01
 Пикус, Давид Львович: 13.01
 Салихов, Владислав Хасанович: 13.01
 Михайлович, Викулин Иван: 12.99
 Кронрод, Александр Семёнович: 12.85
 Бубнов, Иван Григорьевич: 12.78
 Колывагин, Виктор Александрович: 12.71
 Лаптев, Борис Лукич: 12.71
 Кочин, Николай Евграфович: 12.71
 Тюрина, Галина Николаевна: 12.71
 Дьяконов, Евгений Георгиевич: 12.71
 Кобельков, Георгий Михайлович: 12.71
 Алёшин, Станислав Владимирович: 12.71
 Соколов, Владимир Вячеславович: 12.69
 Крылов, Андрей Серджевич: 12.69
 Либерман, Иосиф Меерович: 12.66
 Пенская, Марианна Яновна: 12.6
 Давиденко, Виктор Александрович: 12.57
 Михалёв, Александр Васильевич: 12.52
 Бойчук, Александр Андреевич: 12.43
 Беркович, Евгений: 12.43
 Гончаров, Герман Арсеньевич: 12.43
 Лойцянский, Лев Герасимович: 12.43
 Матросов, Виктор Леонидович: 12.43
 Новожилов, Виктор Валентинович: 12.43
 Эпштейн, Пауль Софус: 12.41
 Черников, Сергей Николаевич: 12.29
 Джалал: 12.27
 Артамонов, Вячеслав Александрович: 12.24
 Малаховский, Владислав Степанович: 12.24
 Треногин, Владилен Александрович: 12.24
 Шитикова, Лариса Александровна: 12.24
 Астряб, Александр Матвеевич: 12.24
 Пасконов, Вилен Михайлович: 12.09
 Илолов, Мамадшо Илолович: 12.01
 Сабитов, Иджад Хакович: 11.96
 Мирианашвили, Матэ: 11.96
 Адельсон-Вельский, Георгий Максимович: 11.94
 Бондарева, Ольга Николаевна: 11.94
 Зеликин, Михаил Ильич: 11.87
 Арсланов, Марат Мирзаевич: 11.87
 Кротов, Вадим Федорович: 11.87
 Султанаев, Яудат Талгатович: 11.87
 Гахов, Фёдор: 11.87
 Дубовицкий, Абрам Яковлевич: 11.87
 Орлов, Дмитрий Олегович: 11.87
 Горский, Владимир Григорьевич: 11.85
 Яновская, Елена Борисовна: 11.85
 Шидловский, Андрей Борисович: 11.82
 Петросян, Гарегин Бахшиевич: 11.76
 Масленникова, Вера Николаевна: 11.64
 Дьяченко, Владимир Федотович: 11.59
 Евтушенко, Юрий Гаврилович: 11.59
 Сканави, Марк Иванович: 11.59
 Сушков, Борис Григорьевич: 11.59
 Жижченко, Алексей Борисович: 11.59
 Кондратьев, Юрий: 11.59
 Кибель, Илья Афанасьевич: 11.59
 Гуревич, Борис Маркович: 11.59
 Шунков, Владимир Петрович: 11.59
 Кондратьев, Анатолий Семенович: 11.59
 Яковлев, Анатолий Владимирович: 11.59
 Скубенко, Борис Фадеевич: 11.59
 Егоров, Юрий Владимирович: 11.59
 Легоньков, Владимир Иванович: 11.59
 Поляк, Борис Теодорович: 11.57
 Фукс, Дмитрий Борисович: 11.45
 Натансон, Исидор Павлович: 11.45
 Отелбаев, Мухтарбай Отелбаевич: 11.45
 Белоусов, Валентин Данилович: 11.45
 Абрашин, Вячеслав Николаевич: 11.43
 Агокас, Сергей Викторович: 11.4
 Билимович, Антон Дмитриевич: 11.4
 Тайманов, Асан Дабсович: 11.4
 Коялович, Борис Михайлович: 11.4
 Тихомандрицкий, Матвей Александрович: 11.4
 Брайцев, Иван Романович: 11.29
 Мирзоев, Карахан Агахан оглы: 11.29
 Стрекаловский, Александр Сергеевич: 11.29
 Нелепин, Рональд: 11.29
 Дымников, Валентин: 11.27
 Жилина, Розетта Андреевна: 11.24
 Вавилов, Александр: 11.17
 Петров, Вячеслав Васильевич: 11.17
 Ченцов, Николай Николаевич: 11.17
 Завало, Сергей Трофимович: 11.17
 Еругин, Николай Павлович: 11.17
 Абгарян, Карлен Арамович: 11.15
 Осиповский, Тимофей Фёдорович: 11.1
 Брюно, Александр Дмитриевич: 11.08
 Прудников, Анатолий Платонович: 11.03
 Алексеев, Анатолий Арсениевич: 11.03
 Бирман, Михаил Шлемович: 11.03
 Зарубин, Александр Николаевич: 11.03
 Соловьёв, Валерий Дмитриевич: 11.03
 Тайманов, Искандер Асанович: 11.03
 Шкадов, Виктор Яковлевич: 11.03
 Цетлин, Михаил Львович: 11.03
 Афраймович, Валентин Сендерович: 11.03
 Гудиев, Амурхан Хаджиумарович: 11.03
 Золотов, Евгений Васильевич: 11.03
 Левин, Борис Яковлевич: 11.03
 Романко, Василий: 11.03
 Зубков, Андрей Михайлович: 11.03
 Миклюков, Владимир Михайлович: 10.98
 Суворов, Фёдор Матвеевич: 10.98
 Кран, Эдгар: 10.92
 Малинникова, Евгения Владимировна: 10.82
 Мещерский, Иван: 10.8
 Булинский, Александр Вадимович: 10.75
 Иохвидов, Иосиф Семёнович: 10.75
 Куржанский, Александр Борисович: 10.75
 Скрыпник, Игорь Владимирович: 10.75
 Харламов, Сергей Анатольевич: 10.75
 Золотарёв, Владимир Михайлович: 10.75
 Вашакмадзе, Тамаз: 10.75
 Горгошидзе, Анатолий: 10.75
 Каток, Светлана Борисовна: 10.73
 Мелентьев, Павел Владимирович: 10.71
 Румовский, Степан Яковлевич: 10.68
 Бокаев, Садуакас Хасенулы: 10.66
 Персидский, Константин Петрович: 10.61
 Суворов, Георгий Дмитриевич: 10.61
 Ибрагимов, Ибрагим Ибишевич: 10.61
 Вулих, Борис: 10.61
 Анкудович, Викентий Александрович: 10.56
 Дикусар, Василий Васильевич: 10.56
 Панкевич, Михаил Иванович: 10.56
 Дьяченко, Аммос Андреевич: 10.56
 Чистяков, Иоасаф Иванович: 10.56
 Викберг, Борис Акселевич: 10.56
 Шапошников, Николай Александрович (математик): 10.56
 Васин, Владимир Васильевич: 10.45
 Гурьев, Семён Емельянович: 10.4
 Двухшёрстов, Григорий Иванович: 10.33
 Краснер, Наум Яковлевич: 10.31
 Иванов, Иван: 10.31
 Матвиевская, Галина Павловна: 10.31
 Немировский, Стефан Юрьевич: 10.24
 Афанасьев, Александр Петрович: 10.19
 Гальперн, Самарий Александрович: 10.19
 Красовский, Андрей Николаевич: 10.19
 Кулешов, Александр Петрович: 10.19
 Левченков, Вячеслав Степанович: 10.19
 Питербарг, Владимир Ильич: 10.19
 Поспелов, Игорь Гермогенович: 10.19
 Сергеев, Армен Глебович: 10.19
 Сибирский, Константин Сергеевич: 10.19
 Тамразов, Промарз Меликович: 10.19
 Флейшман, Бенцион Шимонович: 10.19
 Никулин, Вячеслав: 10.19
 Граве, Платон Платонович: 10.19
 Тумаркин, Лев Абрамович: 10.19
 Толстова, Юлиана Николаевна: 10.19
 Рудаков, Игорь Алексеевич: 10.19
 Далецкий, Юрий Львович: 10.19
 Зыков, Александр Александрович: 10.19
 Гермейер, Юрий Борисович: 10.19
 Гаркави, Александр Львович: 10.19
 Кукин, Георгий Петрович: 10.19
 Аникин, Валерий Михайлович: 10.19
 Субханкулов, Магалим Акрамович: 10.19
 Жиков, Василий Васильевич: 10.19
 Петров, Александр Павлович: 10.19
 Василевский, Юрий Викторович: 10.19
 Ильич, Хлыбов Владимир: 10.19
 Аппельрот, Герман Германович: 10.14
 Маркус, Александр Семёнович: 10.14
 Ольшевский, Вадим Рудольфович: 10.14
 Христиани, Николай Васильевич: 10.14
 Чебраков, Юрий Владимирович: 10.14
 Шевченко, Валерий: 10.14
 Таранников, Юрий Валерьевич: 10.14
 Рогов, Андрей Петрович: 10.14
 Афанасьев, Пафнутий Алексеевич: 10.14
 Буницкий, Евгений Леонидович: 10.14
 Веденисов, Николай Борисович: 10.14
 Васильев, Олег Владимирович (учёный): 10.08
 Гернет, Надежда Николаевна: 9.96
 Первушин, Иван Михеевич: 9.89
 Филиппов, Владимир Михайлович: 9.89
 Майсеня, Людмила Иосифовна: 9.82
 Березин, Иван Семёнович: 9.77
 Кряжимский, Аркадий Викторович: 9.77
 Петров, Николай Николаевич: 9.77
 Гирш, Эдуард Алексеевич: 9.77
 Файнзильбер, Александр Маркович: 9.77
 Шмелёв, Виктор Васильевич: 9.77
 Изаак, Александр Давидович: 9.77
 Мучник, Андрей Альбертович: 9.77
 Зайцев, Андрей Юрьевич: 9.77
 Борисов, Алексей Владимирович: 9.77
 Верченко, Иван Яковлевич: 9.77
 Решетихин, Николай Юрьевич: 9.47
 Запольская, Любовь Николаевна: 9.47
 Кириллова, Фаина Михайловна: 9.47
 Якубович, Владимир: 9.47
 Дмитриев, Михаил Геннадьевич: 9.47
 Мазуров, Виктор Данилович: 9.47
 Хавин, Виктор Петрович: 9.47
 Широков, Юрий Михайлович: 9.42
 Мироненко, Владимир Иванович: 9.42
 Гирсанов, Игорь Владимирович: 9.42
 Семёнычев, Валерий Константинович: 9.4
 Абрамов, Сергей Александрович: 9.4
 Буркин, Игорь Михайлович: 9.35
 Родес, Ида: 9.26
 Алексеев, Анатолий Семёнович: 9.19
 Расулов, Меджид Лятиф оглы: 9.19
 Крылов, Николай: 9.14
 Бураго, Дмитрий Юрьевич: 9.14
 Трахтенберг, Яков: 9.12
 Красносельский, Марк Александрович: 9.12
 Шапошникова, Татьяна Олеговна: 9.05
 Муштари, Хамид Музафарович: 9.05
 Edigarian, Armen: 9.03
 Нехорошев, Николай Николаевич: 9.0
 Оганесян, Леонард: 9.0
 Пфейффер, Георгий Васильевич: 9.0
 Брегман, Лев: 9.0
 Иванов, Николай: 9.0
 Ильин, Александр Владимирович: 8.89
 Селезнёва, Светлана Николаевна: 8.89
 Почобут-Одляницкий, Мартин: 8.84
 Зубов, Владимир Иванович: 8.72
 Смирнов, Юрий: 8.63
 Маркушевич, Алексей Иванович: 8.63
 Андрунакиевич, Владимир Александрович: 8.63
 Ахтямов, Азамат Мухтарович: 8.63
 Глаголев, Нил Александрович: 8.63
 Захарян, Ваник Суренович: 8.63
 Кравченко, Виктор Филиппович: 8.63
 Мержанов, Александр Григорьевич: 8.63
 Напалков, Валентин Васильевич: 8.63
 Розов, Николай Христович: 8.63
 Юлмухаметов, Ринад: 8.63
 Фиников, Сергей: 8.63
 Коровина, Мария Викторовна: 8.63
 Шевцова, Ирина Геннадьевна: 8.63
 Шолохович, Фридрих Акимович: 8.61
 Гусейн-Заде, Сабир Меджидович: 8.58
 Зорич, Антон Владимирович: 8.58
 Зарипов, Максут Мухаметзянович: 8.35
 Васин, Александр Алексеевич: 8.31
 Коркин, Александр Николаевич: 8.28
 Ефремович, Вадим Арсеньевич: 8.21
 Алексеев, Владимир Михайлович: 8.21
 Склянин, Евгений Константинович: 8.21
 Владиславлев, Сергей Владимирович: 8.16
 Зуховицкий, Семён Израилевич: 8.16
 Попова, Наталья: 8.16
 Халилов, Захид Исмаил оглы: 8.16
 Ярошенко, Семён Петрович: 8.16
 Осипов, Михаил Павлович: 8.16
 Смелянский, Руслан Леонидович: 8.15
 Шайн, Борис Моисеевич: 8.05
 Островский, Иосиф Владимирович: 8.05
 Капустин, Николай Юрьевич: 8.05
 Хургин, Яков Исаевич: 8.05
 Субботина, Нина Николаевна: 8.05
 Сычугов, Дмитрий Юрьевич: 8.05
 Срочко, Владимир Андреевич: 8.05
 Агаков, Всеволод Георгиевич: 8.0
 Пак, Витольд Витольдович: 7.93
 Бусленко, Николай Пантелеймонович: 7.93
 Уфимцев, Пётр Яковлевич: 7.91
 Брадис, Владимир Модестович: 7.89
 Закарин, Аскар Закарьевич: 7.88
 Скоробогатов, Алексей Николаевич: 7.88
 Мнёв, Николай: 7.88
 Крутов, Виталий Иванович: 7.88
 Шанин, Николай Александрович: 7.79
 Вечтомов, Евгений Михайлович: 7.79
 Гаджиев, Акиф Джафар оглы: 7.79
 Иманалиев, Мурзабек Иманалиевич: 7.79
 Кисляков, Сергей Витальевич: 7.79
 Латышев, Виктор Николаевич: 7.79
 Лигин, Валериан Николаевич: 7.79
 Матвеев, Сергей Владимирович: 7.79
 Неймарк, Юрий Исаакович: 7.79
 Пальцев, Борис Васильевич: 7.79
 Рябенький, Виктор Соломонович: 7.79
 Сидоров, Анатолий Фёдорович: 7.79
 Шарыгин, Игорь Фёдорович: 7.79
 Янков, Вадим: 7.79
 Полуэктов, Ратмир Александрович: 7.79
 Касим-Заде, Октай Мурадович: 7.79
 Семихатов, Алексей Михайлович: 7.79
 Бухштаб, Александр Адольфович: 7.79
 Ивочкина, Нина: 7.79
 Гущин, Александр Константинович: 7.79
 Гурман, Владимир Иосифович: 7.79
 Aminov, Yuriy: 7.77
 Вильбрехт, Александр Михайлович: 7.74
 Висковатов, Василий Иванович: 7.74
 Котельников, Пётр Иванович: 7.74
 Котельников, Семён Кириллович: 7.74
 Янишевский, Эраст Петрович: 7.74
 Рахманинов, Иван Иванович: 7.74
 Колосов, Гурий Васильевич: 7.7
 Востоков, Сергей Владимирович: 7.63
 Долбня, Иван Петрович: 7.63
 Сазонов, Анатолий Ефимович: 7.58
 Великанова, Татьяна Михайловна: 7.56
 Мирзаджанзаде, Азад Халил оглы: 7.51
 Флёров, Юрий Арсениевич: 7.51
 Андон, Филипп Илларионович: 7.51
 Березанский, Юрий Макарович: 7.51
 Бондаренко, Виталий Михайлович: 7.51
 Гаращенко, Фёдор Георгиевич: 7.51
 Кильчевский, Николай: 7.51
 Бобков, Владимир Васильевич: 7.51
 Кузин, Лев Тимофеевич: 7.46
 Цубербиллер, Ольга Николаевна: 7.44
 Гварамия, Алеко Алексеевич: 7.37
 Гудивок, Пётр Михайлович: 7.37
 Джураев, Абдухамид Джураевич: 7.37
 Жаутыков, Орымбек Ахметбекович: 7.37
 Непейвода, Николай Николаевич: 7.37
 Трещёв, Дмитрий Валерьевич: 7.37
 Мучник, Альберт: 7.37
 Скопин, Александр Иванович: 7.37
 Горюнов, Виктор Владимирович: 7.37
 Зеленяк, Тадей Иванович: 7.37
 Положий, Георгий Николаевич: 7.37
 Гайшун, Иван Васильевич: 7.37
 Федорук, Михаил Петрович: 7.37
 Четверушкин, Борис Николаевич: 7.37
 Калошин, Вадим Юрьевич: 7.37
 Арак, Тайво Викторович: 7.37
 Рогановский, Николай Максимови: 7.35
 Тарасенко, Феликс Петрович: 7.33
 Власов, Алексей Константинович: 7.32
 Кипнис, Михаил Маркович: 7.32
 Татаринов, Ярослав Всеволодович: 7.32
 Фельдман, Александр Маркович: 7.32
 Худяев, Сергей Иванович: 7.32
 Шостак, Александр Петрович: 7.32
 Пентковский, Мстислав Вячеславович: 7.32
 Канель-Белов, Алексей Яковлевич: 7.32
 Куфарев, Павел Парфеньевич: 7.32
 Панюков, Анатолий Васильевич: 7.32
 Горбунов, Виктор: 7.32
 Блажеевский, Ромуальд Осипович: 7.32
 Чернеевский, Николай Степанович: 7.32
 Добронравов, Сергей Георгиевич: 7.32
 Грудо, Эдуард Иосифович: 7.21
 Артамкин, Игорь Вадимович: 7.21
 Разгулин, Александр Витальевич: 7.21
 Аргунов, Борис Иванович: 7.21
 Гаранжа, Владимир Анатольевич: 7.21
 Дубцов, Евгений Сергеевич: 7.21
 Хачатрян, Хачатур Агавардович: 7.21
 Губреев, Геннадий Михайлович: 7.21
 Нурмиевич, Хабибуллин Булат: 7.21
 Локшин, Александр Александрович: 7.21
 Батырев, Виктор Вадимович: 7.16
 Векуа, Николай Петрович: 7.16
 Ольшевский, Кароль: 7.14
 Измайлов, Валентин Денисович: 7.09
 Воронель, Александр Владимирович: 6.95
 Геронимус, Александр Юрьевич: 6.95
 Глейзер, Герш Исаакович: 6.95
 Заморзаев-Орлеанский, Александр Михайлович: 6.95
 Зернов, Николай Ефимович: 6.95
 Костюченко, Анатолий: 6.95
 Крупник, Наум Яковлевич: 6.95
 Куликовский, Андрей Геннадиевич: 6.95
 Латипов, Халим Рафикович: 6.95
 Мартышко, Пётр Сергеевич: 6.95
 Миллионщиков, Владимир Михайлович: 6.95
 Садыхов, Мисреддин Аллахверди оглы: 6.95
 Стронгин, Роман Григорьевич: 6.95
 Ушаков, Владимир Николаевич: 6.95
 Шокин, Юрий Иванович: 6.95
 Шумейко, Александр Алексеевич: 6.95
 Юдович, Виктор Иосифович: 6.95
 Венков, Борис Алексеевич: 6.95
 Дяченко, Никита Андреевич: 6.95
 Назимов, Пётр: 6.95
 Акбергенов, Ибадулла: 6.95
 Фурсиков, Андрей Владимирович: 6.95
 Иванилов, Юрий Павлович: 6.95
 Чернявский, Владимир Соломонович: 6.95
 Быковский, Виктор Алексеевич: 6.95
 Тартаковский, Владимир Абрамович: 6.95
 Дядькин, Иосиф Гецелевич: 6.95
 Белинский, Павел Петрович: 6.95
 Моттль, Вадим Вячеславович: 6.95
 Вороненко, Андрей Анатольевич: 6.95
 Солонников, Всеволод Алексеевич: 6.95
 Нейштадт, Анатолий Исерович: 6.95
 Борисов, Владимир Фёдорович: 6.95
 Балк, Марк Беневич: 6.95
 Толстых, Андрей Игоревич: 6.95
 Шкредов, Илья Дмитриевич: 6.95
 Зелинский, Юрий Борисович: 6.95
 Галяев, Андрей Алексеевич: 6.95
 Пржиялковский, Виктор Владимирович: 6.95
 Волков, Александр Александрович (математик): 6.9
 Вольфенгаген, Вячеслав Эрнстович: 6.9
 Глебский, Юрий Васильевич: 6.9
 Кабак, Валерий Иванович: 6.9
 Карастелев, Корнелий Иванович: 6.9
 Минятов, Александр Константинович: 6.9
 Оловянишников, Сергей Пантелеймонович: 6.9
 Хованов, Николай Васильевич: 6.9
 Никитин, Василий Никитич: 6.9
 Чижов, Дмитрий Семёнович: 6.9
 Гайцгори, Владимир: 6.9
 Лобанов, Семён: 6.9
 Архангельский, Николай Михеевич: 6.9
 Шклярский, Давид Оскарович: 6.9
 Рассказова, Вера Владимировна: 6.9
 Левкович-Маслюк, Леонид: 6.9
 Алексеев, Виссарион Григорьевич: 6.86
 Тихомандрицкий, Александр Никитич: 6.79
 Q60029619: 6.79
 Нётер, Фриц: 6.72
 Адо, Игорь: 6.6
 Подолинский, Сергей Андреевич: 6.6
 Фёдоров, Владимир Семёнович: 6.6
 Петросян, Ашот Везирович: 6.6
 Антипин, Анатолий Сергеевич: 6.53
 Асанов, Магаз Оразкимович: 6.53
 Котов, Иван Иванович (математик): 6.53
 Кружков, Станислав Николаевич: 6.53
 Россинский, Сергей Дмитриевич: 6.53
 Шананин, Александр Алексеевич: 6.53
 Шестаков, Иван Павлович: 6.53
 Шилькрут, Давид Исаакович: 6.53
 Шрира, Виктор Исаевич: 6.53
 Манаков, Сергей Валентинович: 6.53
 Буфетов, Александр Игоревич: 6.53
 Плотников, Павел Игоревич: 6.53
 Шефель, Самуил Зусевич: 6.53
 Чирка, Евгений Михайлович: 6.53
 Гречина, Григорий Власьевич: 6.53
 Q64005353: 6.53
 Слинько, Аркадий Михайлович: 6.48
 Штокман, Владимир Борисович: 6.23
 Морозкин, Николай Данилович: 6.23
 Каринский, Михаил Иванович: 6.18
 Maranjyan, Hrant: 6.16
 Q20509711: 6.16
 Мартиросян, Ашот Наварсардович: 6.16
 Борухов, Валентин Терентьевич: 6.11
 Эршлер, Анна Геннадьевна: 5.9
 Буслаев, Владимир Савельевич: 5.81
 Субботовская, Белла Абрамовна: 5.76
 Бейтлер, Вильгельм Готлиб Фридрих: 5.76
 Васильев, Александр Васильевич: 5.76
 Коробов, Николай Михайлович: 5.76
 Матизен, Виктор Эдуардович: 5.76
 Размадзе, Андрей Михайлович: 5.76
 Эфендиев, Мамед Рашид оглы: 5.76
 Александров, Владимир Валентинович: 5.76
 Жмурко, Лаврентий: 5.76
 Берлова, Наталья Геннадьевна: 5.76
 Инкулец, Ион Константинович: 5.46
 Левин, Виктор Иосифович: 5.39
 Иванов, Валентин Тимофеевич: 5.39
 Маркеев, Анатолий Павлович: 5.39
 Минц, Григорий Ефроимович: 5.39
 Шокуров, Вячеслав Владимирович: 5.34
 Кушнер, Борис Абрамович: 5.34
 Гастев, Юрий Алексеевич: 5.34
 Сушкевич, Антон Казимирович: 5.06
 Вейсфейлер, Борис: 4.92
 Офман, Юрий Петрович: 4.92
 Крамков, Дмитрий Олегович: 4.92
 Зудилин, Вадим Валентинович: 4.92
 Зельманов, Абрам Леонидович: 4.92
 Имшенецкий, Василий Григорьевич: 4.92
 Кондурарь, Владимир Трифонович: 4.92
 Станевич, Виктор: 4.92
 Шестаков, Виктор: 4.92
 Агранович, Михаил Семёнович: 4.92
 Шубин, Михаил Александрович: 4.92
 Закалюкин, Владимир Михайлович: 4.92
 Липкин, Липман Израилевич: 4.92
 Эскин, Григорий Ильич: 4.92
 Циммерман: 4.92
 Кузнецова, Татьяна Ивановна: 4.81
 Пегов, Валентин Иванович: 4.81
 Машковский, Кароль: 4.76
 Старченко, Сергей Степанович: 4.64
 Jefimow, Alexander Iwanowitsch: 4.64
 Степанов, Сергей Александрович: 4.55
 Беклемишев, Дмитрий Владимирович: 4.55
 Вайнштейн, Борис Самойлович: 4.55
 Солтан, Пётр Семёнович: 4.55
 Новиков, Александр Александрович: 4.55
 Постников, Алексей Георгиевич: 4.55
 Итс, Александр Рудольфович: 4.55
 Попов, Владимир Леонидович: 4.55
 Симоненко, Игорь Борисович: 4.55
 Соловьёв, Сергей Юрьевич: 4.55
 Борисов, Денис Иванович: 4.55
 Фабиан, Оскар: 4.5
 Никитин, Николай Никифорович: 4.5
 Руссман, Исаак Борисович: 4.5
 Штейнбука, Инна: 4.5
 Grīnbergs, Emanuels: 4.5
 Феликсович, Бокштейн Меер: 4.5
 Лебедев, Николай Андреевич: 4.5
 Самко, Стефан Григорьевич: 4.39
 Дьяконов, Александр Геннадьевич: 4.39
 Alıquliyev, Ramiz: 4.34
 Лаппо-Данилевский, Иван Александрович: 4.34
 Ерёмин, Борис Львович: 4.22
 Треиль, Сергей Раймондович: 4.22
 Андрианов, Анатолий Николаевич: 4.2
 Джунь, Иосиф Владимирович: 4.13
 Кангро, Гуннар Фромхольдович: 4.13
 Стародуб, Юрий Петрович: 4.13
 Гороховик, Валентин Викентиевич: 4.13
 Габасов, Рафаил Фёдорович: 4.13
 Бондал, Алексей Игоревич: 4.13
 Ибрагимов, Вагиф: 4.13
 Акушский, Израиль Яковлевич: 4.13
 Гагарин, Андрей Григорьевич: 4.08
 Гимади, Эдуард Хайрутдинович: 4.08
 Ильинский, Алексей Никанорович: 4.08
 Колотов, Степан Митрофанович: 4.08
 Лигун, Анатолий Александрович: 4.08
 Перелогов, Тимофей Иванович: 4.08
 Преображенский, Владимир Васильевич: 4.08
 Романов, Николай Павлович: 4.08
 Ромер, Павел Эмилиевич: 4.08
 Фельдман, Израиль Аронович: 4.08
 Кириллов, Александр мл: 4.08
 Умирбаев, Уалбай Утмаханбетович: 4.08
 Венков, Борис Борисович: 4.08
 Вулих, Захар Борисович: 4.08
 Жбиковский, Антон Ксаверьевич: 4.08
 Парфентьев, Николай Николаевич: 4.08
 Бейер, Евгений Ильич фон: 4.08
 Левин, Виталий Ильич: 4.08
 Reiziņš, Linards: 4.08
 Стрельцов, Владимир Викторович: 4.08
 Арнольд, Виталий Дмитриевич: 4.08
 Четверухин, Николай Фёдорович: 4.08
 Москатов, Генрих Карлович: 3.97
 Енгибарян, Норайр: 3.97
 Aslanov, Ramiz: 3.97
 Дубинин, Владимир Николаевич: 3.97
 Нахапетян, Борис : 3.97
 Шахбагян, Ромен: 3.97
 Аров, Дамир Зямович: 3.97
 Adamyan, Vanik: 3.97
 Q78441947: 3.97
 Бозоян, Шура : 3.97
 Ефимов, Никодим Николаевич: 3.97
 Андреевский, Михаил Аркадьевич: 3.92
 Q12165774: 3.81
 Кузнецов, Борис Николаевич (учёный): 3.8
 Штерн, Авраам: 3.78
 Кричевер, Игорь Моисеевич: 3.71
 Горбатов, Вячеслав Афанасьевич: 3.71
 Коренев, Георгий Васильевич: 3.71
 Пан, Виктор Яковлевич: 3.71
 Молчанов, Александр Артёмович: 3.71
 Мазаник, Сергей Алексеевич: 3.71
 Зенфф, Карл-Эдуард: 3.71
 Корзюк, Виктор Иванович: 3.71
 Абрамов, Александр Михайлович: 3.71
 Ионин, Владимир Кузьмич: 3.71
 Шкиль, Николай Иванович: 3.71
 Гущин, Валентин Анатольевич: 3.71
 Пахлов, Павел Николаевич: 3.71
 Фомичёв, Василий Владимирович: 3.71
 Волков, Евгений Алексеевич: 3.71
 Боголюбов, Николай Михайлович: 3.71
 Филер, Залмен Ефимович: 3.71
 Аргучинцев, Александр Валерьевич: 3.71
 Каган, Абрам Меерович: 3.71
 Саранцев, Геннадий Иванович: 3.71
 Гейн, Александр Георгиевич: 3.71
 Демьянов, Владимир Фёдорович: 3.71
 Шабозов, Мирганд Шабозович: 3.71
 Фёдоров, Вячеслав Васильевич: 3.71
 Лебедев, Николай Николаевич (математик): 3.71
 Сушко, Валерий Григорьевич: 3.71
 Пинус, Александр Георгиевич: 3.71
 Бермант, Анисим: 3.66
 Бушен, Артур Богданович фон: 3.66
 Глаголев, Александр Николаевич: 3.66
 Джураев, Абубакир Мухтарович: 3.66
 Ивлев, Борис Михайлович: 3.66
 Костелянец, Пётр Оскарович: 3.66
 Кропоткин, Александр Алексеевич: 3.66
 Кулишер, Александр Рувимович: 3.66
 Лукьянов, Яков Афанасьевич: 3.66
 Макаров, Николай Иванович: 3.66
 Максимович, Александр Петрович: 3.66
 Поваров, Геллий Николаевич: 3.66
 Погожев, Иван Борисович: 3.66
 Погорельский, Платон Николаевич: 3.66
 Сабинин, Егор Фёдорович: 3.66
 Софронов, Михаил (математик): 3.66
 Тер-Крикоров, Александр Мартынович: 3.66
 Фёдоров, Илья: 3.66
 Хохлюк, Виталий Иванович: 3.66
 Исаков, Виктор: 3.66
 Бессель, Александр Васильевич: 3.66
 Суворов, Прохор Игнатьевич: 3.66
 Плоткин, Евгений Борисович: 3.66
 Гольденберг, Александр Иванович: 3.66
 Лерер, Леонид Ефимович: 3.66
 Турецкий, Абрам Хаимович: 3.66
 Ковнер, Семён Самсонович: 3.66
 Мула, Фредерик: 3.66
 Шмульян, Юрий Львович: 3.66
 Шахно, Константин Устинович: 3.66
 Шифф, Пётр Александрович: 3.66
 Лопшиц, Абрам Миронович: 3.66
 Александров, Иван Иванович: 3.66
 Михельсон, Николай Семёнович: 3.66
 Gordeziani, David: 3.66
 Беренс, Виктор Иванович: 3.66
 Выжевский, Степан Степанович: 3.66
 Liptser, Robert: 3.66
 Гиновян, Мамикон: 3.55
 Мажорова, Ольга Семёновна: 3.55
 Романюха, Алексей Алексеевич: 3.55
 Сетуха, Алексей Викторович: 3.55
 Магницкий, Николай Александрович: 3.55
 Шоломов, Лев Абрамович: 3.55
 Zabavsky, Bohdan: 3.55
 Пентус, Мати Рейнович: 3.55
 Маркович, Сима: 3.36
 Ботезат, Георгий Александрович: 3.36
 Линцбах, Яков Иванович: 3.36
 Лахути, Делир Гасемович: 3.29
 Проценко, Владимир Сидорович: 3.29
 Q6516841: 3.29
 Q12078796: 3.29
 Q12089871: 3.29
 Q12097767: 3.29
 Лагно, Виктор Иванович: 3.29
 Овсиенко, Сергей Адамович: 3.29
 Q13030226: 3.29
 Lihoded, Nikolay Aleksandrovich: 3.29
 Q19772418: 3.29
 Садыбеков, Махмуд Абдысаметович: 3.29
 Альсевич, Виталий Викентьевич: 3.29
 Сейткулов, Ержан Нураханович: 3.29
 Овчинников, Алексей Витальевич: 3.29
 Бондарко, Михаил Владимирович: 3.29
 Чобанян, Сергей: 3.29
 Мурадян, Максим: 3.29
 Harutyunyan, Mariam: 3.29
 Денисюк, Владимир: 3.29
 Бочаров, Геннадий Алексеевич: 3.29
 Хисамиев, Назиф Гарифуллинович: 3.29
 Молотков, Сергей Николаевич: 3.29
 Lesokhin, Mikhail Moiseevich: 3.24
 Посицельский, Леонид Ефимович: 3.24
 Квасов, Дмитрий Евгеньевич: 3.24
 Квасов, Борис Ильич: 3.24
 Доморяд, Александр Петрович: 3.24
 Зенков, Виктор: 3.24
 Левин, Владимир Леонидович: 2.94
 Гулак, Николай Иванович: 2.94
 Синцов, Дмитрий Матвеевич: 2.94
 Пикар, Софи: 2.94
 Жулиньский, Роман: 2.52
 Хесин, Борис Аронович: 2.52
 Вистелиус, Андрей Борисович: 2.52
 Гарбиньский, Кажетан: 2.1
 Аничков, Дмитрий Сергеевич: 2.1
 Новопашенный, Пётр Алексеевич: 2.1
 Folkierski, Władysław: 1.68
 Госиевский, Владислав: 1.68
 Кржижановский, Адриан: 1.68
 Мутанов, Галимкаир Мутанович: 1.68
 Шеврин, Лев Наумович: 1.68
 Арраго, Роман Семёнович: 1.68
 Гангнус, Рудольф Вильгельмович: 1.68
 Цейтин, Григорий Самуилович: 1.68
 Мифтахов, Азат Фанисович: 1.68
 Мухачёва, Элита Александровна: 1.68
 Штейнберг, Михаил: 1.26
 Кремер, Арон Иосифович: 1.26
 Каменомостская, Сусанна Львовна: 1.26
 Запольский, Иван Ипатович: 1.26
 Павловский, Андрей Фёдорович: 1.26
 Wenkow, Alexei Borissowitsch: 1.26
 Ruubel, Alma Johanna: 1.26
 Smbatyan, Ashot: 1.26
 Слисенко, Анатолий Олесьевич: 1.26
 Alderson, Helen Popova: 1.26
 Эйгес, Владимир Романович: 1.1
 Goussarov, Mikhail: 0.84
 Вильямс, Николай Николаевич: 0.84
 Gukov, Sergei: 0.84
 Kramsztyk, Stanisław: 0.84
 Budrewicz, Wincenty: 0.84
 Архимович, Зиновий Алоизиевич: 0.84
 Рычков, Вячеслав Сергеевич: 0.84
 Kasparow, Gennadi Georgijewitsch: 0.84
 Харазов, Георгий Артёмович: 0.84
 Кузьмина, Галина Васильевна: 0.84
 Сырмус, Тамара: 0.84
 Крысько, Вадим Анатольевич: 0.84
 Николаевич, Бронштейн Илья: 0.84
 Ященко, Иван Валериевич: 0.84
 Дернов, Николай Андреевич: 0.84
 Михайлов, Леонид Григорьевич: 0.84
 Q85988048: 0.84
 Ондар, Хеймер-оол Опанович: 0.84
 Reznikov, Alexander: 0.42
 Куликов, Виктор Степанович: 0.42
 Альбрехт, Владимир Янович: 0.42
 Богданов, Дмитрий Степанович: 0.42
 Краснопёров, Егор Иванович: 0.42
 Остапенко, Сергей (актёр): 0.42
 Редер, Александр Христофорович: 0.42
 Kalandiya, Apollon Iosifovich: 0.42
 Biermann, Otto: 0.42
 Chebyshev, Pafnuty Lvovich: 0.42
 Зморович, Валентин Анатольевич: 0.42
 Максимович, Владимир Павлович: 0.42
 Созанов, Валерий Гаврилович: 0.42
 Bleher, Pavel: 0.42
 Kulisch, Pjotr Petrowitsch: 0.42
 Matwejew, Wladimir Borissowitsch: 0.42
 Demjanenko, Wadim Andrejewitsch: 0.42
 Борисов, Евгений Васильевич: 0.42
 Шестопал, Анатолий Фёдорович: 0.42
 Ангарская, Надежда Викторовна: 0.42
 Botanarsky, Andrey: 0.42
 Косинский, Викентий Викентьевич: 0.42
 Q18707824: 0.42
 Rosanov, Yuri Anatolievich: 0.42
 Гордон, Владимир Осипович: 0.42
 Фетисов, Антонин Иванович: 0.42
 Лешкевич, Николай Анатольевич: 0.42
 Berlyand, Leonid: 0.42
 Браверман, Максим Эммануилович: 0.42
 Волкова, Валентина Александровна: 0.42
 Попруженко, Михаил Григорьевич: 0.42
 Bortniker, Liouba: 0.42
 Хасанова, Тамилла: 0.42
 Evdokimov, Sergei: 0.42
 Q71869813: 0.42
 Магарил-Ильяев, Георгий Георгиевич: 0.42
 Шифф, Вера Иосифовна: 0.42
 Q93593591: 0.42
 Gomtsyan, Arsen: 0.42
 Жемкова, Елена Борисовна: 0.42
 Chestakov, Ivan: 0.42
 Karczewski, Wincenty: 0.0
 Кислицын, Сергей Сергеевич: 0.0
 Zolotov, Borisz Jevgenyjevics: 0.0
 Тиморин, Владлен: 0.0
 Калинин, Никита: 0.0
 Tyupkin, Yury: 0.0
 Кострикин, Игорь Алексеевич: 0.0
 Заболоцкий, Микола Васильевич: 0.0
 Тарасюк, Роман Иванович: 0.0
 Шеремета, Мирослав Николаевич: 0.0
 Березанский, Леонид Миронович: 0.0
 Рахматуллина, Лина Фазыловна: 0.0
 Песин, Иван Николаевич: 0.0
 Даирбеков, Нурлан Слямханович: 0.0
 Ливчак, Яков Борисович: 0.0
 Туленбаев, Марат: 0.0
 Стукачёв, Алексей И.: 0.0
 Шегиров, Кайртай Мейрамович: 0.0
 Перязев, Николай Алексеевич: 0.0
 Зайналов, Б.: 0.0
 Нестеренко, Юрий: 0.0
 Камунтавичюс, Дарус Антанас: 0.0
 Шидов, Лион Измаилович: 0.0
 Дураков, Борис Константинович: 0.0
 Орел, Ольга Евгеньевна: 0.0
 Кушибаев, Кемаль: 0.0
 Берлинков, Меир Лазаревич: 0.0
 Оманадзе, Роман Шалвович: 0.0
 Факадзе, Шалва: 0.0
