Колмогоров, Андрей Николаевич: 9.349
Эйлер, Леонард: 9.157
Громов, Михаил Леонидович: 7.224
Новиков, Сергей Петрович: 7.1
Гельфанд, Израиль Моисеевич: 6.921
Арнольд, Владимир Игоревич: 6.817
Боголюбов, Николай Николаевич: 6.692
Фаддеев, Людвиг Дмитриевич: 6.201
Алфёров, Жорес Иванович: 6.094
Манин, Юрий Иванович: 5.531
Канторович, Леонид: 5.517
Александров, Александр Данилович: 5.41
Садовничий, Виктор Антонович: 4.832
Марчук, Гурий Иванович: 4.746
Синай, Яков Григорьевич: 4.696
Чебышёв, Пафнутий Львович: 4.678
Самарский, Александр Андреевич: 4.532
Понтрягин, Лев Семёнович: 4.45
Фридман, Александр Александрович: 4.391
Воеводин, Валентин Васильевич: 4.316
Шафаревич, Игорь Ростиславович: 4.281
Олейник, Ольга: 4.277
Ландау, Лев Давидович: 4.273
Никольский, Сергей Михайлович: 4.243
Александров, Павел Сергеевич: 4.232
Моисеев, Никита Николаевич: 4.19
Глушков, Виктор Михайлович: 4.18
Тихонов, Андрей Николаевич: 4.112
Осипов, Юрий Сергеевич: 4.053
Перельман, Григорий Яковлевич: 4.03
Охоцимский, Дмитрий Евгеньевич: 4.013
Козлов, Валерий Васильевич: 3.995
Марченко, Владимир Александрович: 3.907
Бернштейн, Сергей Натанович: 3.878
Ляпунов, Александр Михайлович: 3.859
Степанов, Родион Александрович: 3.84
Безикович, Абрам Самойлович: 3.792
Соболев, Сергей Львович: 3.784
Фоменко, Анатолий Тимофеевич: 3.751
Кравчук, Михаил Филиппович: 3.679
Келдыш, Мстислав Всеволодович: 3.599
Владимиров, Василий Сергеевич: 3.581
Андерсон, Оскар Николаевич: 3.573
Виноградов, Иван Матвеевич: 3.569
Маслов, Виктор Павлович: 3.563
Шмидт, Отто Юльевич: 3.537
Хинчин, Александр Яковлевич: 3.521
Русаков, Сергей Владимирович: 3.489
Петровский, Иван Георгиевич: 3.485
Седов, Леонид Иванович: 3.459
Стеклов, Владимир Андреевич: 3.457
Вершик, Анатолий Моисеевич: 3.441
Элиашберг, Яков Матвеевич: 3.427
Ширшов, Анатолий Илларионович: 3.398
Ладыженская, Ольга Александровна: 3.364
Ляпунов, Алексей Андреевич: 3.35
Годунов, Сергей Константинович: 3.33
Лобачевский, Николай Иванович: 3.246
Делоне, Борис Николаевич: 3.221
Лаврентьев, Михаил Алексеевич: 3.201
Ломоносов, Михаил Васильевич: 3.192
Котельников, Владимир Александрович: 3.19
Крейн, Марк Григорьевич: 3.161
Ильин, Владимир Александрович: 3.135
Маргулис, Григорий: 3.114
Матиясевич, Юрий Владимирович: 3.111
Болтянский, Владимир Григорьевич: 3.09
Белоцерковский, Олег Михайлович: 3.056
Овсянников, Лев Васильевич: 3.027
Ковалевская, Софья Васильевна: 3.02
Винберг, Эрнест Борисович: 3.006
Ерёмин, Иван Иванович: 2.979
Горбань, Александр Николаевич: 2.976
Платонов, Владимир Петрович: 2.916
Капица, Сергей Петрович: 2.914
Хоружий, Сергей Сергеевич: 2.911
Векуа, Илья: 2.91
Холево, Александр Семёнович: 2.906
Коротаев, Андрей Витальевич: 2.903
Кожевников, Павел Александрович: 2.889
Смирнов, Станислав Константинович: 2.882
Жидков, Николай Петрович: 2.878
Дородницын, Анатолий: 2.861
Куратовский, Казимир: 2.818
Концевич, Максим: 2.813
Кикоин, Исаак Константинович: 2.804
Мальцев, Анатолий Иванович: 2.794
Каган, Вениамин Фёдорович: 2.788
Пятецкий-Шапиро, Илья Иосифович: 2.77
Моисеев, Евгений: 2.756
Мусхелишвили, Николай: 2.733
Ляшко, Иван Иванович: 2.709
Ольшанский, Александр Юрьевич: 2.693
Линник, Юрий Владимирович: 2.685
Цингер, Василий Яковлевич: 2.665
Мордухай-Болтовской, Дмитрий Дмитриевич: 2.665
Лидский, Виктор Борисович: 2.655
Митропольский, Юрий Алексеевич: 2.653
Бухштабер, Виктор Матвеевич: 2.647
Аносов, Дмитрий Викторович: 2.636
Бахвалов, Николай Сергеевич: 2.621
Рудаков, Константин Владимирович: 2.618
Лузин, Николай Николаевич: 2.614
Ершов, Юрий Леонидович: 2.607
Энеев, Тимур Магометович: 2.603
Васильев, Виктор Анатольевич: 2.591
Тарунин, Евгений Леонидович: 2.589
Люстерник, Лазарь Аронович: 2.581
Кац, Виктор: 2.564
Кочина, Пелагея Яковлевна: 2.56
Захаров, Владимир Евгеньевич: 2.52
Башмаков, Марк Иванович: 2.508
Альфорс, Ларс: 2.499
Пенский, Олег Геннадьевич: 2.48
Рвачёв, Владимир Логвинович: 2.467
Вапник, Владимир Наумович: 2.464
Бернулли, Николай: 2.457
Хованский, Аскольд Георгиевич: 2.447
Островский, Александр Маркович: 2.446
Погорелов, Алексей Васильевич: 2.439
Райков, Дмитрий Абрамович: 2.427
Прохоров, Юрий Васильевич: 2.421
Дынкин, Евгений: 2.42
Александрян, Рафаэль Арамович: 2.419
Деларю, Даниил Михайлович: 2.41
Ермаков, Сергей Михайлович: 2.409
Бененсон, Залман Михайлович: 2.408
Окуньков, Андрей Юрьевич: 2.394
Постников, Михаил Михайлович: 2.393
Пугачёв, Владимир Семёнович: 2.388
Зельманов, Ефим: 2.384
Ширяев, Альберт Николаевич: 2.382
Мергелян, Сергей Никитович: 2.374
Красовский, Николай Николаевич: 2.372
Паршин, Алексей Николаевич: 2.364
Болотов, Виктор Александрович: 2.359
Бурков, Владимир Николаевич: 2.356
Зубов, Василий Павлович: 2.336
Воеводский, Владимир Александрович: 2.332
Буняковский, Виктор Яковлевич: 2.329
Смирнов, Владимир Иванович: 2.314
Чаплыгин, Сергей Алексеевич: 2.314
Мищенко, Евгений Фролович: 2.307
Ландо, Сергей Константинович: 2.289
Михайлов, Валентин Петрович: 2.269
Иванов, Валентин Константинович: 2.232
Забабахин, Евгений Иванович: 2.216
Лахтин, Леонид Кузьмич: 2.208
Бернштейн, Иосиф Наумович: 2.204
Циолковский, Константин Эдуардович: 2.199
Ремесленников, Владимир Никанорович: 2.198
Гохберг, Израиль Цудикович: 2.196
Лупанов, Олег Борисович: 2.195
Яновская, Софья Александровна: 2.193
Амбарцумян, Рубен Викторович: 2.185
Остроградский, Михаил Васильевич: 2.181
Гутенмахер, Лев Израилевич: 2.175
Карацуба, Анатолий Алексеевич: 2.162
Гнеденко, Борис Владимирович: 2.162
Турчин, Валентин Фёдорович: 2.157
Адян, Сергей Иванович: 2.145
Фейгин, Борис Львович: 2.138
Солодовников, Владимир Викторович: 2.138
Разборов, Александр Александрович: 2.136
Новиков, Пётр Сергеевич: 2.132
Фаддеев, Дмитрий Константинович: 2.131
Рашевский, Пётр Константинович: 2.128
Протасов, Владимир Юрьевич: 2.119
Васильев, Фёдор Павлович: 2.118
Ахиезер, Наум: 2.117
Макаров, Валерий Леонидович: 2.117
Галеркин, Борис Григорьевич: 2.114
Чеботарёв, Николай Григорьевич: 2.113
Мищенко, Александр Сергеевич: 2.109
Журавлёв, Юрий Иванович: 2.108
Воеводин, Владимир Валентинович: 2.107
Стечкин, Сергей Борисович: 2.102
Виноградов, Дмитрий Вячеславович: 2.1
Лавров, Святослав Сергеевич: 2.099
Свешников, Алексей Георгиевич: 2.098
Курош, Александр Геннадиевич: 2.096
Кострикин, Алексей Иванович: 2.093
Жегалкин, Иван Иванович: 2.09
Дринфельд, Владимир: 2.086
Бердышев, Виталий Иванович: 2.08
Акаев, Аскар Акаевич: 2.076
Носовский, Глеб Владимирович: 2.065
Лебедев, Вячеслав Иванович: 2.064
Левин, Леонид Анатольевич: 2.053
Богомолов, Фёдор: 2.053
Баренблатт, Григорий Исаакович: 2.048
Некрасов, Павел Алексеевич: 2.046
Королёв, Лев Николаевич: 2.044
Тыртышников, Евгений Евгеньевич: 2.038
Тихомиров, Владимир Михайлович: 2.036
Чередник, Иван: 2.036
Кондратьев, Владимир Александрович: 2.027
Вощинин, Александр Павлович: 2.019
Максудов, Фарамаз Газанфар оглы: 2.019
Смирнов, Николай Васильевич: 2.017
Аракелян, Норайр Унанович: 2.016
Левенштейн, Владимир Иосифович: 2.011
Тужилин, Алексей Августинович: 2.01
Краснощёков, Павел Сергеевич: 2.009
Маланин, Владимир Владимирович: 2.008
Эрдниев, Пюрвя Мучкаевич: 2.008
Шор, Наум Зуселевич: 2.007
Гамкрелидзе, Реваз Валерианович: 2.001
Вороной, Георгий Феодосьевич: 2.0
Емельянов, Станислав Васильевич: 1.998
Штокало, Иосиф Захарович: 1.997
Гливенко, Валерий Иванович: 1.991
Мазуров, Владимир Данилович: 1.979
Гребеников, Евгений Александрович: 1.978
Граве, Дмитрий Александрович: 1.974
Каждан, Давид: 1.973
Мельник, Семён Ильич: 1.97
Андреев, Николай Николаевич: 1.969
Егоров, Дмитрий Фёдорович: 1.957
Ершов, Андрей Петрович: 1.945
Бицадзе, Андрей Васильевич: 1.943
Минлос, Роберт Адольфович: 1.942
Соколов, Юрий Дмитриевич: 1.935
Витушкин, Анатолий Георгиевич: 1.932
Березовский, Борис Абрамович: 1.918
Тузиков, Александр Васильевич: 1.918
Фихтенгольц, Григорий: 1.917
Белецкий, Владимир Васильевич: 1.917
Трахтенброт, Борис Авраамович: 1.906
Привалов, Иван Иванович: 1.903
Ишлинский, Александр Юльевич: 1.903
Танаев, Вячеслав Сергеевич: 1.899
Березин, Феликс Александрович: 1.896
Немыцкий, Виктор Владимирович: 1.896
Крылов, Алексей Николаевич: 1.892
Зарицкий, Мирон Онуфриевич: 1.888
Ожигов, Юрий Игоревич: 1.88
Келдыш, Людмила Всеволодовна: 1.879
Виленкин, Наум Яковлевич: 1.877
Ашраф: 1.876
Гельфонд, Александр Осипович: 1.871
Максимов, Владимир Петрович: 1.87
Третьяков, Владимир Евгеньевич: 1.865
Лууре, Андрес: 1.863
Ермаков, Василий Петрович: 1.848
Филиппов, Алексей Фёдорович: 1.847
Семёнов, Алексей Львович: 1.838
Нестеренко, Юрий Валентинович: 1.836
Тарский, Альфред: 1.835
Юшкевич, Адольф Павлович: 1.835
Ратнер, Марина Евсеевна: 1.831
Френкель, Игорь: 1.828
Кары-Ниязов, Ташмухамед Ниязович: 1.828
Слудский, Фёдор Алексеевич: 1.828
Гагаев, Борис Михайлович: 1.828
Фусс, Николай Иванович: 1.822
Свирежев, Юрий Михайлович: 1.819
Сигал, Израиль Хаимович: 1.819
Шамолин, Максим Владимирович: 1.819
Сулицкий, Владимир Николаевич: 1.819
Сегал, Бенцион Израилевич: 1.819
Оселедец, Валерий Иустинович: 1.819
Ильин, Арлен Михайлович: 1.818
Яненко, Николай Николаевич: 1.818
Гончаров, Сергей Савостьянович: 1.818
Суслин, Андрей: 1.811
Павлов, Борис Сергеевич: 1.809
Бабич, Василий Михайлович: 1.808
Бартельс, Мартин Фёдорович: 1.804
Ремез, Евгений Яковлевич: 1.803
Хруслов, Евгений Яковлевич: 1.799
Немировский, Аркадий Семёнович: 1.798
Хорол, Давид Моисеевич: 1.798
Кашин, Борис: 1.793
Гайфуллин, Александр Александрович: 1.789
Успенский, Владимир Андреевич: 1.779
Рыбников, Константин Алексеевич: 1.775
Рохлин, Владимир: 1.774
Шилов, Георгий Евгеньевич: 1.774
Гончар, Андрей Александрович: 1.774
Кириллов, Александр Александрович: 1.765
Полянин, Андрей Дмитриевич: 1.765
Гантмахер, Феликс Рувимович: 1.764
Леонтьев, Алексей Фёдорович: 1.756
Кубилюс, Йонас: 1.755
Дорофеева, Алла Владимировна: 1.738
Кудрявцев, Лев Дмитриевич: 1.736
Данилов, Владимир Иванович: 1.736
Купрадзе, Виктор Дмитриевич: 1.735
Крылов, Николай Митрофанович: 1.728
Волковысский, Лев Израилевич: 1.727
Костицын, Владимир Александрович: 1.727
Абрамов, Александр Александрович: 1.727
Ефимов, Николай Владимирович: 1.726
Евграфов, Марат: 1.719
Абрамов, Сергей Михайлович: 1.713
Цфасман, Михаил Анатольевич: 1.708
Мойшезон, Борис Гершевич: 1.708
Воробьёв, Николай Николаевич: 1.708
Замятин, Алексей Петрович: 1.708
Орлов, Александр Иванович: 1.708
Ретах, Владимир Соломонович: 1.708
Юдин, Давид Борисович: 1.707
Лебедев, Николай Фролович: 1.698
Каргаполов, Михаил Иванович: 1.698
Зак, Николай Фёдорович: 1.69
Фон-дер-Флаасс, Дмитрий Германович: 1.689
Гихман, Иосиф Ильич: 1.688
Райгородский, Андрей Михайлович: 1.688
Шнирельман, Лев Генрихович: 1.681
Миркес, Евгений Моисеевич: 1.68
Суслонов, Владимир Михайлович: 1.68
Бугров, Яков Степанович: 1.679
Корнейчук, Николай Павлович: 1.678
Сеченов, Иван Михайлович: 1.674
Степин, Анатолий Михайлович: 1.674
Ганнушкина, Светлана Алексеевна: 1.672
Малыгина, Вера Владимировна: 1.67
Марков, Александр Александрович: 1.669
Щаранский, Натан: 1.666
Афанасьева, Татьяна Алексеевна: 1.648
Бураго, Юрий Дмитриевич: 1.642
Барбашин, Евгений Алексеевич: 1.628
Левин, Юрий Иосифович: 1.627
Миндинг, Фердинанд: 1.624
Левитан, Борис Моисеевич: 1.623
Бейлинсон, Александр Александрович: 1.622
Моисеев, Тихон Евгеньевич: 1.619
Рябов, Геннадий Георгиевич: 1.609
Похожаев, Станислав: 1.608
Демидович, Борис Павлович: 1.595
Малков, Сергей Юрьевич: 1.589
Яковлев, Вадим Иванович: 1.589
Берштейн, Леонид Самойлович: 1.589
Григорчук, Ростислав Иванович: 1.586
Лейбензон, Леонид Самуилович: 1.585
Лумельский, Ян Петрович: 1.58
Кутателадзе, Семён: 1.568
Цирельсон, Борис Семенович: 1.566
Давидов, Август Юльевич: 1.566
Зорич, Владимир Антонович: 1.566
Малинецкий, Георгий Геннадьевич: 1.566
Андронов, Александр Александрович: 1.561
Демидов, Сергей: 1.557
Степанов, Вячеслав: 1.556
Ворович, Иосиф: 1.556
Зелевинский, Андрей: 1.548
Фабрикант, Валерий Иосифович: 1.548
Фомин, Сергей Владимирович: 1.547
Федоренко, Радий Петрович: 1.547
Бобылёв, Николай Антонович: 1.547
Яглом, Акива Моисеевич: 1.54
Тюрин, Андрей Николаевич: 1.538
Кузнецов, Владимир: 1.538
Григорьев, Дмитрий Юрьевич: 1.537
Логунов, Александр Андреевич: 1.537
Флоренский, Павел Александрович: 1.53
Дезин, Алексей Алексеевич: 1.528
Дзядык, Владислав Кириллович: 1.528
Субботин, Андрей Измайлович: 1.528
Диткин, Виталий Арсеньевич: 1.528
Алескеров, Фуад Тагиевич: 1.528
Чумаков, Фёдор Иванович: 1.528
Слободянский, Михаил Григорьевич: 1.528
Слуцкий, Евгений Евгеньевич: 1.523
Ивашев-Мусатов, Олег Сергеевич: 1.519
Смолицкий, Хаим Львович: 1.519
Богатырёв, Андрей Борисович: 1.519
Савватеев, Алексей Владимирович: 1.519
Степанец, Александр Иванович: 1.518
Костомаров, Дмитрий Павлович: 1.518
Джумадильдаев, Аскар Серкулович: 1.517
Ибрагимов, Ильдар Абдуллович: 1.512
Меньшов, Дмитрий Евгеньевич: 1.512
Рипс, Илья Аронович: 1.512
Солтан, Валерий Петрович: 1.51
Шафаревич, Андрей Игоревич: 1.51
Будаев, Николай Сергеевич: 1.51
Браверман, Эммануил Маркович: 1.51
Нечаев, Василий Ильич: 1.509
Павловский, Юрий Николаевич: 1.509
Чушкин, Павел Иванович: 1.509
Абрашкин, Виктор Александрович: 1.509
Лаврик, Александр Фёдорович: 1.509
Халфин, Леонид Александрович: 1.508
Бочкарёв, Сергей Викторович: 1.508
Марков, Андрей Андреевич: 1.504
Романовский, Всеволод Иванович: 1.504
Бугаев, Николай Васильевич: 1.503
Коваленко, Игорь Николаевич: 1.499
Шеметков, Леонид Александрович: 1.499
Пасконов, Вилен Михайлович: 1.499
Михалевич, Владимир Сергеевич: 1.498
Боровков, Александр Алексеевич: 1.493
Котельников, Александр Петрович: 1.492
Банахевич, Тадеуш: 1.492
Добрушин, Роланд Львович: 1.484
Крейн, Селим Григорьевич: 1.475
Вентцель, Елена Сергеевна: 1.474
Суслин, Михаил Яковлевич: 1.474
Конягин, Сергей Владимирович: 1.474
Харлампович, Ольга Георгиевна: 1.473
Селиванов, Дмитрий Фёдорович: 1.465
Мельников, Иван Иванович: 1.465
Шрейдер, Юлий Анатольевич: 1.465
Тамаркин, Яков Давидович: 1.449
Урысон, Павел Самуилович: 1.449
Карапетян, Гарник: 1.448
Азбелев, Николай Викторович: 1.446
Монахов, Валентин Николаевич: 1.446
Когбетлянц, Ерванд Геворгович: 1.446
Уральцева, Нина: 1.445
Хачиян, Леонид Генрихович: 1.444
Никишин, Евгений Михайлович: 1.437
Фомин, Сергей Васильевич: 1.436
Яблонский, Сергей Всеволодович: 1.436
Бесов, Олег Владимирович: 1.435
Линдеберг, Ярл Вальдемар: 1.435
Шапиро, Зоря Яковлевна: 1.429
Болибрух, Андрей Андреевич: 1.427
Гокиели, Леван Петрович: 1.427
Ващенко-Захарченко, Михаил Егорович: 1.427
Петрик, Александр: 1.419
Пискунов, Николай Семёнович: 1.418
Эйхенбаум, Яков Моисеевич: 1.418
Айвазян, Сергей Арутюнович: 1.418
Иванов, Сергей Владимирович (математик): 1.417
Кошляков, Николай Сергеевич: 1.417
Решетняк, Юрий Григорьевич: 1.417
Сазонов, Вячеслав Васильевич: 1.416
Ландис, Евгений Михайлович: 1.41
Михайлов, Роман Валерьевич: 1.41
Базылев, Вячеслав Тимофеевич: 1.409
Варченко, Александр Николаевич: 1.408
Авдеев, Николай Яковлевич: 1.408
Афанасьев, Владимир: 1.408
Султангазин, Умирзак Махмутович: 1.408
Гольдберг, Анатолий Асирович: 1.408
Мазалов, Владимир Викторович: 1.408
Панин, Иван Александрович: 1.408
Песин, Яков Борисович: 1.408
Тураев, Владимир Георгиевич: 1.407
Богданов, Рифкат Ибрагимович: 1.407
Линделёф, Эрнст Леонард: 1.4
Q61043859: 1.4
Платонов, Михаил Леонидович: 1.4
Светов, Борис Сергеевич: 1.399
Краснопрошин, Виктор Владимирович: 1.399
Медведев, Павел Алексеевич: 1.398
Архипов, Геннадий Иванович: 1.398
Комраков, Борис Петрович: 1.393
Выгодский, Марк Яковлевич: 1.389
Глейзер, Григорий Давыдович: 1.389
Извольский, Николай Александрович: 1.389
Новиков, Дмитрий Александрович: 1.389
Соловьёв, Александр Дмитриевич: 1.389
Бобков, Сергей Германович: 1.389
Акилов, Глеб Павлович: 1.389
Шишмарев, Юрий Евгеньевич: 1.389
Галушкин, Александр Иванович: 1.389
Амербаев, Вильжан Мавлютинович: 1.388
Верещагин, Иван Фёдорович: 1.388
Шварцбурд, Семён Исаакович: 1.38
Щепкин, Павел Степанович: 1.38
Пархоменко, Алексей Серапионович: 1.38
Дужин, Сергей Васильевич: 1.38
Шура-Бура, Михаил Романович: 1.378
Рапопорт, Анатолий Борисович: 1.373
Брудно, Александр Львович: 1.369
Житомирская, Светлана Яковлевна: 1.363
Герман, Якоб: 1.362
Петров, Алексей Зиновьевич: 1.354
Букреев, Борис Яковлевич: 1.352
Пинскер, Марк: 1.342
Некрасов, Александр Иванович: 1.342
Пионтковский, Андрей: 1.336
Хованов, Михаил: 1.328
Мелентьев, Павел Владимирович: 1.319
Гюнтер, Николай Максимович: 1.314
Гольц, Ольга Владимировна: 1.313
Жуковский, Николай Егорович: 1.31
Дымников, Валентин: 1.309
Рышков, Сергей Сергеевич: 1.308
Таран, Татьяна Архиповна: 1.308
Шпильрейн, Ян Николаевич: 1.306
Вагнер, Виктор Владимирович: 1.304
Ружанский, Михаил: 1.298
Кольман, Эрнест Яромирович: 1.297
Граев, Марк Иосифович: 1.296
Фет, Абрам Ильич: 1.295
Крыштановский, Александр Олегович: 1.289
Шноль, Эммануил Эльевич: 1.289
Мисюркеев, Иван Васильевич: 1.289
Цыганков, Иван Власович: 1.289
Арефьева, Ирина Ярославна: 1.289
Трофимов, Пётр Иванович: 1.289
Мильман, Давид Пинхусович: 1.285
Сохоцкий, Юлиан Васильевич: 1.285
Абросимов, Александр Викторович: 1.276
Муртазин, Хайрулла Хабибуллович: 1.276
Исаханлы, Гамлет Абдулла оглы: 1.273
Андреев, Константин Алексеевич: 1.266
Васильев, Станислав Николаевич: 1.266
Христианович, Сергей: 1.26
Гершгорин, Семён Аронович: 1.259
Адамян, Вадим Мовсесович: 1.257
Сомов, Осип Иванович: 1.256
Бронштейн, Идел Ушерович: 1.25
Гиндикин, Семён Григорьевич: 1.248
Кузьмин, Родион Осиевич: 1.241
Фесенко, Иван: 1.238
Баскаков, Анатолий Григорьевич: 1.238
Бюшгенс, Сергей Сергеевич: 1.238
Михайленко, Борис Григорьевич: 1.238
Молчанов, Альберт Макарьевич: 1.238
Пятосин, Иосиф Степанович: 1.238
Тюрин, Юрий Николаевич: 1.238
Четаев, Николай Гурьевич: 1.238
Карпелевич, Фридрих Израилевич: 1.238
Дьяченко, Вадим Евгеньевич: 1.238
Лизоркин, Пётр Иванович: 1.238
Гулин, Алексей Владимирович: 1.238
Лаврентьев, Михаил Михайлович: 1.237
Смелянский, Руслан Леонидович: 1.229
Говорун, Николай Николаевич: 1.228
Козлов, Владимир Яковлевич: 1.228
Королюк, Владимир Семёнович: 1.228
Морозов, Никита Фёдорович: 1.228
Севастьянов, Борис Александрович: 1.228
Ульянов, Владимир Васильевич: 1.228
Чубариков, Владимир Николаевич: 1.228
Ядренко, Михаил Иосифович: 1.228
Большев, Логин Николаевич: 1.228
Абаканович, Бруно: 1.221
Пановко, Яков Гилелевич: 1.219
Аршеневский, Василий Кондратьевич: 1.219
Бахвалов, Сергей Владимирович: 1.219
Веселовский, Иван Николаевич: 1.219
Данилюк, Иван Ильич: 1.219
Ершов, Александр Степанович: 1.219
Жаринов, Виктор Викторович: 1.219
Кузнецов, Николай Васильевич (математик): 1.219
Попов, Александр Фёдорович (математик): 1.219
Субботин, Юрий Николаевич: 1.219
Федорчук, Виталий Витальевич: 1.219
Франк, Михаил Людвигович: 1.219
Тайцлин, Михаил Абрамович: 1.219
Каледин, Дмитрий: 1.219
Камынин, Леонид Иванович: 1.219
Либер, Александр Евгеньевич: 1.219
Лифанов, Иван Кузьмич: 1.219
Широков, Пётр Алексеевич: 1.219
Тишкин, Владимир Федорович: 1.219
Самойленко, Юрий Стефанович: 1.219
Фридман, Лев Моисеевич: 1.219
Дмитриев, Николай Александрович: 1.218
Коробейников, Виктор Павлович: 1.218
Статулявичус, Витаутас Антанович: 1.218
Рабинович, Матвей Самсонович: 1.218
Денисов, Эдисон Васильевич: 1.217
Джекобсон, Натан: 1.211
Стратонович, Руслан Леонтьевич: 1.211
Алексеев, Николай Николаевич (математик): 1.21
Анисимов, Василий Афанасьевич: 1.21
Майер, Фридрих Христофор: 1.21
Фомин, Владимир Николаевич: 1.21
Пикус, Давид Львович: 1.21
Салихов, Владислав Хасанович: 1.21
Коновалов, Анатолий Николаевич: 1.209
Романов, Владимир: 1.209
Чарный, Исаак Абрамович: 1.209
Денисов, Александр Михайлович: 1.209
Попов, Александр Михайлович: 1.209
Ченцов, Александр: 1.209
Есенин-Вольпин, Александр Сергеевич: 1.203
Шатуновский, Самуил Осипович: 1.203
Кублановская, Вера Николаевна: 1.202
Глускин, Лазарь Матвеевич: 1.199
Товстик, Петр Евгеньевич: 1.199
Попов, Юрий Петрович: 1.199
Тыугу, Энн Харальдович: 1.198
Слонимский, Зиновий Яковлевич: 1.195
Брашман, Николай Дмитриевич: 1.184
Млодзиевский, Болеслав Корнелиевич: 1.184
Пенская, Марианна Яновна: 1.176
Залгаллер, Виктор Абрамович: 1.174
Бородин, Алексей Михайлович: 1.174
Иосифовна, Тышкевич Регина: 1.166
Вишик, Марко Иосифович: 1.165
Аристов, Владимир Владимирович: 1.165
Джрбашян, Мхитар: 1.165
Голод, Евгений Соломонович: 1.164
Петросян, Гарегин Бахшиевич: 1.157
Мильман, Виталий Давидович: 1.156
Кузнецов, Александр Геннадьевич: 1.156
Вольберг, Александр Львович: 1.155
Петров, Александр Александрович: 1.155
Назаров, Фёдор Львович: 1.155
Хлебников, Михаил Владимирович: 1.15
Соколов, Владимир Вячеславович: 1.147
Крылов, Андрей Серджевич: 1.147
Владимирович, Скороход Анатолий: 1.146
Налимов, Василий Васильевич: 1.146
Гвишиани, Алексей Джерменович: 1.146
Трахтман, Абрам Наумович: 1.145
Сусова, Галина Михайловна: 1.14
Брайцев, Иван Романович: 1.138
Мирзоев, Карахан Агахан оглы: 1.138
Стрекаловский, Александр Сергеевич: 1.138
Джалал: 1.138
Нелепин, Рональд: 1.138
Каляев, Игорь Анатольевич: 1.137
Наймарк, Марк Аронович: 1.136
Жданок, Татьяна Аркадьевна: 1.132
Эпинус, Франц Ульрих Теодор: 1.128
Горский, Владимир Григорьевич: 1.128
Яновская, Елена Борисовна: 1.128
Виро, Олег Янович: 1.127
Боревич, Зенон Иванович: 1.127
Агаханов, Назар Хангельдыевич: 1.127
Марджанишвили, Константин Константинович: 1.127
Перевощиков, Дмитрий Матвеевич: 1.127
Поляков, Николай Викторович: 1.127
Сретенский, Леонид Николаевич: 1.127
Петришин, Вальтер Володимир: 1.127
Хеннер, Евгений Карлович: 1.127
Полтерович, Леонид Викторович: 1.126
Геворкян, Павел Самвелович: 1.126
Васин, Владимир Васильевич: 1.119
Васильев, Олег Владимирович (учёный): 1.119
Кадец, Михаил Иосифович: 1.118
Абрашин, Вячеслав Николаевич: 1.118
Виноградов, Аскольд Иванович: 1.116
Гурьев, Семён Емельянович: 1.11
Норден, Александр Петрович: 1.108
Чехлов, Валерий Иванович: 1.108
Соболев, Владимир Иванович: 1.108
Серебряков, Владимир Алексеевич: 1.108
Поляк, Борис Теодорович: 1.099
Веденяпин, Виктор Валентинович: 1.098
Деза, Мишель Мари: 1.098
Константинов, Николай Николаевич: 1.098
Рачинский, Сергей Александрович: 1.098
Бакиров, Наиль Кутлужанович: 1.098
Атанасян, Левон Сергеевич: 1.098
Милин, Исаак Моисеевич: 1.098
Волович, Игорь Васильевич: 1.098
Андросенко, Пётр Александрович: 1.089
Ашихмин, Валерий Николаевич: 1.089
Савич, Сергей Евгеньевич: 1.089
Фоминых, Юрий Федорович: 1.089
Шубников, Алексей Васильевич: 1.088
Голузин, Геннадий Михайлович: 1.088
Сарымсаков, Ташмухамед Алиевич: 1.088
Умов, Николай Алексеевич: 1.082
Червоненкис, Алексей Яковлевич: 1.081
Малинин, Александр Фёдорович: 1.08
Пименов, Револьт Иванович: 1.08
Шень, Александр: 1.08
Шишмарёв, Илья Андреевич: 1.079
Aleksidze, Merab: 1.079
Махнёв, Александр Алексеевич: 1.079
Петунин, Юрий Иванович: 1.078
Петросян, Леон Аганесович: 1.071
Игнатовский, Владимир Сергеевич: 1.071
Вербицкий, Михаил Сергеевич: 1.054
Успенский, Яков Викторович: 1.052
Шоргин, Сергей Яковлевич: 1.046
Васин, Александр Алексеевич: 1.038
Брадис, Владимир Модестович: 1.028
Мейман, Наум Натанович: 1.023
Плеснер, Абрам Иезекиилович: 1.014
Шагинян, Арташес Липаритович: 1.014
Шифрин, Борис Фридманович: 1.008
Бильфингер, Георг Бернгард: 1.004
Голубев, Владимир Васильевич: 1.004
Журавский, Дмитрий Иванович: 1.004
Лопатинский, Ярослав Борисович: 1.004
Забродин, Алексей Валериевич: 0.998
Яглом, Исаак Моисеевич: 0.995
Чудаков, Николай Григорьевич: 0.995
Шмульян, Витольд Львович: 0.995
Зейлигер, Дмитрий Николаевич: 0.995
Кит, Борис Владимирович: 0.992
Радыно, Яков Валентинович: 0.989
Садовничий, Юрий Викторович: 0.989
Садовничая, Инна Викторовна: 0.989
Попов, Георгий Николаевич: 0.989
Успенский, Пётр Демьянович: 0.986
Бунимович, Леонид Абрамович: 0.985
Горгидзе, Алексей Ясонович: 0.985
Розенберг, Вера Михайловна: 0.985
Ибрагимов, Наиль Хайруллович: 0.985
Бари, Нина Карловна: 0.979
Кушниренко, Анатолий Георгиевич: 0.979
Столяр, Абрам Аронович: 0.979
Миков, Александр Иванович: 0.979
Шуберт, Фёдор Иванович: 0.976
Колывагин, Виктор Александрович: 0.976
Лаптев, Борис Лукич: 0.976
Кочин, Николай Евграфович: 0.976
Тюрина, Галина Николаевна: 0.976
Дьяконов, Евгений Георгиевич: 0.976
Кобельков, Георгий Михайлович: 0.976
Паукер, Магнус Георг фон: 0.975
Кириллов, Елпидифор Анемподистович: 0.975
Самойленко, Анатолий Михайлович: 0.975
Борткевич, Владислав Иосифович: 0.971
Eрмеков, Алимхан: 0.968
Черников, Сергей Николаевич: 0.966
Немчинов, Василий Сергеевич: 0.965
Бабаев, Юрий Николаевич: 0.965
Фрейвалдс, Русиньш Мартыньш: 0.965
Ансов, Игорь: 0.96
Брин, Михаил Израилевич: 0.959
Зеликин, Михаил Ильич: 0.957
Арсланов, Марат Мирзаевич: 0.957
Кротов, Вадим Федорович: 0.957
Малаховский, Владислав Степанович: 0.957
Треногин, Владилен Александрович: 0.957
Астряб, Александр Матвеевич: 0.957
Султанаев, Яудат Талгатович: 0.957
Гахов, Фёдор: 0.957
Дубовицкий, Абрам Яковлевич: 0.957
Орлов, Дмитрий Олегович: 0.957
Кронрод, Александр Семёнович: 0.956
Козин, Виктор Михайлович: 0.95
Фаддеева, Вера Николаевна: 0.95
Гельфанд, Сергей Израилевич: 0.949
Бойчук, Александр Андреевич: 0.947
Шидловский, Андрей Борисович: 0.947
Фукс, Дмитрий Борисович: 0.947
Беркович, Евгений: 0.947
Гончаров, Герман Арсеньевич: 0.947
Лойцянский, Лев Герасимович: 0.947
Матросов, Виктор Леонидович: 0.947
Натансон, Исидор Павлович: 0.947
Новожилов, Виктор Валентинович: 0.947
Отелбаев, Мухтарбай Отелбаевич: 0.947
Брюно, Александр Дмитриевич: 0.947
Белоусов, Валентин Данилович: 0.947
Киселёв, Андрей Петрович: 0.941
Квасов, Дмитрий Викторович: 0.94
Прудников, Анатолий Платонович: 0.938
Агокас, Сергей Викторович: 0.938
Алексеев, Анатолий Арсениевич: 0.938
Билимович, Антон Дмитриевич: 0.938
Бирман, Михаил Шлемович: 0.938
Зарубин, Александр Николаевич: 0.938
Соловьёв, Валерий Дмитриевич: 0.938
Тайманов, Асан Дабсович: 0.938
Тайманов, Искандер Асанович: 0.938
Шкадов, Виктор Яковлевич: 0.938
Коялович, Борис Михайлович: 0.938
Цетлин, Михаил Львович: 0.938
Афраймович, Валентин Сендерович: 0.938
Тихомандрицкий, Матвей Александрович: 0.938
Гудиев, Амурхан Хаджиумарович: 0.938
Золотов, Евгений Васильевич: 0.938
Левин, Борис Яковлевич: 0.938
Романко, Василий: 0.938
Зубков, Андрей Михайлович: 0.938
Бокаев, Садуакас Хасенулы: 0.938
Масленникова, Вера Николаевна: 0.937
Илолов, Мамадшо Илолович: 0.937
Михайлович, Викулин Иван: 0.937
Немировский, Стефан Юрьевич: 0.928
Дьяченко, Владимир Федотович: 0.928
Евтушенко, Юрий Гаврилович: 0.928
Миклюков, Владимир Михайлович: 0.928
Персидский, Константин Петрович: 0.928
Сабитов, Иджад Хакович: 0.928
Сканави, Марк Иванович: 0.928
Суворов, Георгий Дмитриевич: 0.928
Сушков, Борис Григорьевич: 0.928
Ибрагимов, Ибрагим Ибишевич: 0.928
Жижченко, Алексей Борисович: 0.928
Суворов, Фёдор Матвеевич: 0.928
Кондратьев, Юрий: 0.928
Кибель, Илья Афанасьевич: 0.928
Вулих, Борис: 0.928
Гуревич, Борис Маркович: 0.928
Шунков, Владимир Петрович: 0.928
Кондратьев, Анатолий Семенович: 0.928
Яковлев, Анатолий Владимирович: 0.928
Скубенко, Борис Фадеевич: 0.928
Егоров, Юрий Владимирович: 0.928
Легоньков, Владимир Иванович: 0.928
Мирианашвили, Матэ: 0.928
Давиденко, Виктор Александрович: 0.927
Вроньский, Юзеф: 0.925
Дубровин, Борис Анатольевич: 0.922
Анкудович, Викентий Александрович: 0.919
Афанасьев, Александр Петрович: 0.919
Гальперн, Самарий Александрович: 0.919
Дикусар, Василий Васильевич: 0.919
Красовский, Андрей Николаевич: 0.919
Кулешов, Александр Петрович: 0.919
Левченков, Вячеслав Степанович: 0.919
Майсеня, Людмила Иосифовна: 0.919
Панкевич, Михаил Иванович: 0.919
Питербарг, Владимир Ильич: 0.919
Поспелов, Игорь Гермогенович: 0.919
Сергеев, Армен Глебович: 0.919
Сибирский, Константин Сергеевич: 0.919
Тамразов, Промарз Меликович: 0.919
Флейшман, Бенцион Шимонович: 0.919
Никулин, Вячеслав: 0.919
Дьяченко, Аммос Андреевич: 0.919
Граве, Платон Платонович: 0.919
Тумаркин, Лев Абрамович: 0.919
Толстова, Юлиана Николаевна: 0.919
Рудаков, Игорь Алексеевич: 0.919
Далецкий, Юрий Львович: 0.919
Зыков, Александр Александрович: 0.919
Гермейер, Юрий Борисович: 0.919
Чистяков, Иоасаф Иванович: 0.919
Гаркави, Александр Львович: 0.919
Викберг, Борис Акселевич: 0.919
Шапошников, Николай Александрович (математик): 0.919
Кукин, Георгий Петрович: 0.919
Аникин, Валерий Михайлович: 0.919
Субханкулов, Магалим Акрамович: 0.919
Жиков, Василий Васильевич: 0.919
Петров, Александр Павлович: 0.919
Василевский, Юрий Викторович: 0.919
Ильич, Хлыбов Владимир: 0.919
Вавилов, Александр: 0.918
Михалёв, Александр Васильевич: 0.918
Петров, Вячеслав Васильевич: 0.918
Ченцов, Николай Николаевич: 0.918
Завало, Сергей Трофимович: 0.918
Еругин, Николай Павлович: 0.918
Аппельрот, Герман Германович: 0.909
Березин, Иван Семёнович: 0.909
Булинский, Александр Вадимович: 0.909
Иохвидов, Иосиф Семёнович: 0.909
Кряжимский, Аркадий Викторович: 0.909
Куржанский, Александр Борисович: 0.909
Маркус, Александр Семёнович: 0.909
Ольшевский, Вадим Рудольфович: 0.909
Петров, Николай Николаевич: 0.909
Семёнычев, Валерий Константинович: 0.909
Скрыпник, Игорь Владимирович: 0.909
Харламов, Сергей Анатольевич: 0.909
Христиани, Николай Васильевич: 0.909
Чебраков, Юрий Владимирович: 0.909
Шевченко, Валерий: 0.909
Таранников, Юрий Валерьевич: 0.909
Рогов, Андрей Петрович: 0.909
Афанасьев, Пафнутий Алексеевич: 0.909
Буницкий, Евгений Леонидович: 0.909
Гирш, Эдуард Алексеевич: 0.909
Файнзильбер, Александр Маркович: 0.909
Edigarian, Armen: 0.909
Шмелёв, Виктор Васильевич: 0.909
Изаак, Александр Давидович: 0.909
Абрамов, Сергей Александрович: 0.909
Мучник, Андрей Альбертович: 0.909
Золотарёв, Владимир Михайлович: 0.909
Зайцев, Андрей Юрьевич: 0.909
Борисов, Алексей Владимирович: 0.909
Веденисов, Николай Борисович: 0.909
Верченко, Иван Яковлевич: 0.909
Вашакмадзе, Тамаз: 0.909
Горгошидзе, Анатолий: 0.909
Молин, Фёдор Эдуардович: 0.902
Буркин, Игорь Михайлович: 0.9
Двухшёрстов, Григорий Иванович: 0.899
Шитикова, Лариса Александровна: 0.889
Золотарёв, Егор Иванович: 0.882
Браиловский, Виктор Львович: 0.876
Магницкий, Леонтий Филиппович: 0.874
Порецкий, Платон Сергеевич: 0.865
Кордемский, Борис Анастасьевич: 0.865
Ульянов, Пётр Лаврентьевич: 0.865
Ильин, Александр Владимирович: 0.857
Селезнёва, Светлана Николаевна: 0.857
Дикштейн, Самуэль: 0.846
Розенфельд, Борис Абрамович: 0.846
Геронимус, Яков Лазаревич: 0.846
Долгачёв, Игорь Владимирович: 0.845
Шайн, Борис Моисеевич: 0.838
Островский, Иосиф Владимирович: 0.838
Капустин, Николай Юрьевич: 0.838
Хургин, Яков Исаевич: 0.838
Субботина, Нина Николаевна: 0.838
Сычугов, Дмитрий Юрьевич: 0.838
Срочко, Владимир Андреевич: 0.838
Гивенталь, Александр Борисович: 0.836
Лексель, Андрей Иванович: 0.828
Фёдоров, Евграф Степанович: 0.828
Агаков, Всеволод Георгиевич: 0.828
Востоков, Сергей Владимирович: 0.828
Долбня, Иван Петрович: 0.828
Шолохович, Фридрих Акимович: 0.828
Спринджук, Владимир Геннадьевич: 0.827
Маричев, Олег Игоревич: 0.827
Сосинский, Алексей Брониславович: 0.827
Зигель, Феликс Юрьевич: 0.827
Ентов, Владимир Маркович: 0.827
Араркцян, Бабкен Гургенович: 0.827
Исковских, Василий Алексеевич: 0.827
Шильников, Леонид Павлович: 0.827
Борисов, Виктор Васильевич: 0.827
Кудрявцев, Валерий Борисович: 0.827
Сазонов, Анатолий Ефимович: 0.819
Грудо, Эдуард Иосифович: 0.819
Артамкин, Игорь Вадимович: 0.819
Разгулин, Александр Витальевич: 0.819
Аргунов, Борис Иванович: 0.819
Гаранжа, Владимир Анатольевич: 0.819
Дубцов, Евгений Сергеевич: 0.819
Хачатрян, Хачатур Агавардович: 0.819
Губреев, Геннадий Михайлович: 0.819
Нурмиевич, Хабибуллин Булат: 0.819
Локшин, Александр Александрович: 0.819
Михлин, Соломон Григорьевич: 0.818
Летников, Алексей Васильевич: 0.818
Серганова, Вера Владимировна: 0.818
Хазанкин, Роман Григорьевич: 0.817
Дуров, Николай: 0.811
Тихомандрицкий, Александр Никитич: 0.81
Q60029619: 0.81
Aminov, Yuriy: 0.809
Витт, Александр Адольфович: 0.808
Герасименко, Пётр Васильевич: 0.808
Малкин, Иоэль Гильевич: 0.808
Миронов, Павел Миронович: 0.808
Архангельский, Александр Владимирович: 0.808
Белавкин, Вячеслав Павлович: 0.808
Шпачинский, Эразм Корнелиевич: 0.808
Бутягин, Алексей Сергеевич: 0.808
Фролов, Николай Адрианович: 0.808
Долгопят, Дмитрий Ильич: 0.808
Холодов, Александр Сергеевич: 0.808
Шарковский, Александр Николаевич: 0.807
Рогановский, Николай Максимови: 0.8
Петерсон, Карл Михайлович: 0.798
Позняк, Эдуард Генрихович: 0.798
Гоппа, Валерий Денисович: 0.798
Ивахненко, Алексей Григорьевич: 0.797
Надирашвили, Николай Семёнович: 0.797
Буссе, Фёдор Иванович: 0.789
Волевич, Леонид Романович: 0.789
Прасолов, Виктор Васильевич: 0.789
Сабинин, Лев Васильевич: 0.789
Фарварсон, Генри: 0.789
Коллинс, Эдуард Давыдович: 0.789
Тростников, Виктор Николаевич: 0.789
Калужнин, Лев Аркадьевич: 0.789
Vakhania, Niko: 0.789
Конторович, Пётр Григорьевич: 0.789
Алёшин, Станислав Владимирович: 0.788
Беклемишев, Лев Дмитриевич: 0.78
Земляков, Александр Николаевич: 0.78
Курганов, Николай Гаврилович: 0.78
Драгалин, Альберт: 0.78
Бугров, Александр: 0.78
Либерман, Иосиф Меерович: 0.778
Агрест, Матест Менделевич: 0.771
Габович, Евгений Яковлевич: 0.77
Елепов, Борис Степанович: 0.77
Бурков, Владимир Дмитриевич: 0.77
Карацуба, Екатерина Анатольевна: 0.77
Мощевитин, Николай Германович: 0.77
Шаповалов, Александр Васильевич: 0.77
Герман, Олег Николаевич: 0.77
Гусаренко, Сергей Алексеевич: 0.77
Артамонов, Вячеслав Александрович: 0.769
Лавров, Пётр Лаврович: 0.755
Френкель, Эдвард: 0.754
Аракелов, Сурен Юрьевич: 0.752
Эпштейн, Пауль Софус: 0.742
Адельсон-Вельский, Георгий Максимович: 0.724
Боль, Пирс Георгиевич: 0.724
Гребенщиков, Борис Борисович: 0.721
Абгарян, Карлен Арамович: 0.714
Q12165774: 0.709
Браверман, Елена Яновна: 0.708
Плющ, Леонид Иванович: 0.706
Каток, Светлана Борисовна: 0.704
Осиповский, Тимофей Фёдорович: 0.704
Топоногов, Виктор Андреевич: 0.696
Краснер, Наум Яковлевич: 0.695
Иванов, Иван: 0.695
Матвиевская, Галина Павловна: 0.695
Румовский, Степан Яковлевич: 0.695
Дробышев, Юрий Александрович: 0.689
Глазман, Израиль Маркович: 0.689
Первушин, Иван Михеевич: 0.686
Филиппов, Владимир Михайлович: 0.686
Слешинский, Иван Владиславович: 0.686
Жилина, Розетта Андреевна: 0.685
Снядецкий, Ян: 0.679
Соболь, Илья Меерович: 0.677
Решетихин, Николай Юрьевич: 0.676
Запольская, Любовь Николаевна: 0.676
Кириллова, Фаина Михайловна: 0.676
Якубович, Владимир: 0.676
Дмитриев, Михаил Геннадьевич: 0.676
Мазуров, Виктор Данилович: 0.676
Хавин, Виктор Петрович: 0.676
Малинникова, Евгения Владимировна: 0.676
Широков, Юрий Михайлович: 0.666
Шапошникова, Татьяна Олеговна: 0.666
Муштари, Хамид Музафарович: 0.666
Семячкин, Дмитрий: 0.659
Новикова, Наталья Михайловна: 0.659
Смирнов, Юрий: 0.657
Маркушевич, Алексей Иванович: 0.657
Андрунакиевич, Владимир Александрович: 0.657
Ахтямов, Азамат Мухтарович: 0.657
Глаголев, Нил Александрович: 0.657
Захарян, Ваник Суренович: 0.657
Кравченко, Виктор Филиппович: 0.657
Мержанов, Александр Григорьевич: 0.657
Напалков, Валентин Васильевич: 0.657
Нехорошев, Николай Николаевич: 0.657
Пфейффер, Георгий Васильевич: 0.657
Розов, Николай Христович: 0.657
Юлмухаметов, Ринад: 0.657
Фиников, Сергей: 0.657
Иванов, Николай: 0.657
Коровина, Мария Викторовна: 0.657
Шевцова, Ирина Геннадьевна: 0.657
Липовецкий, Арон: 0.65
Копанский, Александр Яковлевич: 0.65
Ефремович, Вадим Арсеньевич: 0.648
Алексеев, Владимир Михайлович: 0.648
Гусейн-Заде, Сабир Меджидович: 0.648
Зорич, Антон Владимирович: 0.648
Склянин, Евгений Константинович: 0.648
Алексеев, Анатолий Семёнович: 0.647
Расулов, Меджид Лятиф оглы: 0.647
Пономарёв, Лев: 0.641
Герасимов, Вадим: 0.641
Шейнфинкель, Моисей: 0.64
Молев, Александр: 0.64
Черножуков, Виктор Викторович: 0.64
Шанин, Николай Александрович: 0.638
Крылов, Николай: 0.638
Вечтомов, Евгений Михайлович: 0.638
Владиславлев, Сергей Владимирович: 0.638
Гаджиев, Акиф Джафар оглы: 0.638
Зуховицкий, Семён Израилевич: 0.638
Иманалиев, Мурзабек Иманалиевич: 0.638
Кисляков, Сергей Витальевич: 0.638
Латышев, Виктор Николаевич: 0.638
Лигин, Валериан Николаевич: 0.638
Матвеев, Сергей Владимирович: 0.638
Неймарк, Юрий Исаакович: 0.638
Пальцев, Борис Васильевич: 0.638
Попова, Наталья: 0.638
Рябенький, Виктор Соломонович: 0.638
Сидоров, Анатолий Фёдорович: 0.638
Халилов, Захид Исмаил оглы: 0.638
Шарыгин, Игорь Фёдорович: 0.638
Янков, Вадим: 0.638
Ярошенко, Семён Петрович: 0.638
Полуэктов, Ратмир Александрович: 0.638
Бураго, Дмитрий Юрьевич: 0.638
Касим-Заде, Октай Мурадович: 0.638
Семихатов, Алексей Михайлович: 0.638
Бухштаб, Александр Адольфович: 0.638
Ивочкина, Нина: 0.638
Гущин, Александр Константинович: 0.638
Гурман, Владимир Иосифович: 0.638
Вильбрехт, Александр Михайлович: 0.628
Висковатов, Василий Иванович: 0.628
Гварамия, Алеко Алексеевич: 0.628
Гудивок, Пётр Михайлович: 0.628
Джураев, Абдухамид Джураевич: 0.628
Жаутыков, Орымбек Ахметбекович: 0.628
Зубов, Владимир Иванович: 0.628
Котельников, Пётр Иванович: 0.628
Котельников, Семён Кириллович: 0.628
Непейвода, Николай Николаевич: 0.628
Трещёв, Дмитрий Валерьевич: 0.628
Янишевский, Эраст Петрович: 0.628
Мучник, Альберт: 0.628
Скопин, Александр Иванович: 0.628
Горюнов, Виктор Владимирович: 0.628
Зеленяк, Тадей Иванович: 0.628
Положий, Георгий Николаевич: 0.628
Рахманинов, Иван Иванович: 0.628
Гайшун, Иван Васильевич: 0.628
Федорук, Михаил Петрович: 0.628
Четверушкин, Борис Николаевич: 0.628
Калошин, Вадим Юрьевич: 0.628
Арак, Тайво Викторович: 0.628
Зарипов, Максут Мухаметзянович: 0.628
Перельман, Яков Исидорович: 0.626
Власов, Алексей Константинович: 0.619
Воронель, Александр Владимирович: 0.619
Геронимус, Александр Юрьевич: 0.619
Глейзер, Герш Исаакович: 0.619
Заморзаев-Орлеанский, Александр Михайлович: 0.619
Зернов, Николай Ефимович: 0.619
Кипнис, Михаил Маркович: 0.619
Костюченко, Анатолий: 0.619
Крупник, Наум Яковлевич: 0.619
Куликовский, Андрей Геннадиевич: 0.619
Латипов, Халим Рафикович: 0.619
Мартышко, Пётр Сергеевич: 0.619
Миллионщиков, Владимир Михайлович: 0.619
Садыхов, Мисреддин Аллахверди оглы: 0.619
Стронгин, Роман Григорьевич: 0.619
Татаринов, Ярослав Всеволодович: 0.619
Ушаков, Владимир Николаевич: 0.619
Фельдман, Александр Маркович: 0.619
Худяев, Сергей Иванович: 0.619
Шокин, Юрий Иванович: 0.619
Шостак, Александр Петрович: 0.619
Шумейко, Александр Алексеевич: 0.619
Юдович, Виктор Иосифович: 0.619
Пентковский, Мстислав Вячеславович: 0.619
Венков, Борис Алексеевич: 0.619
Дяченко, Никита Андреевич: 0.619
Канель-Белов, Алексей Яковлевич: 0.619
Куфарев, Павел Парфеньевич: 0.619
Назимов, Пётр: 0.619
Акбергенов, Ибадулла: 0.619
Фурсиков, Андрей Владимирович: 0.619
Иванилов, Юрий Павлович: 0.619
Панюков, Анатолий Васильевич: 0.619
Чернявский, Владимир Соломонович: 0.619
Горбунов, Виктор: 0.619
Быковский, Виктор Алексеевич: 0.619
Тартаковский, Владимир Абрамович: 0.619
Дядькин, Иосиф Гецелевич: 0.619
Белинский, Павел Петрович: 0.619
Моттль, Вадим Вячеславович: 0.619
Вороненко, Андрей Анатольевич: 0.619
Блажеевский, Ромуальд Осипович: 0.619
Солонников, Всеволод Алексеевич: 0.619
Нейштадт, Анатолий Исерович: 0.619
Борисов, Владимир Фёдорович: 0.619
Балк, Марк Беневич: 0.619
Чернеевский, Николай Степанович: 0.619
Толстых, Андрей Игоревич: 0.619
Шкредов, Илья Дмитриевич: 0.619
Добронравов, Сергей Георгиевич: 0.619
Зелинский, Юрий Борисович: 0.619
Галяев, Андрей Алексеевич: 0.619
Пржиялковский, Виктор Владимирович: 0.619
Пак, Витольд Витольдович: 0.618
Бусленко, Николай Пантелеймонович: 0.618
Антипин, Анатолий Сергеевич: 0.609
Асанов, Магаз Оразкимович: 0.609
Волков, Александр Александрович (математик): 0.609
Вольфенгаген, Вячеслав Эрнстович: 0.609
Глебский, Юрий Васильевич: 0.609
Закарин, Аскар Закарьевич: 0.609
Кабак, Валерий Иванович: 0.609
Карастелев, Корнелий Иванович: 0.609
Котов, Иван Иванович (математик): 0.609
Кружков, Станислав Николаевич: 0.609
Минятов, Александр Константинович: 0.609
Мирзаджанзаде, Азад Халил оглы: 0.609
Оловянишников, Сергей Пантелеймонович: 0.609
Россинский, Сергей Дмитриевич: 0.609
Скоробогатов, Алексей Николаевич: 0.609
Флёров, Юрий Арсениевич: 0.609
Хованов, Николай Васильевич: 0.609
Шананин, Александр Алексеевич: 0.609
Шестаков, Иван Павлович: 0.609
Андон, Филипп Илларионович: 0.609
Березанский, Юрий Макарович: 0.609
Бондаренко, Виталий Михайлович: 0.609
Гаращенко, Фёдор Георгиевич: 0.609
Кильчевский, Николай: 0.609
Бобков, Владимир Васильевич: 0.609
Никитин, Василий Никитич: 0.609
Шилькрут, Давид Исаакович: 0.609
Чижов, Дмитрий Семёнович: 0.609
Гайцгори, Владимир: 0.609
Лобанов, Семён: 0.609
Мнёв, Николай: 0.609
Maranjyan, Hrant: 0.609
Q20509711: 0.609
Архангельский, Николай Михеевич: 0.609
Шрира, Виктор Исаевич: 0.609
Манаков, Сергей Валентинович: 0.609
Буфетов, Александр Игоревич: 0.609
Плотников, Павел Игоревич: 0.609
Крутов, Виталий Иванович: 0.609
Шефель, Самуил Зусевич: 0.609
Шклярский, Давид Оскарович: 0.609
Чирка, Евгений Михайлович: 0.609
Рассказова, Вера Владимировна: 0.609
Левкович-Маслюк, Леонид: 0.609
Гречина, Григорий Власьевич: 0.609
Q64005353: 0.609
Мартиросян, Ашот Наварсардович: 0.609
Волков, Александр Мелентьевич: 0.605
Субботин, Михаил Фёдорович: 0.603
Борухов, Валентин Терентьевич: 0.6
Слинько, Аркадий Михайлович: 0.6
Кузин, Лев Тимофеевич: 0.599
Измайлов, Валентин Денисович: 0.599
Колосов, Гурий Васильевич: 0.595
Тарасенко, Феликс Петрович: 0.595
Васильев, Николай Александрович: 0.584
Ильяшенко, Юлий: 0.584
Поссе, Константин Александрович: 0.584
Алексеев, Виссарион Григорьевич: 0.576
Эйлер, Иоганн Альбрехт: 0.574
Кон-Фоссен, Стефан Эммануилович: 0.573
Каток, Анатолий Борисович: 0.556
Базен, Пьер-Доминик: 0.556
Бубнов, Иван Григорьевич: 0.554
Пажитнов, Алексей Леонидович: 0.55
Polishchuk, Vyacheslav Kalashnikov: 0.548
Бобров, Сергей Павлович: 0.546
Линделёф, Лоренц: 0.546
Сатаров, Георгий Александрович: 0.546
Тосунян, Гарегин Ашотович: 0.546
Кузнецова, Татьяна Ивановна: 0.538
Пегов, Валентин Иванович: 0.538
Бондарева, Ольга Николаевна: 0.536
Машковский, Кароль: 0.528
Самко, Стефан Григорьевич: 0.528
Дьяконов, Александр Геннадьевич: 0.528
Крафт, Георг Вольфганг: 0.527
Сонин, Николай Яковлевич: 0.527
Делоне, Николай Борисович: 0.527
Сендеров, Валерий Анатольевич: 0.527
Онищик, Аркадий Львович: 0.527
Москатов, Генрих Карлович: 0.519
Alıquliyev, Ramiz: 0.519
Енгибарян, Норайр: 0.519
Лаппо-Данилевский, Иван Александрович: 0.519
Aslanov, Ramiz: 0.519
Дубинин, Владимир Николаевич: 0.519
Нахапетян, Борис : 0.519
Шахбагян, Ромен: 0.519
Аров, Дамир Зямович: 0.519
Adamyan, Vanik: 0.519
Q78441947: 0.519
Бозоян, Шура : 0.519
Ефимов, Никодим Николаевич: 0.519
Адодуров, Василий Евдокимович: 0.518
Никольский, Николай: 0.518
Челкак, Дмитрий Сергеевич: 0.517
Баранаускас, Антанас: 0.51
Андреевский, Михаил Аркадьевич: 0.509
Гиновян, Мамикон: 0.509
Мажорова, Ольга Семёновна: 0.509
Романюха, Алексей Алексеевич: 0.509
Сетуха, Алексей Викторович: 0.509
Магницкий, Николай Александрович: 0.509
Шоломов, Лев Абрамович: 0.509
Zabavsky, Bohdan: 0.509
Пентус, Мати Рейнович: 0.509
Воронин, Сергей Михайлович: 0.508
Этингоф, Павел Ильич: 0.508
Бобынин, Виктор Викторович: 0.508
Лавут, Александр Павлович: 0.508
Мышкис, Анатолий Дмитриевич: 0.508
Шабат, Борис Владимирович: 0.508
Соколов, Иван Дмитриевич: 0.508
Девингталь, Юрий Владимирович: 0.508
Митягин, Борис Самуилович: 0.508
Баранников, Сергей Александрович: 0.508
Коровкин, Павел Петрович: 0.498
Салтыков, Николай Николаевич: 0.498
Даватц, Владимир: 0.498
Лефевр, Владимир Александрович: 0.498
Палто, Сергей Петрович: 0.498
Могильницкий, Вадим Анатольевич: 0.498
Маканин, Владимир Семёнович: 0.493
Касьянов, Виктор Николаевич: 0.489
Кваша, Гершко Иосифович: 0.489
Лёвшин, Владимир Артурович: 0.489
Фусс, Павел Николаевич: 0.489
Шохор-Троцкий, Семён Ильич: 0.489
Q6462767: 0.489
Потапов, Владимир: 0.489
Гаврилов, Гарий Петрович: 0.489
Stakhov, Alexey: 0.489
Яницкий, Станислав Людвигович: 0.489
Крылов, Владимир Иванович: 0.489
Тормасов, Александр Геннадьевич: 0.489
Левин, Андрей Михайлович: 0.489
Веретенников, Виктор Григорьевич: 0.489
Лойко, Михаил Фёдорович: 0.489
Аюпов, Шавкат Абдуллаевич: 0.489
Поташёв, Максим: 0.488
Николенко, Сергей Игоревич: 0.48
Чесноков, Сергей: 0.48
Q13028344: 0.48
Твардовский, Осип Петрович: 0.48
Ахвледиани, Александр: 0.48
Шишкин, Николай Иванович: 0.48
Мосолов, Пётр Петрович: 0.48
Аксёнов, Митрофан Семёнович: 0.48
Баврин, Иван Иванович: 0.48
Мироненко, Владимир Иванович: 0.478
Гирсанов, Игорь Владимирович: 0.478
Мещерский, Иван: 0.471
Скворцов, Владимир Викторович: 0.47
Клепцын, Виктор: 0.47
Курлин, Виталий Александрович: 0.47
Кабанов, Владислав Викторович: 0.47
Оганесян, Леонард: 0.469
Брегман, Лев: 0.469
Гернет, Надежда Николаевна: 0.452
Осипов, Михаил Павлович: 0.45
Трахтенберг, Яков: 0.433
Красносельский, Марк Александрович: 0.433
Капранов, Михаил Михайлович: 0.416
Коркин, Александр Николаевич: 0.414
Уфимцев, Пётр Яковлевич: 0.414
Родес, Ида: 0.414
Почобут-Одляницкий, Мартин: 0.404
Сокольников, Иван: 0.397
Дегаев, Сергей Петрович: 0.397
Нуут, Юрий Юрьевич: 0.397
Цубербиллер, Ольга Николаевна: 0.395
Налимов, Евгений Викторович: 0.386
Артёмов, Сергей Николаевич: 0.378
Адо, Игорь: 0.376
Подолинский, Сергей Андреевич: 0.376
Фёдоров, Владимир Семёнович: 0.376
Штокман, Владимир Борисович: 0.376
Петросян, Ашот Везирович: 0.376
Морозкин, Николай Данилович: 0.376
Рейссиг, Корнелий Христианович: 0.369
Каринский, Михаил Иванович: 0.366
Батырев, Виктор Вадимович: 0.366
Буслаев, Владимир Савельевич: 0.366
Векуа, Николай Петрович: 0.366
Кужугет, Али: 0.359
Субботовская, Белла Абрамовна: 0.357
Левин, Виктор Иосифович: 0.357
Бейтлер, Вильгельм Готлиб Фридрих: 0.357
Васильев, Александр Васильевич: 0.357
Иванов, Валентин Тимофеевич: 0.357
Коробов, Николай Михайлович: 0.357
Матизен, Виктор Эдуардович: 0.357
Размадзе, Андрей Михайлович: 0.357
Эфендиев, Мамед Рашид оглы: 0.357
Александров, Владимир Валентинович: 0.357
Жмурко, Лаврентий: 0.357
Маркеев, Анатолий Павлович: 0.357
Берлова, Наталья Геннадьевна: 0.357
Минц, Григорий Ефроимович: 0.357
Хусайнов, Абдурахман: 0.35
Шокуров, Вячеслав Владимирович: 0.348
Кушнер, Борис Абрамович: 0.348
Гастев, Юрий Алексеевич: 0.348
Вейсфейлер, Борис: 0.338
Офман, Юрий Петрович: 0.338
Крамков, Дмитрий Олегович: 0.338
Степанов, Сергей Александрович: 0.338
Зудилин, Вадим Валентинович: 0.338
Беклемишев, Дмитрий Владимирович: 0.338
Вайнштейн, Борис Самойлович: 0.338
Зельманов, Абрам Леонидович: 0.338
Имшенецкий, Василий Григорьевич: 0.338
Кондурарь, Владимир Трифонович: 0.338
Солтан, Пётр Семёнович: 0.338
Станевич, Виктор: 0.338
Шестаков, Виктор: 0.338
Новиков, Александр Александрович: 0.338
Агранович, Михаил Семёнович: 0.338
Шубин, Михаил Александрович: 0.338
Закалюкин, Владимир Михайлович: 0.338
Постников, Алексей Георгиевич: 0.338
Итс, Александр Рудольфович: 0.338
Липкин, Липман Израилевич: 0.338
Попов, Владимир Леонидович: 0.338
Эскин, Григорий Ильич: 0.338
Циммерман: 0.338
Симоненко, Игорь Борисович: 0.338
Соловьёв, Сергей Юрьевич: 0.338
Борисов, Денис Иванович: 0.338
Эршлер, Анна Геннадьевна: 0.337
Фабиан, Оскар: 0.328
Никитин, Николай Никифорович: 0.328
Руссман, Исаак Борисович: 0.328
Джунь, Иосиф Владимирович: 0.328
Штейнбука, Инна: 0.328
Кангро, Гуннар Фромхольдович: 0.328
Grīnbergs, Emanuels: 0.328
Феликсович, Бокштейн Меер: 0.328
Стародуб, Юрий Петрович: 0.328
Лебедев, Николай Андреевич: 0.328
Гороховик, Валентин Викентиевич: 0.328
Габасов, Рафаил Фёдорович: 0.328
Бондал, Алексей Игоревич: 0.328
Ибрагимов, Вагиф: 0.328
Акушский, Израиль Яковлевич: 0.328
Кричевер, Игорь Моисеевич: 0.319
Гагарин, Андрей Григорьевич: 0.319
Гимади, Эдуард Хайрутдинович: 0.319
Горбатов, Вячеслав Афанасьевич: 0.319
Ильинский, Алексей Никанорович: 0.319
Колотов, Степан Митрофанович: 0.319
Коренев, Георгий Васильевич: 0.319
Лигун, Анатолий Александрович: 0.319
Перелогов, Тимофей Иванович: 0.319
Преображенский, Владимир Васильевич: 0.319
Романов, Николай Павлович: 0.319
Ромер, Павел Эмилиевич: 0.319
Фельдман, Израиль Аронович: 0.319
Кириллов, Александр мл: 0.319
Умирбаев, Уалбай Утмаханбетович: 0.319
Пан, Виктор Яковлевич: 0.319
Молчанов, Александр Артёмович: 0.319
Мазаник, Сергей Алексеевич: 0.319
Венков, Борис Борисович: 0.319
Вулих, Захар Борисович: 0.319
Жбиковский, Антон Ксаверьевич: 0.319
Парфентьев, Николай Николаевич: 0.319
Бейер, Евгений Ильич фон: 0.319
Зенфф, Карл-Эдуард: 0.319
Левин, Виталий Ильич: 0.319
Корзюк, Виктор Иванович: 0.319
Reiziņš, Linards: 0.319
Абрамов, Александр Михайлович: 0.319
Ионин, Владимир Кузьмич: 0.319
Шкиль, Николай Иванович: 0.319
Стрельцов, Владимир Викторович: 0.319
Арнольд, Виталий Дмитриевич: 0.319
Четверухин, Николай Фёдорович: 0.319
Гущин, Валентин Анатольевич: 0.319
Пахлов, Павел Николаевич: 0.319
Фомичёв, Василий Владимирович: 0.319
Волков, Евгений Алексеевич: 0.319
Боголюбов, Николай Михайлович: 0.319
Филер, Залмен Ефимович: 0.319
Аргучинцев, Александр Валерьевич: 0.319
Каган, Абрам Меерович: 0.319
Саранцев, Геннадий Иванович: 0.319
Гейн, Александр Георгиевич: 0.319
Демьянов, Владимир Фёдорович: 0.319
Шабозов, Мирганд Шабозович: 0.319
Фёдоров, Вячеслав Васильевич: 0.319
Лебедев, Николай Николаевич (математик): 0.319
Сушко, Валерий Григорьевич: 0.319
Пинус, Александр Георгиевич: 0.319
Сушкевич, Антон Казимирович: 0.318
Бермант, Анисим: 0.31
Бушен, Артур Богданович фон: 0.31
Глаголев, Александр Николаевич: 0.31
Джураев, Абубакир Мухтарович: 0.31
Ивлев, Борис Михайлович: 0.31
Костелянец, Пётр Оскарович: 0.31
Кропоткин, Александр Алексеевич: 0.31
Кулишер, Александр Рувимович: 0.31
Лахути, Делир Гасемович: 0.31
Лукьянов, Яков Афанасьевич: 0.31
Макаров, Николай Иванович: 0.31
Максимович, Александр Петрович: 0.31
Поваров, Геллий Николаевич: 0.31
Погожев, Иван Борисович: 0.31
Погорельский, Платон Николаевич: 0.31
Проценко, Владимир Сидорович: 0.31
Сабинин, Егор Фёдорович: 0.31
Софронов, Михаил (математик): 0.31
Тер-Крикоров, Александр Мартынович: 0.31
Фёдоров, Илья: 0.31
Хохлюк, Виталий Иванович: 0.31
Q6516841: 0.31
Исаков, Виктор: 0.31
Q12078796: 0.31
Q12089871: 0.31
Q12097767: 0.31
Лагно, Виктор Иванович: 0.31
Овсиенко, Сергей Адамович: 0.31
Q13030226: 0.31
Lihoded, Nikolay Aleksandrovich: 0.31
Бессель, Александр Васильевич: 0.31
Суворов, Прохор Игнатьевич: 0.31
Плоткин, Евгений Борисович: 0.31
Гольденберг, Александр Иванович: 0.31
Лерер, Леонид Ефимович: 0.31
Турецкий, Абрам Хаимович: 0.31
Ковнер, Семён Самсонович: 0.31
Мула, Фредерик: 0.31
Q19772418: 0.31
Шмульян, Юрий Львович: 0.31
Шахно, Константин Устинович: 0.31
Шифф, Пётр Александрович: 0.31
Лопшиц, Абрам Миронович: 0.31
Александров, Иван Иванович: 0.31
Михельсон, Николай Семёнович: 0.31
Gordeziani, David: 0.31
Беренс, Виктор Иванович: 0.31
Выжевский, Степан Степанович: 0.31
Садыбеков, Махмуд Абдысаметович: 0.31
Альсевич, Виталий Викентьевич: 0.31
Сейткулов, Ержан Нураханович: 0.31
Овчинников, Алексей Витальевич: 0.31
Бондарко, Михаил Владимирович: 0.31
Чобанян, Сергей: 0.31
Мурадян, Максим: 0.31
Liptser, Robert: 0.31
Harutyunyan, Mariam: 0.31
Денисюк, Владимир: 0.31
Бочаров, Геннадий Алексеевич: 0.31
Хисамиев, Назиф Гарифуллинович: 0.31
Молотков, Сергей Николаевич: 0.31
Старченко, Сергей Степанович: 0.309
Jefimow, Alexander Iwanowitsch: 0.309
Ерёмин, Борис Львович: 0.3
Lesokhin, Mikhail Moiseevich: 0.3
Посицельский, Леонид Ефимович: 0.3
Квасов, Дмитрий Евгеньевич: 0.3
Квасов, Борис Ильич: 0.3
Доморяд, Александр Петрович: 0.3
Треиль, Сергей Раймондович: 0.3
Зенков, Виктор: 0.3
Кузнецов, Борис Николаевич (учёный): 0.29
Кран, Эдгар: 0.247
Lehmer, Emma: 0.246
Литвинова, Елизавета: 0.237
Либер, Александр Витальевич: 0.227
Мейланов, Вазиф Сиражутдинович: 0.227
Габих, Эдвард Ян: 0.227
Эйгес, Владимир Романович: 0.219
Гришов, Августин Нафанаил: 0.218
Жебравский, Теофил: 0.218
Бабчиньский, Тытус: 0.218
Ковалевский, Максим Евграфович: 0.208
Ребане, Хелью: 0.208
Усманов, Гумер Исмагилович: 0.208
Naumov, Pavel: 0.208
Гурвиц, Юлий Осипович: 0.208
Аржанцева, Гульнара Нурулловна: 0.198
Тимченко, Иван Юрьевич: 0.198
Q3920128: 0.198
Q11755342: 0.198
Kharlamov, Viatcheslav: 0.198
Schechtman, Vadim: 0.198
Palamodov, Victor Pavlovich: 0.198
Головин, Михаил Евсеевич: 0.189
Литягин, Андрей: 0.189
Рост, Иван Акимович: 0.189
Hertz, Karol: 0.189
Крыжановский, Дмитрий Антонович: 0.189
Смирнов, Дмитрий Матвеевич: 0.189
Rosenberg, Alexander L.: 0.189
Кондрашов, Владимир Иосифович: 0.189
Kulikow, Walentin Stepanowitsch: 0.18
Зархин, Юрий Геннадьевич: 0.18
Lyapin, Evgeny Sergeevich: 0.18
Иде, Иван Андреевич: 0.18
Hlaváček, Ivan: 0.18
Q12767670: 0.18
Dobrakov, Ivan: 0.18
Bobenko, Alexander Iwanowitsch: 0.18
Беллюстин, Всеволод Константинович: 0.18
Saxl, Ivan: 0.18
Шапиро, Борис: 0.18
Лобанов, Владимир: 0.18
Tsygan, Boris: 0.18
Osin, Denis: 0.18
Зетель, Семён Исаакович: 0.18
Шольц, Владимир Германович: 0.18
Старостин, Альберт Иванович: 0.18
Кокорин, Али Иванович: 0.18
Копытов, Валерий Матвеевич: 0.18
Великанова, Татьяна Михайловна: 0.171
Повзнер, Александр Яковлевич: 0.17
Плоткин, Борис Исаакович: 0.17
Андрианов, Дмитрий Леонидович: 0.17
Максимова, Лариса Львовна: 0.17
Тарасов, Василий: 0.17
Шабат, Георгий Борисович: 0.17
Чунихин, Сергей Антонович: 0.17
Solomyak, Michael Zakharovich: 0.17
Палютин, Евгений Андреевич: 0.17
Zavarnitsine, Andrei Vitalievich: 0.17
Лейтес, Дмитрий Александрович: 0.17
Syskin, Sergei A.: 0.17
Rubinshtein, Gennady Shlemovich: 0.17
Panchishkin, Alexei: 0.17
Stolin, Alexander: 0.17
Yagunov, Serge A.: 0.17
Vaintrob, Arkady: 0.17
Mihailovs, Aleksandrs: 0.17
Sonkin, Dmitriy: 0.17
Bahturin, Yuri Alexandrovich: 0.17
Vakhutinski, I. Ya.: 0.17
Ovchinnikov, S. V.: 0.17
Busyatskaya, I. K.: 0.17
Zaitsev, A. A.: 0.17
Ol'shanskii, G. I.: 0.17
Rozenberg, A. L.: 0.17
Fomin, A. I.: 0.17
Shapovalov, N. N.: 0.17
Suncheleev, R. R.: 0.17
Shchepochkina, I. M.: 0.17
Kostrikin, Igor Alexeevich: 0.17
Belkin, S. E.: 0.17
Sergeev, Aleksandr Nikolaevich: 0.17
Korkina, Elena I.: 0.17
Agranovich, I. M.: 0.17
Barabasheva, Yu: 0.17
Khoroshkin, Sergei Mikhailovich: 0.17
Shiheeva, V.: 0.17
Grozman, P.: 0.17
Eliseev, S.: 0.17
Bekbaev, U.: 0.17
Gnedin, Alexander: 0.17
Neretin, Yurii A.: 0.17
Shander, V.: 0.17
Mikhailov, A. A.: 0.17
Karabegov, A. V.: 0.17
Shtepin, V. V.: 0.17
Golenishcheva-Kutuzova, Maria I.: 0.17
Tsalenko, L. M.: 0.17
Ovsienko, O. D.: 0.17
Malikov, F. G.: 0.17
Mikerin, A. G.: 0.17
Nazarov, Maxim: 0.17
Olshanski, Grigori: 0.17
Odesskii, A. I.: 0.17
Yuriev, D. V.: 0.17
Fedyk, Yu A.: 0.17
Kononenko, A. V.: 0.17
Prosvetov, G.: 0.17
Dergachev, Vladimir: 0.17
Scorichenko, Alexander: 0.17
Stotsky, Edward Danilovich: 0.17
Nogina, Elena Yur'evna: 0.17
Lyubetsky, Vassily Alexandrovich: 0.17
Dushsky, Vladimir Alexandrovich: 0.17
Plisko, Valery Egorovich: 0.17
Vyugin, Vladimir Vyacheslavovich: 0.17
Shabunin, Leonid Vasil'evich: 0.17
Lomkovskaya, Mariya Vladimirovna: 0.17
Gargov, George Kolev: 0.17
Kanovey, Vladimir Grigor'evich: 0.17
Soprunov, Sergey Fedorovich: 0.17
Sotirov, Vladimir Khristov: 0.17
Skvortsov, Dmitry Pavlovich: 0.17
Vardanyan, Valerius Aramovich: 0.17
Drugush, Yakim Mikhaylovich: 0.17
Budinas, Borisas Leonardovich: 0.17
Krupski, Vladimir Nikolaevich: 0.17
Shum, Alexandr Anatol'evich: 0.17
Kuzichev, Andrey Alexandrovich: 0.17
Верещагин, Николай Константинович: 0.17
Панкратьев, Николай Анатольевич: 0.17
Горбунов, Константин Юрьевич: 0.17
Rojkovskaia, Natalia A.: 0.17
Матвеев, Владимир С.: 0.17
Болсинов, Алексей В.: 0.17
Pushin, Oleg: 0.17
Voronov, Alexander A.: 0.17
Belskii, Arkadii Aleksandrovich: 0.17
Demidov, Evgenij Evgen'evich: 0.17
Frumkin, M.: 0.17
Kolmykov, Vladislav Alekseevich: 0.17
Kurchanov, Pavel Fedorvich: 0.17
Lebedev, D.: 0.17
Levin, A.: 0.17
Martynov, B.: 0.17
Mustafin, G.: 0.17
Roitman, A.: 0.17
Shermenev, Aleksandr Mikhailovich: 0.17
Vainberg, Yu.: 0.17
Verevkin, Andrey Borisovich: 0.17
Клейменов, Владимир Федорович: 0.17
Блудов, Василий Васильевич: 0.17
Муранов, Алексей: 0.17
Викентьев, Александр Александрович: 0.17
Penkov, Ivan B.: 0.17
Рубнич, Борис А.: 0.17
Vishik, Mikhail M.: 0.17
Goryachev, Sergei Vasilievich: 0.17
Shpilrain, Vladimir: 0.17
Шмелёв, Г. Ю.: 0.17
Grozman, Pavel Ja.: 0.17
Kochetkov, Yuri: 0.17
Shander, V. N.: 0.17
Poletaeva, Elena I.: 0.17
Bider, Ilia: 0.17
Yakimova, Oksana Sergeevna: 0.17
Скопенков, Аркадий Борисович: 0.17
Окунев, Леопольд Яковлевич: 0.17
Slavnov, Sergey: 0.17
Семёнова, Марина Владимировна: 0.17
Шеремет, Михаил Сергеевич: 0.17
Кулаков, Александр Антипович: 0.17
Александров, Виктор Алексеевич: 0.17
Егоров, Александр Анатольевич: 0.17
Коробков, Михаил Вячеславович: 0.17
Карташов, Владимир Константинович: 0.17
Русаков, Степан Афанасьевич: 0.17
Bulavsky, Vladimir Aleksandrovich: 0.17
Пришепёнок, Сергей: 0.17
Камышников, В. Н.: 0.17
Золин, Евгений Евгеньевич: 0.17
Shavrukov, Vladimir Yurievich: 0.17
Яворская, Татьяна Леонидовна: 0.17
Yavorsky, Rostislav Eduardovich: 0.17
Bryukhov, Yegor Nikolayevich: 0.17
Щербин, Василий Матвеевич: 0.17
Smirnova, Tamara Nikiforovna: 0.17
Крупский, Николай Владимирович: 0.17
Лелчук, Марк Пиневич: 0.17
Пальчик, Е. М.: 0.17
Petrova, Lyudmila Trofimovna: 0.17
Вильяцер, Вульф Генахович: 0.17
Беккер, Исаак Хаимович: 0.17
Шлафер, Александр З.: 0.17
Бусаркина, Лидия Руфинадиевна: 0.17
Дицман, Алексей Петрович: 0.17
Туркин, Владимир Константинович: 0.17
Колянковский, Дормидонт Петрович: 0.17
Прокофьев, Анатолий Николаевич: 0.17
Мочульский, Евгений Николаевич: 0.17
Гриндлингер, Елена Ивановна: 0.17
Romanovskii, Iosif Vladimirovich: 0.17
Makarov, Valerii Leonidovich: 0.17
Копейко, Вячеслав: 0.17
Пузаренко, Вадим Г.: 0.17
Kuznets, Roman: 0.17
Чернов, Алексей Вячеславович: 0.17
Ромашенко, Андрей Евгеньевич: 0.17
Вьюгин, Михаил Владимирович: 0.17
Меленцов, Александр Александрович: 0.17
Эдельман, Самуил Львович: 0.17
Казачков, Борис Владимирович: 0.17
Дулатова, Зайнеп А.: 0.17
Васильев, Андрей Викторович: 0.17
Khukhro, Evgeny Ivanovich: 0.17
Vdovin, Evgeny Petrovich: 0.17
Aleev, Rifkhat Zhalyalovich: 0.17
Chekanov, Sergey Gennadievich: 0.17
Chukanov, Nikolay Alexandrovich: 0.17
Il'in, Valentin Ivanovich: 0.17
Хорошевский, Михаил Васильевич: 0.17
Kozlov, Sergey Dmitrievich: 0.17
Revin, Danila Olegovich: 0.17
Гречкосеева, Мария Александровна: 0.17
Верхозина, Маргарита Ильинична: 0.17
Тишковский, Дмитрий Евгеньевич: 0.17
Рыбаков, Владимир Владимирович: 0.17
Шрейнер, Павел Александрович: 0.17
Мардаев, Сергей Ильич: 0.17
Мурзина, Вета Фёдоровна: 0.17
Krasilnikov, Alexei: 0.17
Karakozov, Sergey Dmitrievich: 0.17
Dyatlov, Vladimir Nikolaevich: 0.17
Ruban, Anatoly Al'bertovich: 0.17
Abasov, Nariman Magomedovich: 0.17
Kolesnikov, Evgeny Vitalievich: 0.17
Zaslavskii, Aleksandr Yakovlevich: 0.17
Уснич, Александр: 0.17
Степанова, Алёна Андреевна: 0.17
Ряскин, Александр Николаевич: 0.17
Овчинникова, Елена Викторовна: 0.17
Власов, Дмитрий Юрьевич: 0.17
Журков, Сергей Валерьевич: 0.17
Лавров, Игорь Андреевич: 0.17
Klyachko, Anton Aleksandrovich: 0.17
Шиевский, М.: 0.17
Жуфряков, А.: 0.17
Глухов, М. М.: 0.17
Бабиков, Георгий Васильевич: 0.17
Житомирский, Владимир Габриэлович: 0.17
Ейдинов, Михаил Иосифович: 0.17
Щепин, Геннадий Григорьевич: 0.17
Чарушников, Валерий Дмитриевич: 0.17
Черток, Валентин Дмитриевич: 0.17
Голдина, Наталья Павловна: 0.17
Дюбюк, Пётр Евгеньевич: 0.17
Громыко, Владимир Петрович: 0.17
Сафонов, Сергей Аврамович: 0.17
Торопов, Евгений Николаевич: 0.17
Lebedev, Alexey: 0.17
Огивецкий, Олег: 0.17
Dolgushev, Alexander Nikolaevich: 0.17
Berger, Sergey Mikhailovich: 0.17
Semenov, Alexander Mikhailovich: 0.17
Gudimenko, Alexey Ivanovich: 0.17
Radnaev, Vitaly Antonovich: 0.17
Бутурлакин, Александр Александрович: 0.17
Рютин, Константин Сергеевич: 0.17
Первухин, Михаил Александрович: 0.17
Гильдерман, Юрий Ильич: 0.17
Глобенко, Игорь Григорьевич: 0.17
Ивановский, Сергей: 0.17
Лившиц, Абрам Хаимович: 0.17
Глибичук, Алексей: 0.17
Mamontov, Andrey Sergeevich: 0.17
Кабенюк, Михаил Иванович: 0.17
Панов, Дмитрий А.: 0.17
Рождественский, Алексей: 0.17
Альбрехт, Павел: 0.17
Малыхин, Юрий: 0.17
Подольский, Владимир Владимирович: 0.17
Даугавет, Игорь Карлович: 0.17
Ильин, Валентин Петрович: 0.17
Харрик, Изабелла Юрьевна: 0.17
Подуфалов, Николай Дмитриевич: 0.17
Симонов, Пётр Михайлович: 0.17
Рочев, Игорь Петрович: 0.17
Шевелева, Ирина Викторовна: 0.17
Кравцова, Ольга Вадимовна: 0.17
Румянцев, Андрей: 0.17
Бабенко, Максим: 0.17
Ахунжанов, Ренат Камильевич: 0.17
Сильниченко, Александр Владимирович: 0.17
Митричева, Ирина Михайловна: 0.17
Дураков, Евгений Борисович: 0.17
Трофимов, Владимир: 0.17
Ильиных, Анатолий: 0.17
Зюляркина, Наталья: 0.17
Падучих, Дмитрий: 0.17
Ткачёва, Ирина: 0.17
Носов, Виталий: 0.17
Белоусова, Вероника: 0.17
Белоусов, Иван: 0.17
Нирова, Марина: 0.17
Гаврилюк, Александр: 0.17
Чуксина, Наталия: 0.17
Ефимов, Константин: 0.17
Исакова, Мариана: 0.17
Токбаева, Альбина: 0.17
Карпенко, Анастасия Валерьевна: 0.17
Крылов, Пётр Андреевич: 0.17
Мантуров, Василий Олегович: 0.17
Подберезина, Елена Ивановна: 0.17
Yardykov, Egor Yurievich: 0.17
Prikhodovskii, Mikhail Anatolievich: 0.17
Timoshenko, Egor Aleksandrovich: 0.17
Zinoviev, Egor Gennadievich: 0.17
Бабанская, Олеся Мирославовна: 0.17
Корытова, Марина Александровна: 0.17
Дударев, Егор Петрович: 0.17
Румянцев, Александр Николаевич: 0.17
Потапов, Дмитрий Борисович: 0.17
Миронов, Денис Александрович: 0.17
Кузнецов, Константин Борисович: 0.17
Шишкин, Владимир Андреевич: 0.17
Смолин, Юрий Николаевич: 0.17
Вербицкий, Олег Васильевич: 0.17
Старолетов, Алексей Михайлович: 0.17
Поносов, Дмитрий А.: 0.17
Трофимов, Валерий Владимирович: 0.17
Беляев, Александр Владимирович: 0.17
Плужников, Андрей Иванович: 0.17
Браилов, Андрей Владимирович: 0.17
Тырин, Алексей Владиславович: 0.17
Иванов, Александр Олегович: 0.17
Новикова, Ирина Сергеевна: 0.17
Ошимков, Андрей Александрович: 0.17
Полякова, Лада Станиславовна: 0.17
Плицина, Инга Вячеславовна: 0.17
Селиванова, Елена Николаевна: 0.17
Анисов, Сергей Семёнович: 0.17
Аношкина, Елена Валерьевна: 0.17
Борисенко, Алексей Александрович: 0.17
Калашников, Вячеслав Владимирович: 0.17
Браилов, Юрий Андреевич: 0.17
Коровина, Наталья Валентиновна: 0.17
Морозов, Павел Валерьевич: 0.17
Москвин, Андрей Юрьевич: 0.17
Воронцов, Александр Сергеевич: 0.17
Авдеев, Иван Фёдорович: 0.17
Снурницын, Павел Владимирович: 0.17
Копанева, Анна Александровна: 0.17
Бурлакова, Екатерина Анатольевна: 0.17
Тюрина, Ольга Васильевна: 0.17
Блохин, Александр: 0.17
Маслова, Наталья Владимировна: 0.17
Циовкина, Людмила: 0.17
Anokhin, Mikhail Igorevich: 0.17
Кораблева, Вера: 0.17
Насибуллин, Анас: 0.17
Зиновьева, Марианна: 0.17
Алексеева, Оксана: 0.17
Горшков, Илья: 0.17
Купавский, Андрей Борисович: 0.17
Мусатов, Даниил Владимирович: 0.17
Сесекин, Николай Фёдорович: 0.17
Фрейдман, Павел Абрамович: 0.17
Иванов, Сергей Георгиевич: 0.17
Кацман, Абрам Давидович: 0.17
Кутиев, Константин Михайлович: 0.17
Нагребецкий, Вацлав Тадеушевич: 0.17
Шлык, Владимир Александрович: 0.17
Берник, Василий Иванович: 0.17
Штейников, Юрий: 0.17
Татарский, Валериан: 0.17
Гайфулин, Дмитрий: 0.17
Журавлева, Виктория: 0.17
Жабицкая, Елена: 0.17
Душистова, Анна: 0.17
Шкредов, Илья: 0.17
Фроленков, Дмитрий: 0.17
Мерзляков, Юрий Иванович: 0.17
Romanovskiy, Nikolay Semenovich: 0.17
Sosnovsky, Yury Vasil'evich: 0.17
Shkuratsky, Anatoliy Ivanovich: 0.17
Lyul'ko, Alexander Nikolaevich: 0.17
Rozhkov, Alexander Victorovich: 0.17
Bardakov, Valeriy Georgievich: 0.17
Bryukhanov, Oleg Vadimovich: 0.17
Neshchadim, Mikhail Vladimirovich: 0.17
Korobov, Aleksey Alexandrovich: 0.17
Zakhryamin, Evgeniy Anatolievich: 0.17
Vapne, Julian Efimovich: 0.17
Noskov, Gennady Andreevich: 0.17
Bloshchitsyn, Vitaly Yakovlevich: 0.17
Zakir′yanov, Kairat Hairullinovich: 0.17
Чуркин, Валерий Авдеевич: 0.17
Tazhetdinov, Sagalatdin: 0.17
Котов, Серафим Васильевич: 0.17
Ковалевская, Элла Ивановна: 0.17
Трелина, Лариса Александровна: 0.17
Юруть, Иван Ефимович: 0.17
Желудевич, Франц Францевич: 0.17
Вильчинский, Владимир Тадиевич: 0.17
Машанов, Владимир Иванович: 0.17
Тимошенко, Евгений Иосифович: 0.17
Yakovlev, Evgenii Vladimirovich: 0.17
Шацков, Денис: 0.17
Bogopolski, Oleg Vladimirovich: 0.17
Khramtsov, Dmitrii Gennad'evich: 0.17
Dudkin, Fedor Anatolievich: 0.17
Пекелис, Алиса Самойловна: 0.17
Энтов, Владимир Маркович: 0.17
Либрович, Вадим Брониславович: 0.17
Милованов, Алексей: 0.17
Андреев, Михаил: 0.17
Бересневич, Виктор: 0.17
Ольшевский, Кароль: 0.162
Нётер, Фриц: 0.152
Инкулец, Ион Константинович: 0.124
Андрианов, Анатолий Николаевич: 0.095
Штерн, Авраам: 0.085
Маркович, Сима: 0.076
Ботезат, Георгий Александрович: 0.076
Линцбах, Яков Иванович: 0.076
Левин, Владимир Леонидович: 0.066
Гулак, Николай Иванович: 0.066
Синцов, Дмитрий Матвеевич: 0.066
Пикар, Софи: 0.066
Жулиньский, Роман: 0.057
Хесин, Борис Аронович: 0.057
Вистелиус, Андрей Борисович: 0.057
Гарбиньский, Кажетан: 0.048
Аничков, Дмитрий Сергеевич: 0.048
Новопашенный, Пётр Алексеевич: 0.048
Folkierski, Władysław: 0.038
Госиевский, Владислав: 0.038
Кржижановский, Адриан: 0.038
Мутанов, Галимкаир Мутанович: 0.038
Шеврин, Лев Наумович: 0.038
Арраго, Роман Семёнович: 0.038
Гангнус, Рудольф Вильгельмович: 0.038
Цейтин, Григорий Самуилович: 0.038
Мифтахов, Азат Фанисович: 0.038
Мухачёва, Элита Александровна: 0.038
Штейнберг, Михаил: 0.028
Кремер, Арон Иосифович: 0.028
Каменомостская, Сусанна Львовна: 0.028
Запольский, Иван Ипатович: 0.028
Павловский, Андрей Фёдорович: 0.028
Wenkow, Alexei Borissowitsch: 0.028
Ruubel, Alma Johanna: 0.028
Smbatyan, Ashot: 0.028
Слисенко, Анатолий Олесьевич: 0.028
Alderson, Helen Popova: 0.028
Goussarov, Mikhail: 0.019
Вильямс, Николай Николаевич: 0.019
Gukov, Sergei: 0.019
Kramsztyk, Stanisław: 0.019
Budrewicz, Wincenty: 0.019
Архимович, Зиновий Алоизиевич: 0.019
Рычков, Вячеслав Сергеевич: 0.019
Kasparow, Gennadi Georgijewitsch: 0.019
Харазов, Георгий Артёмович: 0.019
Кузьмина, Галина Васильевна: 0.019
Сырмус, Тамара: 0.019
Крысько, Вадим Анатольевич: 0.019
Николаевич, Бронштейн Илья: 0.019
Ященко, Иван Валериевич: 0.019
Дернов, Николай Андреевич: 0.019
Михайлов, Леонид Григорьевич: 0.019
Q85988048: 0.019
Ондар, Хеймер-оол Опанович: 0.019
Reznikov, Alexander: 0.01
Куликов, Виктор Степанович: 0.01
Альбрехт, Владимир Янович: 0.01
