 Колмогоров, Андрей Николаевич: 9.789
 Эйлер, Леонард: 9.486
 Новиков, Сергей Петрович: 7.34
 Громов, Михаил Леонидович: 7.314
 Гельфанд, Израиль Моисеевич: 7.181
 Арнольд, Владимир Игоревич: 6.987
 Боголюбов, Николай Николаевич: 6.781
 Фаддеев, Людвиг Дмитриевич: 6.481
 Алфёров, Жорес Иванович: 6.224
 Александров, Александр Данилович: 5.85
 Манин, Юрий Иванович: 5.711
 Канторович, Леонид: 5.697
 Садовничий, Виктор Антонович: 5.022
 Чебышёв, Пафнутий Львович: 4.968
 Марчук, Гурий Иванович: 4.916
 Синай, Яков Григорьевич: 4.786
 Самарский, Александр Андреевич: 4.782
 Фридман, Александр Александрович: 4.631
 Понтрягин, Лев Семёнович: 4.6
 Никольский, Сергей Михайлович: 4.543
 Олейник, Ольга: 4.517
 Воеводин, Валентин Васильевич: 4.516
 Шафаревич, Игорь Ростиславович: 4.431
 Александров, Павел Сергеевич: 4.412
 Ландау, Лев Давидович: 4.403
 Охоцимский, Дмитрий Евгеньевич: 4.403
 Марченко, Владимир Александрович: 4.337
 Осипов, Юрий Сергеевич: 4.323
 Моисеев, Никита Николаевич: 4.309
 Глушков, Виктор Михайлович: 4.3
 Перельман, Григорий Яковлевич: 4.18
 Тихонов, Андрей Николаевич: 4.172
 Козлов, Валерий Васильевич: 4.165
 Степанов, Родион Александрович: 4.16
 Кравчук, Михаил Филиппович: 4.039
 Бернштейн, Сергей Натанович: 4.028
 Соболев, Сергей Львович: 3.964
 Фоменко, Анатолий Тимофеевич: 3.961
 Ляпунов, Александр Михайлович: 3.95
 Безикович, Абрам Самойлович: 3.942
 Шмидт, Отто Юльевич: 3.837
 Маслов, Виктор Павлович: 3.833
 Русаков, Сергей Владимирович: 3.729
 Петровский, Иван Георгиевич: 3.715
 Келдыш, Мстислав Всеволодович: 3.709
 Владимиров, Василий Сергеевич: 3.701
 Ширшов, Анатолий Илларионович: 3.678
 Андерсон, Оскар Николаевич: 3.664
 Вершик, Анатолий Моисеевич: 3.651
 Седов, Леонид Иванович: 3.649
 Хинчин, Александр Яковлевич: 3.641
 Стеклов, Владимир Андреевич: 3.607
 Виноградов, Иван Матвеевич: 3.599
 Элиашберг, Яков Матвеевич: 3.567
 Ляпунов, Алексей Андреевич: 3.55
 Годунов, Сергей Константинович: 3.48
 Ладыженская, Ольга Александровна: 3.454
 Ломоносов, Михаил Васильевич: 3.402
 Делоне, Борис Николаевич: 3.401
 Лобачевский, Николай Иванович: 3.396
 Крейн, Марк Григорьевич: 3.342
 Ильин, Владимир Александрович: 3.335
 Лаврентьев, Михаил Алексеевич: 3.321
 Матиясевич, Юрий Владимирович: 3.311
 Болтянский, Владимир Григорьевич: 3.29
 Белоцерковский, Олег Михайлович: 3.266
 Горбань, Александр Николаевич: 3.266
 Овсянников, Лев Васильевич: 3.207
 Маргулис, Григорий: 3.204
 Котельников, Владимир Александрович: 3.19
 Винберг, Эрнест Борисович: 3.176
 Ковалевская, Софья Васильевна: 3.17
 Ерёмин, Иван Иванович: 3.169
 Кожевников, Павел Александрович: 3.129
 Хоружий, Сергей Сергеевич: 3.091
 Платонов, Владимир Петрович: 3.066
 Моисеев, Евгений: 3.026
 Векуа, Илья: 3.0
 Холево, Александр Семёнович: 2.996
 Капица, Сергей Петрович: 2.994
 Коротаев, Андрей Витальевич: 2.993
 Жидков, Николай Петрович: 2.988
 Дородницын, Анатолий: 2.951
 Мальцев, Анатолий Иванович: 2.944
 Смирнов, Станислав Константинович: 2.942
 Каган, Вениамин Фёдорович: 2.938
 Ляшко, Иван Иванович: 2.919
 Мордухай-Болтовской, Дмитрий Дмитриевич: 2.905
 Пятецкий-Шапиро, Илья Иосифович: 2.89
 Бухштабер, Виктор Матвеевич: 2.877
 Цингер, Василий Яковлевич: 2.875
 Ольшанский, Александр Юрьевич: 2.873
 Куратовский, Казимир: 2.848
 Ершов, Юрий Леонидович: 2.847
 Концевич, Максим: 2.843
 Лидский, Виктор Борисович: 2.835
 Мусхелишвили, Николай: 2.823
 Рудаков, Константин Владимирович: 2.818
 Линник, Юрий Владимирович: 2.805
 Кикоин, Исаак Константинович: 2.804
 Энеев, Тимур Магометович: 2.793
 Бахвалов, Николай Сергеевич: 2.791
 Кочина, Пелагея Яковлевна: 2.78
 Васильев, Виктор Анатольевич: 2.771
 Аносов, Дмитрий Викторович: 2.756
 Тарунин, Евгений Леонидович: 2.739
 Люстерник, Лазарь Аронович: 2.731
 Митропольский, Юрий Алексеевич: 2.713
 Башмаков, Марк Иванович: 2.708
 Лузин, Николай Николаевич: 2.704
 Кац, Виктор: 2.704
 Пенский, Олег Геннадьевич: 2.68
 Райков, Дмитрий Абрамович: 2.677
 Захаров, Владимир Евгеньевич: 2.65
 Рвачёв, Владимир Логвинович: 2.647
 Прохоров, Юрий Васильевич: 2.631
 Хованский, Аскольд Георгиевич: 2.627
 Деларю, Даниил Михайлович: 2.62
 Ермаков, Сергей Михайлович: 2.589
 Бернулли, Николай: 2.577
 Александрян, Рафаэль Арамович: 2.568
 Альфорс, Ларс: 2.559
 Окуньков, Андрей Юрьевич: 2.544
 Постников, Михаил Михайлович: 2.543
 Островский, Александр Маркович: 2.536
 Бененсон, Залман Михайлович: 2.528
 Бурков, Владимир Николаевич: 2.526
 Воеводский, Владимир Александрович: 2.502
 Погорелов, Алексей Васильевич: 2.499
 Вапник, Владимир Наумович: 2.494
 Мергелян, Сергей Никитович: 2.494
 Болотов, Виктор Александрович: 2.489
 Зубов, Василий Павлович: 2.486
 Паршин, Алексей Николаевич: 2.484
 Дынкин, Евгений: 2.48
 Пугачёв, Владимир Семёнович: 2.479
 Зельманов, Ефим: 2.444
 Ширяев, Альберт Николаевич: 2.442
 Ландо, Сергей Константинович: 2.439
 Мищенко, Евгений Фролович: 2.427
 Смирнов, Владимир Иванович: 2.424
 Буняковский, Виктор Яковлевич: 2.419
 Иванов, Валентин Константинович: 2.412
 Лахтин, Леонид Кузьмич: 2.408
 Чаплыгин, Сергей Алексеевич: 2.404
 Красовский, Николай Николаевич: 2.402
 Михайлов, Валентин Петрович: 2.389
 Яновская, Софья Александровна: 2.363
 Ремесленников, Владимир Никанорович: 2.338
 Забабахин, Евгений Иванович: 2.326
 Бернштейн, Иосиф Наумович: 2.324
 Фейгин, Борис Львович: 2.318
 Рашевский, Пётр Константинович: 2.308
 Турчин, Валентин Фёдорович: 2.307
 Амбарцумян, Рубен Викторович: 2.305
 Остроградский, Михаил Васильевич: 2.301
 Протасов, Владимир Юрьевич: 2.299
 Гутенмахер, Лев Израилевич: 2.295
 Мищенко, Александр Сергеевич: 2.29
 Ахиезер, Наум: 2.287
 Гохберг, Израиль Цудикович: 2.286
 Адян, Сергей Иванович: 2.285
 Лупанов, Олег Борисович: 2.285
 Карацуба, Анатолий Алексеевич: 2.282
 Жегалкин, Иван Иванович: 2.28
 Бердышев, Виталий Иванович: 2.27
 Васильев, Фёдор Павлович: 2.269
 Новиков, Пётр Сергеевич: 2.252
 Стечкин, Сергей Борисович: 2.252
 Фаддеев, Дмитрий Константинович: 2.251
 Виноградов, Дмитрий Вячеславович: 2.25
 Богомолов, Фёдор: 2.243
 Тыртышников, Евгений Евгеньевич: 2.238
 Воеводин, Владимир Валентинович: 2.237
 Циолковский, Константин Эдуардович: 2.229
 Солодовников, Владимир Викторович: 2.228
 Гнеденко, Борис Владимирович: 2.222
 Вощинин, Александр Павлович: 2.219
 Лавров, Святослав Сергеевич: 2.219
 Максудов, Фарамаз Газанфар оглы: 2.219
 Носовский, Глеб Владимирович: 2.215
 Кострикин, Алексей Иванович: 2.213
 Тужилин, Алексей Августинович: 2.21
 Галеркин, Борис Григорьевич: 2.204
 Чеботарёв, Николай Григорьевич: 2.203
 Журавлёв, Юрий Иванович: 2.198
 Разборов, Александр Александрович: 2.196
 Курош, Александр Геннадиевич: 2.186
 Тихомиров, Владимир Михайлович: 2.186
 Краснощёков, Павел Сергеевич: 2.179
 Дринфельд, Владимир: 2.176
 Свешников, Алексей Георгиевич: 2.158
 Чередник, Иван: 2.156
 Лебедев, Вячеслав Иванович: 2.154
 Макаров, Валерий Леонидович: 2.147
 Кондратьев, Владимир Александрович: 2.137
 Некрасов, Павел Алексеевич: 2.136
 Маланин, Владимир Владимирович: 2.128
 Граве, Дмитрий Александрович: 2.124
 Вороной, Георгий Феодосьевич: 2.12
 Эрдниев, Пюрвя Мучкаевич: 2.118
 Левин, Леонид Анатольевич: 2.113
 Тузиков, Александр Васильевич: 2.109
 Баренблатт, Григорий Исаакович: 2.108
 Мазуров, Владимир Данилович: 2.1
 Шор, Наум Зуселевич: 2.097
 Привалов, Иван Иванович: 2.093
 Бицадзе, Андрей Васильевич: 2.093
 Гамкрелидзе, Реваз Валерианович: 2.091
 Штокало, Иосиф Захарович: 2.088
 Ершов, Андрей Петрович: 2.086
 Гливенко, Валерий Иванович: 2.081
 Емельянов, Станислав Васильевич: 2.078
 Семёнов, Алексей Львович: 2.078
 Егоров, Дмитрий Фёдорович: 2.077
 Смирнов, Николай Васильевич: 2.077
 Акаев, Аскар Акаевич: 2.076
 Королёв, Лев Николаевич: 2.074
 Минлос, Роберт Адольфович: 2.062
 Мельник, Семён Ильич: 2.06
 Андреев, Николай Николаевич: 2.059
 Танаев, Вячеслав Сергеевич: 2.059
 Третьяков, Владимир Евгеньевич: 2.055
 Соколов, Юрий Дмитриевич: 2.055
 Березин, Феликс Александрович: 2.046
 Аракелян, Норайр Унанович: 2.046
 Левенштейн, Владимир Иосифович: 2.041
 Гребеников, Евгений Александрович: 2.038
 Белецкий, Владимир Васильевич: 2.027
 Ашраф: 2.026
 Витушкин, Анатолий Георгиевич: 2.022
 Ожигов, Юрий Игоревич: 2.019
 Немыцкий, Виктор Владимирович: 2.016
 Максимов, Владимир Петрович: 2.01
 Фихтенгольц, Григорий: 2.007
 Бартельс, Мартин Фёдорович: 2.005
 Каждан, Давид: 2.002
 Келдыш, Людмила Всеволодовна: 1.999
 Ермаков, Василий Петрович: 1.998
 Виленкин, Наум Яковлевич: 1.997
 Крылов, Алексей Николаевич: 1.982
 Слудский, Фёдор Алексеевич: 1.979
 Гагаев, Борис Михайлович: 1.979
 Лууре, Андрес: 1.973
 Фусс, Николай Иванович: 1.972
 Свирежев, Юрий Михайлович: 1.969
 Сигал, Израиль Хаимович: 1.969
 Шамолин, Максим Владимирович: 1.969
 Сегал, Бенцион Израилевич: 1.969
 Оселедец, Валерий Иустинович: 1.969
 Трахтенброт, Борис Авраамович: 1.966
 Ишлинский, Александр Юльевич: 1.963
 Гельфонд, Александр Осипович: 1.961
 Гайфуллин, Александр Александрович: 1.949
 Сулицкий, Владимир Николаевич: 1.939
 Зарицкий, Мирон Онуфриевич: 1.938
 Павлов, Борис Сергеевич: 1.929
 Тарский, Альфред: 1.925
 Успенский, Владимир Андреевич: 1.919
 Березовский, Борис Абрамович: 1.918
 Френкель, Игорь: 1.918
 Кары-Ниязов, Ташмухамед Ниязович: 1.918
 Рыбников, Константин Алексеевич: 1.916
 Юшкевич, Адольф Павлович: 1.915
 Дорофеева, Алла Владимировна: 1.908
 Ильин, Арлен Михайлович: 1.908
 Яненко, Николай Николаевич: 1.908
 Гончаров, Сергей Савостьянович: 1.908
 Суслин, Андрей: 1.901
 Леонтьев, Алексей Фёдорович: 1.896
 Рохлин, Владимир: 1.894
 Шилов, Георгий Евгеньевич: 1.894
 Ремез, Евгений Яковлевич: 1.893
 Евграфов, Марат: 1.889
 Хруслов, Евгений Яковлевич: 1.889
 Полянин, Андрей Дмитриевич: 1.885
 Кашин, Борис: 1.883
 Филиппов, Алексей Фёдорович: 1.877
 Костицын, Владимир Александрович: 1.877
 Бабич, Василий Михайлович: 1.868
 Нестеренко, Юрий Валентинович: 1.866
 Гончар, Андрей Александрович: 1.864
 Ратнер, Марина Евсеевна: 1.861
 Воробьёв, Николай Николаевич: 1.858
 Кириллов, Александр Александрович: 1.855
 Гантмахер, Феликс Рувимович: 1.854
 Абрамов, Александр Александрович: 1.847
 Кубилюс, Йонас: 1.845
 Абрамов, Сергей Михайлович: 1.843
 Цфасман, Михаил Анатольевич: 1.828
 Замятин, Алексей Петрович: 1.828
 Ретах, Владимир Соломонович: 1.828
 Хорол, Давид Моисеевич: 1.828
 Юдин, Давид Борисович: 1.827
 Кудрявцев, Лев Дмитриевич: 1.826
 Данилов, Владимир Иванович: 1.826
 Крылов, Николай Митрофанович: 1.818
 Фон-дер-Флаасс, Дмитрий Германович: 1.809
 Моисеев, Тихон Евгеньевич: 1.809
 Немировский, Аркадий Семёнович: 1.798
 Мойшезон, Борис Гершевич: 1.798
 Орлов, Александр Иванович: 1.798
 Малыгина, Вера Владимировна: 1.79
 Марков, Александр Александрович: 1.789
 Барбашин, Евгений Алексеевич: 1.788
 Волковысский, Лев Израилевич: 1.787
 Ефимов, Николай Владимирович: 1.786
 Степин, Анатолий Михайлович: 1.784
 Зак, Николай Фёдорович: 1.78
 Гихман, Иосиф Ильич: 1.778
 Райгородский, Андрей Михайлович: 1.778
 Шнирельман, Лев Генрихович: 1.771
 Бугров, Яков Степанович: 1.769
 Миркес, Евгений Моисеевич: 1.769
 Суслонов, Владимир Михайлович: 1.769
 Левин, Юрий Иосифович: 1.767
 Купрадзе, Виктор Дмитриевич: 1.765
 Лебедев, Николай Фролович: 1.758
 Каргаполов, Михаил Иванович: 1.758
 Похожаев, Станислав: 1.748
 Миндинг, Фердинанд: 1.744
 Рябов, Геннадий Георгиевич: 1.739
 Афанасьева, Татьяна Алексеевна: 1.738
 Корнейчук, Николай Павлович: 1.738
 Сеченов, Иван Михайлович: 1.734
 Бураго, Юрий Дмитриевич: 1.732
 Малков, Сергей Юрьевич: 1.729
 Берштейн, Леонид Самойлович: 1.729
 Демидович, Борис Павлович: 1.715
 Левитан, Борис Моисеевич: 1.713
 Яковлев, Вадим Иванович: 1.699
 Фабрикант, Валерий Иосифович: 1.698
 Щаранский, Натан: 1.696
 Лумельский, Ян Петрович: 1.69
 Давидов, Август Юльевич: 1.686
 Бейлинсон, Александр Александрович: 1.682
 Демидов, Сергей: 1.677
 Ганнушкина, Светлана Алексеевна: 1.672
 Фомин, Сергей Владимирович: 1.667
 Тюрин, Андрей Николаевич: 1.658
 Кузнецов, Владимир: 1.658
 Кутателадзе, Семён: 1.658
 Цирельсон, Борис Семенович: 1.656
 Зорич, Владимир Антонович: 1.656
 Малинецкий, Георгий Геннадьевич: 1.656
 Андронов, Александр Александрович: 1.651
 Пасконов, Вилен Михайлович: 1.649
 Дзядык, Владислав Кириллович: 1.648
 Чумаков, Фёдор Иванович: 1.648
 Слободянский, Михаил Григорьевич: 1.648
 Степанов, Вячеслав: 1.646
 Григорчук, Ростислав Иванович: 1.646
 Лейбензон, Леонид Самуилович: 1.645
 Марков, Андрей Андреевич: 1.644
 Романовский, Всеволод Иванович: 1.644
 Ивашев-Мусатов, Олег Сергеевич: 1.639
 Смолицкий, Хаим Львович: 1.639
 Богатырёв, Андрей Борисович: 1.639
 Халфин, Леонид Александрович: 1.638
 Федоренко, Радий Петрович: 1.637
 Бобылёв, Николай Антонович: 1.637
 Солтан, Валерий Петрович: 1.63
 Шафаревич, Андрей Игоревич: 1.63
 Будаев, Николай Сергеевич: 1.63
 Браверман, Эммануил Маркович: 1.63
 Григорьев, Дмитрий Юрьевич: 1.627
 Бугаев, Николай Васильевич: 1.623
 Дезин, Алексей Алексеевич: 1.618
 Субботин, Андрей Измайлович: 1.618
 Диткин, Виталий Арсеньевич: 1.618
 Алескеров, Фуад Тагиевич: 1.618
 Ворович, Иосиф: 1.616
 Савватеев, Алексей Владимирович: 1.609
 Степанец, Александр Иванович: 1.608
 Рипс, Илья Аронович: 1.602
 Нечаев, Василий Ильич: 1.599
 Павловский, Юрий Николаевич: 1.599
 Чушкин, Павел Иванович: 1.599
 Абрашкин, Виктор Александрович: 1.599
 Лаврик, Александр Фёдорович: 1.599
 Кошляков, Николай Сергеевич: 1.597
 Логунов, Александр Андреевич: 1.597
 Крейн, Селим Григорьевич: 1.586
 Котельников, Александр Петрович: 1.582
 Зелевинский, Андрей: 1.578
 Костомаров, Дмитрий Павлович: 1.578
 Добрушин, Роланд Львович: 1.574
 Ибрагимов, Ильдар Абдуллович: 1.572
 Яглом, Акива Моисеевич: 1.57
 Бочкарёв, Сергей Викторович: 1.568
 Вентцель, Елена Сергеевна: 1.564
 Флоренский, Павел Александрович: 1.56
 Коваленко, Игорь Николаевич: 1.559
 Шеметков, Леонид Александрович: 1.559
 Линдеберг, Ярл Вальдемар: 1.555
 Селиванов, Дмитрий Фёдорович: 1.555
 Слуцкий, Евгений Евгеньевич: 1.553
 Боровков, Александр Алексеевич: 1.553
 Банахевич, Тадеуш: 1.552
 Михайлов, Роман Валерьевич: 1.55
 Джумадильдаев, Аскар Серкулович: 1.548
 Ващенко-Захарченко, Михаил Егорович: 1.547
 Меньшов, Дмитрий Евгеньевич: 1.542
 Урысон, Павел Самуилович: 1.539
 Эйхенбаум, Яков Моисеевич: 1.538
 Азбелев, Николай Викторович: 1.536
 Монахов, Валентин Николаевич: 1.536
 Когбетлянц, Ерванд Геворгович: 1.536
 Петрик, Александр: 1.529
 Михалевич, Владимир Сергеевич: 1.528
 Фомин, Сергей Васильевич: 1.526
 Мельников, Иван Иванович: 1.525
 Шрейдер, Юлий Анатольевич: 1.525
 Базылев, Вячеслав Тимофеевич: 1.519
 Болибрух, Андрей Андреевич: 1.517
 Гокиели, Леван Петрович: 1.517
 Никишин, Евгений Михайлович: 1.517
 Q61043859: 1.51
 Платонов, Михаил Леонидович: 1.51
 Тамаркин, Яков Давидович: 1.509
 Пискунов, Николай Семёнович: 1.508
 Суслин, Михаил Яковлевич: 1.504
 Хачиян, Леонид Генрихович: 1.504
 Конягин, Сергей Владимирович: 1.504
 Щепкин, Павел Степанович: 1.5
 Варченко, Александр Николаевич: 1.498
 Мазалов, Владимир Викторович: 1.498
 Панин, Иван Александрович: 1.498
 Песин, Яков Борисович: 1.498
 Богданов, Рифкат Ибрагимович: 1.497
 Яблонский, Сергей Всеволодович: 1.496
 Бесов, Олег Владимирович: 1.495
 Брудно, Александр Львович: 1.489
 Шапиро, Зоря Яковлевна: 1.489
 Герман, Якоб: 1.482
 Выгодский, Марк Яковлевич: 1.479
 Глейзер, Григорий Давыдович: 1.479
 Извольский, Николай Александрович: 1.479
 Новиков, Дмитрий Александрович: 1.479
 Соловьёв, Александр Дмитриевич: 1.479
 Бобков, Сергей Германович: 1.479
 Акилов, Глеб Павлович: 1.479
 Светов, Борис Сергеевич: 1.479
 Мелентьев, Павел Владимирович: 1.479
 Карапетян, Гарник: 1.478
 Иванов, Сергей Владимирович (математик): 1.477
 Сазонов, Вячеслав Васильевич: 1.476
 Уральцева, Нина: 1.475
 Комраков, Борис Петрович: 1.473
 Харлампович, Ольга Георгиевна: 1.473
 Букреев, Борис Яковлевич: 1.472
 Ландис, Евгений Михайлович: 1.47
 Шварцбурд, Семён Исаакович: 1.47
 Пархоменко, Алексей Серапионович: 1.47
 Дужин, Сергей Васильевич: 1.47
 Авдеев, Николай Яковлевич: 1.468
 Афанасьев, Владимир: 1.468
 Султангазин, Умирзак Махмутович: 1.468
 Гольдберг, Анатолий Асирович: 1.468
 Айвазян, Сергей Арутюнович: 1.468
 Тураев, Владимир Георгиевич: 1.467
 Медведев, Павел Алексеевич: 1.459
 Амербаев, Вильжан Мавлютинович: 1.449
 Верещагин, Иван Фёдорович: 1.449
 Шишмарев, Юрий Евгеньевич: 1.449
 Краснопрошин, Виктор Владимирович: 1.449
 Галушкин, Александр Иванович: 1.449
 Решетняк, Юрий Григорьевич: 1.447
 Дымников, Валентин: 1.439
 Петров, Алексей Зиновьевич: 1.434
 Гюнтер, Николай Максимович: 1.434
 Рапопорт, Анатолий Борисович: 1.433
 Некрасов, Александр Иванович: 1.432
 Линделёф, Эрнст Леонард: 1.43
 Архипов, Геннадий Иванович: 1.428
 Житомирская, Светлана Яковлевна: 1.423
 Рышков, Сергей Сергеевич: 1.418
 Хованов, Михаил: 1.408
 Шура-Бура, Михаил Романович: 1.408
 Смелянский, Руслан Леонидович: 1.408
 Пинскер, Марк: 1.402
 Крыштановский, Александр Олегович: 1.399
 Шноль, Эммануил Эльевич: 1.399
 Мисюркеев, Иван Васильевич: 1.399
 Цыганков, Иван Власович: 1.399
 Арефьева, Ирина Ярославна: 1.399
 Трофимов, Пётр Иванович: 1.399
 Пионтковский, Андрей: 1.396
 Вагнер, Виктор Владимирович: 1.394
 Таран, Татьяна Архиповна: 1.388
 Андреев, Константин Алексеевич: 1.386
 Фет, Абрам Ильич: 1.385
 Сохоцкий, Юлиан Васильевич: 1.376
 Абросимов, Александр Викторович: 1.366
 Муртазин, Хайрулла Хабибуллович: 1.366
 Шпильрейн, Ян Николаевич: 1.366
 Фесенко, Иван: 1.358
 Пятосин, Иосиф Степанович: 1.358
 Дьяченко, Вадим Евгеньевич: 1.358
 Кольман, Эрнест Яромирович: 1.357
 Граев, Марк Иосифович: 1.356
 Васильев, Станислав Николаевич: 1.356
 Исаханлы, Гамлет Абдулла оглы: 1.353
 Гершгорин, Семён Аронович: 1.349
 Мильман, Давид Пинхусович: 1.346
 Сомов, Осип Иванович: 1.346
 Гольц, Ольга Владимировна: 1.343
 Жуковский, Николай Егорович: 1.34
 Аршеневский, Василий Кондратьевич: 1.339
 Бахвалов, Сергей Владимирович: 1.339
 Веселовский, Иван Николаевич: 1.339
 Ершов, Александр Степанович: 1.339
 Попов, Александр Фёдорович (математик): 1.339
 Франк, Михаил Людвигович: 1.339
 Либер, Александр Евгеньевич: 1.339
 Алексеев, Николай Николаевич (математик): 1.33
 Майер, Фридрих Христофор: 1.33
 Бюшгенс, Сергей Сергеевич: 1.328
 Михайленко, Борис Григорьевич: 1.328
 Молчанов, Альберт Макарьевич: 1.328
 Тюрин, Юрий Николаевич: 1.328
 Карпелевич, Фридрих Израилевич: 1.328
 Лизоркин, Пётр Иванович: 1.328
 Гулин, Алексей Владимирович: 1.328
 Адамян, Вадим Мовсесович: 1.317
 Абаканович, Бруно: 1.311
 Бронштейн, Идел Ушерович: 1.31
 Пановко, Яков Гилелевич: 1.309
 Данилюк, Иван Ильич: 1.309
 Жаринов, Виктор Викторович: 1.309
 Кузнецов, Николай Васильевич (математик): 1.309
 Субботин, Юрий Николаевич: 1.309
 Федорчук, Виталий Витальевич: 1.309
 Тайцлин, Михаил Абрамович: 1.309
 Каледин, Дмитрий: 1.309
 Камынин, Леонид Иванович: 1.309
 Лифанов, Иван Кузьмич: 1.309
 Широков, Пётр Алексеевич: 1.309
 Тишкин, Владимир Федорович: 1.309
 Самойленко, Юрий Стефанович: 1.309
 Фридман, Лев Моисеевич: 1.309
 Гиндикин, Семён Григорьевич: 1.308
 Кузьмин, Родион Осиевич: 1.301
 Анисимов, Василий Афанасьевич: 1.3
 Фомин, Владимир Николаевич: 1.3
 Пикус, Давид Львович: 1.3
 Салихов, Владислав Хасанович: 1.3
 Баскаков, Анатолий Григорьевич: 1.298
 Четаев, Николай Гурьевич: 1.298
 Ружанский, Михаил: 1.298
 Шатуновский, Самуил Осипович: 1.293
 Христианович, Сергей: 1.29
 Козлов, Владимир Яковлевич: 1.288
 Королюк, Владимир Семёнович: 1.288
 Морозов, Никита Фёдорович: 1.288
 Севастьянов, Борис Александрович: 1.288
 Ульянов, Владимир Васильевич: 1.288
 Чубариков, Владимир Николаевич: 1.288
 Ядренко, Михаил Иосифович: 1.288
 Большев, Логин Николаевич: 1.288
 Коробейников, Виктор Павлович: 1.278
 Статулявичус, Витаутас Антанович: 1.278
 Млодзиевский, Болеслав Корнелиевич: 1.274
 Стратонович, Руслан Леонтьевич: 1.271
 Коновалов, Анатолий Николаевич: 1.269
 Романов, Владимир: 1.269
 Чарный, Исаак Абрамович: 1.269
 Денисов, Александр Михайлович: 1.269
 Попов, Александр Михайлович: 1.269
 Ченцов, Александр: 1.269
 Лаврентьев, Михаил Михайлович: 1.267
 Есенин-Вольпин, Александр Сергеевич: 1.263
 Кублановская, Вера Николаевна: 1.262
 Говорун, Николай Николаевич: 1.258
 Пенская, Марианна Яновна: 1.256
 Гурьев, Семён Емельянович: 1.25
 Брайцев, Иван Романович: 1.248
 Дмитриев, Николай Александрович: 1.248
 Мирзоев, Карахан Агахан оглы: 1.248
 Стрекаловский, Александр Сергеевич: 1.248
 Нелепин, Рональд: 1.248
 Рабинович, Матвей Самсонович: 1.248
 Иосифовна, Тышкевич Регина: 1.246
 Брашман, Николай Дмитриевич: 1.244
 Джекобсон, Натан: 1.242
 Петросян, Гарегин Бахшиевич: 1.237
 Кузнецов, Александр Геннадьевич: 1.236
 Залгаллер, Виктор Абрамович: 1.235
 Трахтман, Абрам Наумович: 1.235
 Хлебников, Михаил Владимирович: 1.23
 Васин, Владимир Васильевич: 1.229
 Глускин, Лазарь Матвеевич: 1.229
 Товстик, Петр Евгеньевич: 1.229
 Попов, Юрий Петрович: 1.229
 Соколов, Владимир Вячеславович: 1.227
 Крылов, Андрей Серджевич: 1.227
 Вишик, Марко Иосифович: 1.225
 Слонимский, Зиновий Яковлевич: 1.225
 Аристов, Владимир Владимирович: 1.225
 Джрбашян, Мхитар: 1.225
 Голод, Евгений Соломонович: 1.224
 Эпинус, Франц Ульрих Теодор: 1.218
 Джалал: 1.218
 Денисов, Эдисон Васильевич: 1.217
 Перевощиков, Дмитрий Матвеевич: 1.217
 Петришин, Вальтер Володимир: 1.217
 Горский, Владимир Григорьевич: 1.208
 Яновская, Елена Борисовна: 1.208
 Гвишиани, Алексей Джерменович: 1.206
 Бородин, Алексей Михайлович: 1.204
 Васильев, Олег Владимирович (учёный): 1.199
 Чехлов, Валерий Иванович: 1.198
 Абрашин, Вячеслав Николаевич: 1.198
 Тыугу, Энн Харальдович: 1.198
 Наймарк, Марк Аронович: 1.196
 Сусова, Галина Михайловна: 1.19
 Деза, Мишель Мари: 1.188
 Милин, Исаак Моисеевич: 1.188
 Виро, Олег Янович: 1.187
 Боревич, Зенон Иванович: 1.187
 Агаханов, Назар Хангельдыевич: 1.187
 Марджанишвили, Константин Константинович: 1.187
 Поляков, Николай Викторович: 1.187
 Сретенский, Леонид Николаевич: 1.187
 Каляев, Игорь Анатольевич: 1.187
 Мильман, Виталий Давидович: 1.186
 Вольберг, Александр Львович: 1.185
 Петров, Александр Александрович: 1.185
 Назаров, Фёдор Львович: 1.185
 Ашихмин, Валерий Николаевич: 1.179
 Савич, Сергей Евгеньевич: 1.179
 Кадец, Михаил Иосифович: 1.178
 Владимирович, Скороход Анатолий: 1.176
 Налимов, Василий Васильевич: 1.176
 Малинин, Александр Фёдорович: 1.17
 Норден, Александр Петрович: 1.168
 Соболев, Владимир Иванович: 1.168
 Серебряков, Владимир Алексеевич: 1.168
 Васин, Александр Алексеевич: 1.168
 Брадис, Владимир Модестович: 1.158
 Рачинский, Сергей Александрович: 1.158
 Бакиров, Наиль Кутлужанович: 1.158
 Хеннер, Евгений Карлович: 1.157
 Полтерович, Леонид Викторович: 1.156
 Геворкян, Павел Самвелович: 1.156
 Андросенко, Пётр Александрович: 1.149
 Поляк, Борис Теодорович: 1.149
 Виноградов, Аскольд Иванович: 1.146
 Успенский, Яков Викторович: 1.142
 Умов, Николай Алексеевич: 1.142
 Пименов, Револьт Иванович: 1.14
 Шень, Александр: 1.14
 Aleksidze, Merab: 1.139
 Петунин, Юрий Иванович: 1.138
 Жданок, Татьяна Аркадьевна: 1.132
 Игнатовский, Владимир Сергеевич: 1.131
 Веденяпин, Виктор Валентинович: 1.128
 Константинов, Николай Николаевич: 1.128
 Атанасян, Левон Сергеевич: 1.128
 Волович, Игорь Васильевич: 1.128
 Шоргин, Сергей Яковлевич: 1.126
 Голузин, Геннадий Михайлович: 1.118
 Сарымсаков, Ташмухамед Алиевич: 1.118
 Червоненкис, Алексей Яковлевич: 1.111
 Шишмарёв, Илья Андреевич: 1.109
 Махнёв, Александр Алексеевич: 1.109
 Петросян, Леон Аганесович: 1.101
 Попов, Георгий Николаевич: 1.099
 Бильфингер, Георг Бернгард: 1.094
 Фоминых, Юрий Федорович: 1.089
 Шубников, Алексей Васильевич: 1.088
 Шифрин, Борис Фридманович: 1.088
 Зейлигер, Дмитрий Николаевич: 1.085
 Вербицкий, Михаил Сергеевич: 1.084
 Забродин, Алексей Валериевич: 1.078
 Плеснер, Абрам Иезекиилович: 1.074
 Кит, Борис Владимирович: 1.072
 Радыно, Яков Валентинович: 1.069
 Садовничий, Юрий Викторович: 1.069
 Садовничая, Инна Викторовна: 1.069
 Шуберт, Фёдор Иванович: 1.066
 Журавский, Дмитрий Иванович: 1.064
 Лопатинский, Ярослав Борисович: 1.064
 Кушниренко, Анатолий Георгиевич: 1.06
 Столяр, Абрам Аронович: 1.06
 Миков, Александр Иванович: 1.06
 Яглом, Исаак Моисеевич: 1.055
 Чудаков, Николай Григорьевич: 1.055
 Шмульян, Витольд Львович: 1.055
 Мейман, Наум Натанович: 1.053
 Малаховский, Владислав Степанович: 1.047
 Треногин, Владилен Александрович: 1.047
 Астряб, Александр Матвеевич: 1.047
 Бунимович, Леонид Абрамович: 1.045
 Горгидзе, Алексей Ясонович: 1.045
 Шагинян, Арташес Липаритович: 1.044
 Шидловский, Андрей Борисович: 1.038
 Колывагин, Виктор Александрович: 1.036
 Лаптев, Борис Лукич: 1.036
 Кочин, Николай Евграфович: 1.036
 Тюрина, Галина Николаевна: 1.036
 Дьяконов, Евгений Георгиевич: 1.036
 Кобельков, Георгий Михайлович: 1.036
 Паукер, Магнус Георг фон: 1.035
 Голубев, Владимир Васильевич: 1.034
 Агокас, Сергей Викторович: 1.028
 Билимович, Антон Дмитриевич: 1.028
 Тайманов, Асан Дабсович: 1.028
 Коялович, Борис Михайлович: 1.028
 Тихомандрицкий, Матвей Александрович: 1.028
 Eрмеков, Алимхан: 1.028
 Черников, Сергей Николаевич: 1.026
 Миклюков, Владимир Михайлович: 1.018
 Суворов, Фёдор Матвеевич: 1.018
 Зеликин, Михаил Ильич: 1.017
 Арсланов, Марат Мирзаевич: 1.017
 Кротов, Вадим Федорович: 1.017
 Султанаев, Яудат Талгатович: 1.017
 Гахов, Фёдор: 1.017
 Дубовицкий, Абрам Яковлевич: 1.017
 Орлов, Дмитрий Олегович: 1.017
 Розенберг, Вера Михайловна: 1.015
 Ибрагимов, Наиль Хайруллович: 1.015
 Бари, Нина Карловна: 1.009
 Анкудович, Викентий Александрович: 1.009
 Дикусар, Василий Васильевич: 1.009
 Панкевич, Михаил Иванович: 1.009
 Дьяченко, Аммос Андреевич: 1.009
 Чистяков, Иоасаф Иванович: 1.009
 Викберг, Борис Акселевич: 1.009
 Шапошников, Николай Александрович (математик): 1.009
 Фукс, Дмитрий Борисович: 1.008
 Натансон, Исидор Павлович: 1.008
 Отелбаев, Мухтарбай Отелбаевич: 1.008
 Белоусов, Валентин Данилович: 1.008
 Самойленко, Анатолий Михайлович: 1.005
 Киселёв, Андрей Петрович: 1.001
 Аппельрот, Герман Германович: 1.0
 Маркус, Александр Семёнович: 1.0
 Ольшевский, Вадим Рудольфович: 1.0
 Христиани, Николай Васильевич: 1.0
 Чебраков, Юрий Владимирович: 1.0
 Шевченко, Валерий: 1.0
 Таранников, Юрий Валерьевич: 1.0
 Рогов, Андрей Петрович: 1.0
 Афанасьев, Пафнутий Алексеевич: 1.0
 Буницкий, Евгений Леонидович: 1.0
 Веденисов, Николай Борисович: 1.0
 Прудников, Анатолий Платонович: 0.998
 Алексеев, Анатолий Арсениевич: 0.998
 Бирман, Михаил Шлемович: 0.998
 Зарубин, Александр Николаевич: 0.998
 Соловьёв, Валерий Дмитриевич: 0.998
 Тайманов, Искандер Асанович: 0.998
 Шкадов, Виктор Яковлевич: 0.998
 Цетлин, Михаил Львович: 0.998
 Афраймович, Валентин Сендерович: 0.998
 Гудиев, Амурхан Хаджиумарович: 0.998
 Золотов, Евгений Васильевич: 0.998
 Левин, Борис Яковлевич: 0.998
 Романко, Василий: 0.998
 Зубков, Андрей Михайлович: 0.998
 Бабаев, Юрий Николаевич: 0.995
 Фрейвалдс, Русиньш Мартыньш: 0.995
 Ансов, Игорь: 0.99
 Брин, Михаил Израилевич: 0.989
 Персидский, Константин Петрович: 0.988
 Сабитов, Иджад Хакович: 0.988
 Суворов, Георгий Дмитриевич: 0.988
 Ибрагимов, Ибрагим Ибишевич: 0.988
 Вулих, Борис: 0.988
 Мирианашвили, Матэ: 0.988
 Успенский, Пётр Демьянович: 0.986
 Кронрод, Александр Семёнович: 0.986
 Козин, Виктор Михайлович: 0.98
 Фаддеева, Вера Николаевна: 0.98
 Афанасьев, Александр Петрович: 0.979
 Гальперн, Самарий Александрович: 0.979
 Красовский, Андрей Николаевич: 0.979
 Кулешов, Александр Петрович: 0.979
 Левченков, Вячеслав Степанович: 0.979
 Питербарг, Владимир Ильич: 0.979
 Поспелов, Игорь Гермогенович: 0.979
 Сергеев, Армен Глебович: 0.979
 Сибирский, Константин Сергеевич: 0.979
 Тамразов, Промарз Меликович: 0.979
 Флейшман, Бенцион Шимонович: 0.979
 Никулин, Вячеслав: 0.979
 Граве, Платон Платонович: 0.979
 Тумаркин, Лев Абрамович: 0.979
 Толстова, Юлиана Николаевна: 0.979
 Рудаков, Игорь Алексеевич: 0.979
 Далецкий, Юрий Львович: 0.979
 Зыков, Александр Александрович: 0.979
 Гермейер, Юрий Борисович: 0.979
 Гаркави, Александр Львович: 0.979
 Гельфанд, Сергей Израилевич: 0.979
 Кукин, Георгий Петрович: 0.979
 Аникин, Валерий Михайлович: 0.979
 Субханкулов, Магалим Акрамович: 0.979
 Жиков, Василий Васильевич: 0.979
 Петров, Александр Павлович: 0.979
 Василевский, Юрий Викторович: 0.979
 Ильич, Хлыбов Владимир: 0.979
 Бойчук, Александр Андреевич: 0.977
 Беркович, Евгений: 0.977
 Гончаров, Герман Арсеньевич: 0.977
 Лойцянский, Лев Герасимович: 0.977
 Матросов, Виктор Леонидович: 0.977
 Новожилов, Виктор Валентинович: 0.977
 Брюно, Александр Дмитриевич: 0.977
 Кириллов, Елпидифор Анемподистович: 0.975
 Борткевич, Владислав Иосифович: 0.971
 Квасов, Дмитрий Викторович: 0.97
 Березин, Иван Семёнович: 0.969
 Кряжимский, Аркадий Викторович: 0.969
 Петров, Николай Николаевич: 0.969
 Гирш, Эдуард Алексеевич: 0.969
 Файнзильбер, Александр Маркович: 0.969
 Шмелёв, Виктор Васильевич: 0.969
 Изаак, Александр Давидович: 0.969
 Мучник, Андрей Альбертович: 0.969
 Зайцев, Андрей Юрьевич: 0.969
 Борисов, Алексей Владимирович: 0.969
 Верченко, Иван Яковлевич: 0.969
 Бокаев, Садуакас Хасенулы: 0.968
 Илолов, Мамадшо Илолович: 0.967
 Немчинов, Василий Сергеевич: 0.965
 Буркин, Игорь Михайлович: 0.96
 Немировский, Стефан Юрьевич: 0.958
 Дьяченко, Владимир Федотович: 0.958
 Евтушенко, Юрий Гаврилович: 0.958
 Сканави, Марк Иванович: 0.958
 Сушков, Борис Григорьевич: 0.958
 Жижченко, Алексей Борисович: 0.958
 Кондратьев, Юрий: 0.958
 Кибель, Илья Афанасьевич: 0.958
 Гуревич, Борис Маркович: 0.958
 Шунков, Владимир Петрович: 0.958
 Кондратьев, Анатолий Семенович: 0.958
 Яковлев, Анатолий Владимирович: 0.958
 Скубенко, Борис Фадеевич: 0.958
 Егоров, Юрий Владимирович: 0.958
 Легоньков, Владимир Иванович: 0.958
 Вроньский, Юзеф: 0.955
 Дубровин, Борис Анатольевич: 0.952
 Майсеня, Людмила Иосифовна: 0.949
 Вавилов, Александр: 0.948
 Михалёв, Александр Васильевич: 0.948
 Петров, Вячеслав Васильевич: 0.948
 Ченцов, Николай Николаевич: 0.948
 Завало, Сергей Трофимович: 0.948
 Еругин, Николай Павлович: 0.948
 Булинский, Александр Вадимович: 0.939
 Иохвидов, Иосиф Семёнович: 0.939
 Куржанский, Александр Борисович: 0.939
 Семёнычев, Валерий Константинович: 0.939
 Скрыпник, Игорь Владимирович: 0.939
 Харламов, Сергей Анатольевич: 0.939
 Абрамов, Сергей Александрович: 0.939
 Золотарёв, Владимир Михайлович: 0.939
 Вашакмадзе, Тамаз: 0.939
 Горгошидзе, Анатолий: 0.939
 Агаков, Всеволод Георгиевич: 0.938
 Масленникова, Вера Николаевна: 0.937
 Михайлович, Викулин Иван: 0.937
 Ильин, Александр Владимирович: 0.937
 Селезнёва, Светлана Николаевна: 0.937
 Магницкий, Леонтий Филиппович: 0.935
 Молин, Фёдор Эдуардович: 0.932
 Сазонов, Анатолий Ефимович: 0.929
 Двухшёрстов, Григорий Иванович: 0.929
 Давиденко, Виктор Александрович: 0.927
 Порецкий, Платон Сергеевич: 0.925
 Ульянов, Пётр Лаврентьевич: 0.925
 Шайн, Борис Моисеевич: 0.918
 Островский, Иосиф Владимирович: 0.918
 Капустин, Николай Юрьевич: 0.918
 Хургин, Яков Исаевич: 0.918
 Субботина, Нина Николаевна: 0.918
 Сычугов, Дмитрий Юрьевич: 0.918
 Срочко, Владимир Андреевич: 0.918
 Золотарёв, Егор Иванович: 0.912
 Edigarian, Armen: 0.909
 Востоков, Сергей Владимирович: 0.908
 Долбня, Иван Петрович: 0.908
 Браиловский, Виктор Львович: 0.907
 Дикштейн, Самуэль: 0.906
 Розенфельд, Борис Абрамович: 0.906
 Грудо, Эдуард Иосифович: 0.899
 Артамкин, Игорь Вадимович: 0.899
 Разгулин, Александр Витальевич: 0.899
 Аргунов, Борис Иванович: 0.899
 Гаранжа, Владимир Анатольевич: 0.899
 Дубцов, Евгений Сергеевич: 0.899
 Хачатрян, Хачатур Агавардович: 0.899
 Губреев, Геннадий Михайлович: 0.899
 Нурмиевич, Хабибуллин Булат: 0.899
 Локшин, Александр Александрович: 0.899
 Кордемский, Борис Анастасьевич: 0.895
 Тихомандрицкий, Александр Никитич: 0.89
 Q60029619: 0.89
 Шитикова, Лариса Александровна: 0.889
 Лексель, Андрей Иванович: 0.888
 Фёдоров, Евграф Степанович: 0.888
 Сосинский, Алексей Брониславович: 0.887
 Зигель, Феликс Юрьевич: 0.887
 Ентов, Владимир Маркович: 0.887
 Михлин, Соломон Григорьевич: 0.878
 Летников, Алексей Васильевич: 0.878
 Шолохович, Фридрих Акимович: 0.878
 Геронимус, Яков Лазаревич: 0.876
 Долгачёв, Игорь Владимирович: 0.875
 Малкин, Иоэль Гильевич: 0.868
 Миронов, Павел Миронович: 0.868
 Белавкин, Вячеслав Павлович: 0.868
 Шпачинский, Эразм Корнелиевич: 0.868
 Гивенталь, Александр Борисович: 0.866
 Aminov, Yuriy: 0.859
 Петерсон, Карл Михайлович: 0.858
 Спринджук, Владимир Геннадьевич: 0.857
 Маричев, Олег Игоревич: 0.857
 Араркцян, Бабкен Гургенович: 0.857
 Исковских, Василий Алексеевич: 0.857
 Шильников, Леонид Павлович: 0.857
 Борисов, Виктор Васильевич: 0.857
 Кудрявцев, Валерий Борисович: 0.857
 Буссе, Фёдор Иванович: 0.849
 Прасолов, Виктор Васильевич: 0.849
 Сабинин, Лев Васильевич: 0.849
 Фарварсон, Генри: 0.849
 Коллинс, Эдуард Давыдович: 0.849
 Vakhania, Niko: 0.849
 Рогановский, Николай Максимови: 0.849
 Серганова, Вера Владимировна: 0.848
 Хазанкин, Роман Григорьевич: 0.847
 Дуров, Николай: 0.841
 Земляков, Александр Николаевич: 0.84
 Курганов, Николай Гаврилович: 0.84
 Драгалин, Альберт: 0.84
 Витт, Александр Адольфович: 0.838
 Герасименко, Пётр Васильевич: 0.838
 Либерман, Иосиф Меерович: 0.838
 Архангельский, Александр Владимирович: 0.838
 Бутягин, Алексей Сергеевич: 0.838
 Фролов, Николай Адрианович: 0.838
 Долгопят, Дмитрий Ильич: 0.838
 Холодов, Александр Сергеевич: 0.838
 Шарковский, Александр Николаевич: 0.837
 Гусаренко, Сергей Алексеевич: 0.83
 Артамонов, Вячеслав Александрович: 0.829
 Позняк, Эдуард Генрихович: 0.828
 Гоппа, Валерий Денисович: 0.828
 Ивахненко, Алексей Григорьевич: 0.827
 Волевич, Леонид Романович: 0.819
 Тростников, Виктор Николаевич: 0.819
 Калужнин, Лев Аркадьевич: 0.819
 Конторович, Пётр Григорьевич: 0.819
 Алёшин, Станислав Владимирович: 0.818
 Беклемишев, Лев Дмитриевич: 0.81
 Q12165774: 0.81
 Бугров, Александр: 0.81
 Агрест, Матест Менделевич: 0.801
 Габович, Евгений Яковлевич: 0.8
 Бурков, Владимир Дмитриевич: 0.8
 Карацуба, Екатерина Анатольевна: 0.8
 Шаповалов, Александр Васильевич: 0.8
 Надирашвили, Николай Семёнович: 0.797
 Лавров, Пётр Лаврович: 0.785
 Френкель, Эдвард: 0.784
 Адельсон-Вельский, Георгий Максимович: 0.784
 Аракелов, Сурен Юрьевич: 0.782
 Эпштейн, Пауль Софус: 0.772
 Елепов, Борис Степанович: 0.77
 Мощевитин, Николай Германович: 0.77
 Герман, Олег Николаевич: 0.77
 Осиповский, Тимофей Фёдорович: 0.765
 Браверман, Елена Яновна: 0.758
 Боль, Пирс Георгиевич: 0.755
 Румовский, Степан Яковлевич: 0.755
 Абгарян, Карлен Арамович: 0.744
 Дробышев, Юрий Александрович: 0.739
 Глазман, Израиль Маркович: 0.739
 Каток, Светлана Борисовна: 0.734
 Широков, Юрий Михайлович: 0.726
 Топоногов, Виктор Андреевич: 0.726
 Краснер, Наум Яковлевич: 0.725
 Иванов, Иван: 0.725
 Матвиевская, Галина Павловна: 0.725
 Гребенщиков, Борис Борисович: 0.721
 Нехорошев, Николай Николаевич: 0.717
 Пфейффер, Георгий Васильевич: 0.717
 Иванов, Николай: 0.717
 Первушин, Иван Михеевич: 0.716
 Филиппов, Владимир Михайлович: 0.716
 Слешинский, Иван Владиславович: 0.716
 Жилина, Розетта Андреевна: 0.715
 Снядецкий, Ян: 0.709
 Гусейн-Заде, Сабир Меджидович: 0.708
 Зорич, Антон Владимирович: 0.708
 Соболь, Илья Меерович: 0.707
 Решетихин, Николай Юрьевич: 0.706
 Плющ, Леонид Иванович: 0.706
 Запольская, Любовь Николаевна: 0.706
 Кириллова, Фаина Михайловна: 0.706
 Якубович, Владимир: 0.706
 Дмитриев, Михаил Геннадьевич: 0.706
 Мазуров, Виктор Данилович: 0.706
 Хавин, Виктор Петрович: 0.706
 Малинникова, Евгения Владимировна: 0.706
 Владиславлев, Сергей Владимирович: 0.698
 Зуховицкий, Семён Израилевич: 0.698
 Попова, Наталья: 0.698
 Халилов, Захид Исмаил оглы: 0.698
 Ярошенко, Семён Петрович: 0.698
 Шапошникова, Татьяна Олеговна: 0.696
 Муштари, Хамид Музафарович: 0.696
 Вильбрехт, Александр Михайлович: 0.688
 Висковатов, Василий Иванович: 0.688
 Котельников, Пётр Иванович: 0.688
 Котельников, Семён Кириллович: 0.688
 Янишевский, Эраст Петрович: 0.688
 Рахманинов, Иван Иванович: 0.688
 Смирнов, Юрий: 0.687
 Маркушевич, Алексей Иванович: 0.687
 Андрунакиевич, Владимир Александрович: 0.687
 Ахтямов, Азамат Мухтарович: 0.687
 Глаголев, Нил Александрович: 0.687
 Захарян, Ваник Суренович: 0.687
 Кравченко, Виктор Филиппович: 0.687
 Мержанов, Александр Григорьевич: 0.687
 Напалков, Валентин Васильевич: 0.687
 Розов, Николай Христович: 0.687
 Юлмухаметов, Ринад: 0.687
 Фиников, Сергей: 0.687
 Коровина, Мария Викторовна: 0.687
 Шевцова, Ирина Геннадьевна: 0.687
 Липовецкий, Арон: 0.68
 Копанский, Александр Яковлевич: 0.68
 Власов, Алексей Константинович: 0.679
 Кипнис, Михаил Маркович: 0.679
 Татаринов, Ярослав Всеволодович: 0.679
 Фельдман, Александр Маркович: 0.679
 Худяев, Сергей Иванович: 0.679
 Шостак, Александр Петрович: 0.679
 Пентковский, Мстислав Вячеславович: 0.679
 Канель-Белов, Алексей Яковлевич: 0.679
 Куфарев, Павел Парфеньевич: 0.679
 Панюков, Анатолий Васильевич: 0.679
 Горбунов, Виктор: 0.679
 Блажеевский, Ромуальд Осипович: 0.679
 Чернеевский, Николай Степанович: 0.679
 Добронравов, Сергей Георгиевич: 0.679
 Ефремович, Вадим Арсеньевич: 0.678
 Алексеев, Владимир Михайлович: 0.678
 Склянин, Евгений Константинович: 0.678
 Колосов, Гурий Васильевич: 0.675
 Шейнфинкель, Моисей: 0.67
 Волков, Александр Александрович (математик): 0.67
 Вольфенгаген, Вячеслав Эрнстович: 0.67
 Глебский, Юрий Васильевич: 0.67
 Кабак, Валерий Иванович: 0.67
 Карастелев, Корнелий Иванович: 0.67
 Минятов, Александр Константинович: 0.67
 Оловянишников, Сергей Пантелеймонович: 0.67
 Хованов, Николай Васильевич: 0.67
 Никитин, Василий Никитич: 0.67
 Чижов, Дмитрий Семёнович: 0.67
 Гайцгори, Владимир: 0.67
 Лобанов, Семён: 0.67
 Архангельский, Николай Михеевич: 0.67
 Шклярский, Давид Оскарович: 0.67
 Рассказова, Вера Владимировна: 0.67
 Левкович-Маслюк, Леонид: 0.67
 Шанин, Николай Александрович: 0.668
 Крылов, Николай: 0.668
 Вечтомов, Евгений Михайлович: 0.668
 Гаджиев, Акиф Джафар оглы: 0.668
 Иманалиев, Мурзабек Иманалиевич: 0.668
 Кисляков, Сергей Витальевич: 0.668
 Латышев, Виктор Николаевич: 0.668
 Лигин, Валериан Николаевич: 0.668
 Матвеев, Сергей Владимирович: 0.668
 Неймарк, Юрий Исаакович: 0.668
 Пальцев, Борис Васильевич: 0.668
 Рябенький, Виктор Соломонович: 0.668
 Сидоров, Анатолий Фёдорович: 0.668
 Шарыгин, Игорь Фёдорович: 0.668
 Янков, Вадим: 0.668
 Полуэктов, Ратмир Александрович: 0.668
 Бураго, Дмитрий Юрьевич: 0.668
 Касим-Заде, Октай Мурадович: 0.668
 Семихатов, Алексей Михайлович: 0.668
 Бухштаб, Александр Адольфович: 0.668
 Ивочкина, Нина: 0.668
 Гущин, Александр Константинович: 0.668
 Гурман, Владимир Иосифович: 0.668
 Слинько, Аркадий Михайлович: 0.66
 Семячкин, Дмитрий: 0.659
 Новикова, Наталья Михайловна: 0.659
 Гварамия, Алеко Алексеевич: 0.658
 Гудивок, Пётр Михайлович: 0.658
 Джураев, Абдухамид Джураевич: 0.658
 Жаутыков, Орымбек Ахметбекович: 0.658
 Зубов, Владимир Иванович: 0.658
 Непейвода, Николай Николаевич: 0.658
 Трещёв, Дмитрий Валерьевич: 0.658
 Мучник, Альберт: 0.658
 Скопин, Александр Иванович: 0.658
 Горюнов, Виктор Владимирович: 0.658
 Зеленяк, Тадей Иванович: 0.658
 Положий, Георгий Николаевич: 0.658
 Гайшун, Иван Васильевич: 0.658
 Федорук, Михаил Петрович: 0.658
 Четверушкин, Борис Николаевич: 0.658
 Калошин, Вадим Юрьевич: 0.658
 Арак, Тайво Викторович: 0.658
 Алексеев, Виссарион Григорьевич: 0.656
 Воронель, Александр Владимирович: 0.649
 Геронимус, Александр Юрьевич: 0.649
 Глейзер, Герш Исаакович: 0.649
 Заморзаев-Орлеанский, Александр Михайлович: 0.649
 Зернов, Николай Ефимович: 0.649
 Костюченко, Анатолий: 0.649
 Крупник, Наум Яковлевич: 0.649
 Куликовский, Андрей Геннадиевич: 0.649
 Латипов, Халим Рафикович: 0.649
 Мартышко, Пётр Сергеевич: 0.649
 Миллионщиков, Владимир Михайлович: 0.649
 Садыхов, Мисреддин Аллахверди оглы: 0.649
 Стронгин, Роман Григорьевич: 0.649
 Ушаков, Владимир Николаевич: 0.649
 Шокин, Юрий Иванович: 0.649
 Шумейко, Александр Алексеевич: 0.649
 Юдович, Виктор Иосифович: 0.649
 Венков, Борис Алексеевич: 0.649
 Дяченко, Никита Андреевич: 0.649
 Назимов, Пётр: 0.649
 Акбергенов, Ибадулла: 0.649
 Фурсиков, Андрей Владимирович: 0.649
 Иванилов, Юрий Павлович: 0.649
 Чернявский, Владимир Соломонович: 0.649
 Быковский, Виктор Алексеевич: 0.649
 Тартаковский, Владимир Абрамович: 0.649
 Дядькин, Иосиф Гецелевич: 0.649
 Белинский, Павел Петрович: 0.649
 Моттль, Вадим Вячеславович: 0.649
 Вороненко, Андрей Анатольевич: 0.649
 Солонников, Всеволод Алексеевич: 0.649
 Нейштадт, Анатолий Исерович: 0.649
 Борисов, Владимир Фёдорович: 0.649
 Балк, Марк Беневич: 0.649
 Толстых, Андрей Игоревич: 0.649
 Шкредов, Илья Дмитриевич: 0.649
 Зелинский, Юрий Борисович: 0.649
 Галяев, Андрей Алексеевич: 0.649
 Пржиялковский, Виктор Владимирович: 0.649
 Алексеев, Анатолий Семёнович: 0.647
 Расулов, Меджид Лятиф оглы: 0.647
 Тарасенко, Феликс Петрович: 0.645
 Пономарёв, Лев: 0.641
 Герасимов, Вадим: 0.641
 Антипин, Анатолий Сергеевич: 0.64
 Асанов, Магаз Оразкимович: 0.64
 Котов, Иван Иванович (математик): 0.64
 Кружков, Станислав Николаевич: 0.64
 Россинский, Сергей Дмитриевич: 0.64
 Шананин, Александр Алексеевич: 0.64
 Шестаков, Иван Павлович: 0.64
 Молев, Александр: 0.64
 Шилькрут, Давид Исаакович: 0.64
 Шрира, Виктор Исаевич: 0.64
 Манаков, Сергей Валентинович: 0.64
 Буфетов, Александр Игоревич: 0.64
 Плотников, Павел Игоревич: 0.64
 Шефель, Самуил Зусевич: 0.64
 Чирка, Евгений Михайлович: 0.64
 Черножуков, Виктор Викторович: 0.64
 Гречина, Григорий Власьевич: 0.64
 Q64005353: 0.64
 Закарин, Аскар Закарьевич: 0.639
 Скоробогатов, Алексей Николаевич: 0.639
 Мнёв, Николай: 0.639
 Крутов, Виталий Иванович: 0.639
 Субботин, Михаил Фёдорович: 0.633
 Кузин, Лев Тимофеевич: 0.63
 Борухов, Валентин Терентьевич: 0.63
 Зарипов, Максут Мухаметзянович: 0.628
 Перельман, Яков Исидорович: 0.626
 Пак, Витольд Витольдович: 0.618
 Бусленко, Николай Пантелеймонович: 0.618
 Васильев, Николай Александрович: 0.614
 Ильяшенко, Юлий: 0.614
 Поссе, Константин Александрович: 0.614
 Мирзаджанзаде, Азад Халил оглы: 0.609
 Флёров, Юрий Арсениевич: 0.609
 Андон, Филипп Илларионович: 0.609
 Березанский, Юрий Макарович: 0.609
 Бондаренко, Виталий Михайлович: 0.609
 Гаращенко, Фёдор Георгиевич: 0.609
 Кильчевский, Николай: 0.609
 Бобков, Владимир Васильевич: 0.609
 Maranjyan, Hrant: 0.609
 Q20509711: 0.609
 Мартиросян, Ашот Наварсардович: 0.609
 Машковский, Кароль: 0.608
 Волков, Александр Мелентьевич: 0.605
 Эйлер, Иоганн Альбрехт: 0.604
 Кон-Фоссен, Стефан Эммануилович: 0.603
 Alıquliyev, Ramiz: 0.599
 Лаппо-Данилевский, Иван Александрович: 0.599
 Измайлов, Валентин Денисович: 0.599
 Андреевский, Михаил Аркадьевич: 0.59
 Кузнецова, Татьяна Ивановна: 0.588
 Пегов, Валентин Иванович: 0.588
 Каток, Анатолий Борисович: 0.586
 Базен, Пьер-Доминик: 0.586
 Бубнов, Иван Григорьевич: 0.584
 Самко, Стефан Григорьевич: 0.578
 Дьяконов, Александр Геннадьевич: 0.578
 Бобров, Сергей Павлович: 0.576
 Линделёф, Лоренц: 0.576
 Москатов, Генрих Карлович: 0.569
 Енгибарян, Норайр: 0.569
 Aslanov, Ramiz: 0.569
 Дубинин, Владимир Николаевич: 0.569
 Нахапетян, Борис : 0.569
 Шахбагян, Ромен: 0.569
 Аров, Дамир Зямович: 0.569
 Adamyan, Vanik: 0.569
 Q78441947: 0.569
 Бозоян, Шура : 0.569
 Ефимов, Никодим Николаевич: 0.569
 Бондарева, Ольга Николаевна: 0.566
 Гиновян, Мамикон: 0.56
 Мажорова, Ольга Семёновна: 0.56
 Романюха, Алексей Алексеевич: 0.56
 Сетуха, Алексей Викторович: 0.56
 Магницкий, Николай Александрович: 0.56
 Шоломов, Лев Абрамович: 0.56
 Zabavsky, Bohdan: 0.56
 Пентус, Мати Рейнович: 0.56
 Крафт, Георг Вольфганг: 0.557
 Сонин, Николай Яковлевич: 0.557
 Делоне, Николай Борисович: 0.557
 Сендеров, Валерий Анатольевич: 0.557
 Пажитнов, Алексей Леонидович: 0.55
 Адодуров, Василий Евдокимович: 0.548
 Никольский, Николай: 0.548
 Polishchuk, Vyacheslav Kalashnikov: 0.548
 Сатаров, Георгий Александрович: 0.546
 Тосунян, Гарегин Ашотович: 0.546
 Воронин, Сергей Михайлович: 0.538
 Бобынин, Виктор Викторович: 0.538
 Лавут, Александр Павлович: 0.538
 Мышкис, Анатолий Дмитриевич: 0.538
 Шабат, Борис Владимирович: 0.538
 Девингталь, Юрий Владимирович: 0.538
 Коровкин, Павел Петрович: 0.528
 Салтыков, Николай Николаевич: 0.528
 Даватц, Владимир: 0.528
 Лефевр, Владимир Александрович: 0.528
 Могильницкий, Вадим Анатольевич: 0.528
 Онищик, Аркадий Львович: 0.527
 Кваша, Гершко Иосифович: 0.519
 Лёвшин, Владимир Артурович: 0.519
 Фусс, Павел Николаевич: 0.519
 Шохор-Троцкий, Семён Ильич: 0.519
 Лойко, Михаил Фёдорович: 0.519
 Челкак, Дмитрий Сергеевич: 0.517
 Баранаускас, Антанас: 0.51
 Чесноков, Сергей: 0.509
 Твардовский, Осип Петрович: 0.509
 Ахвледиани, Александр: 0.509
 Шишкин, Николай Иванович: 0.509
 Аксёнов, Митрофан Семёнович: 0.509
 Этингоф, Павел Ильич: 0.508
 Мироненко, Владимир Иванович: 0.508
 Гирсанов, Игорь Владимирович: 0.508
 Соколов, Иван Дмитриевич: 0.508
 Митягин, Борис Самуилович: 0.508
 Баранников, Сергей Александрович: 0.508
 Мещерский, Иван: 0.501
 Скворцов, Владимир Викторович: 0.5
 Оганесян, Леонард: 0.499
 Брегман, Лев: 0.499
 Палто, Сергей Петрович: 0.498
 Маканин, Владимир Семёнович: 0.493
 Касьянов, Виктор Николаевич: 0.489
 Q6462767: 0.489
 Потапов, Владимир: 0.489
 Гаврилов, Гарий Петрович: 0.489
 Stakhov, Alexey: 0.489
 Яницкий, Станислав Людвигович: 0.489
 Крылов, Владимир Иванович: 0.489
 Тормасов, Александр Геннадьевич: 0.489
 Левин, Андрей Михайлович: 0.489
 Веретенников, Виктор Григорьевич: 0.489
 Аюпов, Шавкат Абдуллаевич: 0.489
 Поташёв, Максим: 0.488
 Гернет, Надежда Николаевна: 0.482
 Николенко, Сергей Игоревич: 0.48
 Q13028344: 0.48
 Мосолов, Пётр Петрович: 0.48
 Баврин, Иван Иванович: 0.48
 Осипов, Михаил Павлович: 0.48
 Клепцын, Виктор: 0.47
 Курлин, Виталий Александрович: 0.47
 Кабанов, Владислав Викторович: 0.47
 Трахтенберг, Яков: 0.463
 Красносельский, Марк Александрович: 0.463
 Коркин, Александр Николаевич: 0.444
 Цубербиллер, Ольга Николаевна: 0.425
 Капранов, Михаил Михайлович: 0.416
 Уфимцев, Пётр Яковлевич: 0.414
 Родес, Ида: 0.414
 Адо, Игорь: 0.406
 Подолинский, Сергей Андреевич: 0.406
 Фёдоров, Владимир Семёнович: 0.406
 Петросян, Ашот Везирович: 0.406
 Почобут-Одляницкий, Мартин: 0.404
 Сокольников, Иван: 0.397
 Дегаев, Сергей Петрович: 0.397
 Нуут, Юрий Юрьевич: 0.397
 Каринский, Михаил Иванович: 0.396
 Субботовская, Белла Абрамовна: 0.387
 Бейтлер, Вильгельм Готлиб Фридрих: 0.387
 Васильев, Александр Васильевич: 0.387
 Коробов, Николай Михайлович: 0.387
 Матизен, Виктор Эдуардович: 0.387
 Размадзе, Андрей Михайлович: 0.387
 Эфендиев, Мамед Рашид оглы: 0.387
 Александров, Владимир Валентинович: 0.387
 Жмурко, Лаврентий: 0.387
 Берлова, Наталья Геннадьевна: 0.387
 Налимов, Евгений Викторович: 0.386
 Шокуров, Вячеслав Владимирович: 0.378
 Кушнер, Борис Абрамович: 0.378
 Гастев, Юрий Алексеевич: 0.378
 Артёмов, Сергей Николаевич: 0.378
 Штокман, Владимир Борисович: 0.376
 Морозкин, Николай Данилович: 0.376
 Рейссиг, Корнелий Христианович: 0.369
 Вейсфейлер, Борис: 0.368
 Офман, Юрий Петрович: 0.368
 Крамков, Дмитрий Олегович: 0.368
 Зудилин, Вадим Валентинович: 0.368
 Зельманов, Абрам Леонидович: 0.368
 Имшенецкий, Василий Григорьевич: 0.368
 Кондурарь, Владимир Трифонович: 0.368
 Станевич, Виктор: 0.368
 Шестаков, Виктор: 0.368
 Агранович, Михаил Семёнович: 0.368
 Шубин, Михаил Александрович: 0.368
 Закалюкин, Владимир Михайлович: 0.368
 Липкин, Липман Израилевич: 0.368
 Эскин, Григорий Ильич: 0.368
 Циммерман: 0.368
 Батырев, Виктор Вадимович: 0.366
 Буслаев, Владимир Савельевич: 0.366
 Векуа, Николай Петрович: 0.366
 Фабиан, Оскар: 0.359
 Никитин, Николай Никифорович: 0.359
 Руссман, Исаак Борисович: 0.359
 Штейнбука, Инна: 0.359
 Grīnbergs, Emanuels: 0.359
 Феликсович, Бокштейн Меер: 0.359
 Лебедев, Николай Андреевич: 0.359
 Кужугет, Али: 0.359
 Левин, Виктор Иосифович: 0.357
 Иванов, Валентин Тимофеевич: 0.357
 Маркеев, Анатолий Павлович: 0.357
 Минц, Григорий Ефроимович: 0.357
 Хусайнов, Абдурахман: 0.35
 Гагарин, Андрей Григорьевич: 0.349
 Гимади, Эдуард Хайрутдинович: 0.349
 Ильинский, Алексей Никанорович: 0.349
 Колотов, Степан Митрофанович: 0.349
 Лигун, Анатолий Александрович: 0.349
 Перелогов, Тимофей Иванович: 0.349
 Преображенский, Владимир Васильевич: 0.349
 Романов, Николай Павлович: 0.349
 Ромер, Павел Эмилиевич: 0.349
 Фельдман, Израиль Аронович: 0.349
 Кириллов, Александр мл: 0.349
 Умирбаев, Уалбай Утмаханбетович: 0.349
 Венков, Борис Борисович: 0.349
 Вулих, Захар Борисович: 0.349
 Жбиковский, Антон Ксаверьевич: 0.349
 Парфентьев, Николай Николаевич: 0.349
 Бейер, Евгений Ильич фон: 0.349
 Левин, Виталий Ильич: 0.349
 Reiziņš, Linards: 0.349
 Стрельцов, Владимир Викторович: 0.349
 Арнольд, Виталий Дмитриевич: 0.349
 Четверухин, Николай Фёдорович: 0.349
 Бермант, Анисим: 0.34
 Бушен, Артур Богданович фон: 0.34
 Глаголев, Александр Николаевич: 0.34
 Джураев, Абубакир Мухтарович: 0.34
 Ивлев, Борис Михайлович: 0.34
 Костелянец, Пётр Оскарович: 0.34
 Кропоткин, Александр Алексеевич: 0.34
 Кулишер, Александр Рувимович: 0.34
 Лукьянов, Яков Афанасьевич: 0.34
 Макаров, Николай Иванович: 0.34
 Максимович, Александр Петрович: 0.34
 Поваров, Геллий Николаевич: 0.34
 Погожев, Иван Борисович: 0.34
 Погорельский, Платон Николаевич: 0.34
 Сабинин, Егор Фёдорович: 0.34
 Софронов, Михаил (математик): 0.34
 Тер-Крикоров, Александр Мартынович: 0.34
 Фёдоров, Илья: 0.34
 Хохлюк, Виталий Иванович: 0.34
 Исаков, Виктор: 0.34
 Бессель, Александр Васильевич: 0.34
 Суворов, Прохор Игнатьевич: 0.34
 Плоткин, Евгений Борисович: 0.34
 Гольденберг, Александр Иванович: 0.34
 Лерер, Леонид Ефимович: 0.34
 Турецкий, Абрам Хаимович: 0.34
 Ковнер, Семён Самсонович: 0.34
 Мула, Фредерик: 0.34
 Шмульян, Юрий Львович: 0.34
 Шахно, Константин Устинович: 0.34
 Шифф, Пётр Александрович: 0.34
 Лопшиц, Абрам Миронович: 0.34
 Александров, Иван Иванович: 0.34
 Михельсон, Николай Семёнович: 0.34
 Gordeziani, David: 0.34
 Беренс, Виктор Иванович: 0.34
 Выжевский, Степан Степанович: 0.34
 Liptser, Robert: 0.34
 Степанов, Сергей Александрович: 0.338
 Беклемишев, Дмитрий Владимирович: 0.338
 Вайнштейн, Борис Самойлович: 0.338
 Солтан, Пётр Семёнович: 0.338
 Новиков, Александр Александрович: 0.338
 Постников, Алексей Георгиевич: 0.338
 Итс, Александр Рудольфович: 0.338
 Попов, Владимир Леонидович: 0.338
 Симоненко, Игорь Борисович: 0.338
 Соловьёв, Сергей Юрьевич: 0.338
 Борисов, Денис Иванович: 0.338
 Эршлер, Анна Геннадьевна: 0.337
 Lesokhin, Mikhail Moiseevich: 0.33
 Посицельский, Леонид Ефимович: 0.33
 Квасов, Дмитрий Евгеньевич: 0.33
 Квасов, Борис Ильич: 0.33
 Доморяд, Александр Петрович: 0.33
 Зенков, Виктор: 0.33
 Джунь, Иосиф Владимирович: 0.328
 Кангро, Гуннар Фромхольдович: 0.328
 Стародуб, Юрий Петрович: 0.328
 Гороховик, Валентин Викентиевич: 0.328
 Габасов, Рафаил Фёдорович: 0.328
 Бондал, Алексей Игоревич: 0.328
 Ибрагимов, Вагиф: 0.328
 Акушский, Израиль Яковлевич: 0.328
 Кричевер, Игорь Моисеевич: 0.319
 Горбатов, Вячеслав Афанасьевич: 0.319
 Коренев, Георгий Васильевич: 0.319
 Пан, Виктор Яковлевич: 0.319
 Молчанов, Александр Артёмович: 0.319
 Мазаник, Сергей Алексеевич: 0.319
 Зенфф, Карл-Эдуард: 0.319
 Корзюк, Виктор Иванович: 0.319
 Абрамов, Александр Михайлович: 0.319
 Ионин, Владимир Кузьмич: 0.319
 Шкиль, Николай Иванович: 0.319
 Гущин, Валентин Анатольевич: 0.319
 Пахлов, Павел Николаевич: 0.319
 Фомичёв, Василий Владимирович: 0.319
 Волков, Евгений Алексеевич: 0.319
 Боголюбов, Николай Михайлович: 0.319
 Филер, Залмен Ефимович: 0.319
 Аргучинцев, Александр Валерьевич: 0.319
 Каган, Абрам Меерович: 0.319
 Саранцев, Геннадий Иванович: 0.319
 Гейн, Александр Георгиевич: 0.319
 Демьянов, Владимир Фёдорович: 0.319
 Шабозов, Мирганд Шабозович: 0.319
 Фёдоров, Вячеслав Васильевич: 0.319
 Лебедев, Николай Николаевич (математик): 0.319
 Сушко, Валерий Григорьевич: 0.319
 Пинус, Александр Георгиевич: 0.319
 Сушкевич, Антон Казимирович: 0.318
 Лахути, Делир Гасемович: 0.31
 Проценко, Владимир Сидорович: 0.31
 Q6516841: 0.31
 Q12078796: 0.31
 Q12089871: 0.31
 Q12097767: 0.31
 Лагно, Виктор Иванович: 0.31
 Овсиенко, Сергей Адамович: 0.31
 Q13030226: 0.31
 Lihoded, Nikolay Aleksandrovich: 0.31
 Q19772418: 0.31
 Садыбеков, Махмуд Абдысаметович: 0.31
 Альсевич, Виталий Викентьевич: 0.31
 Сейткулов, Ержан Нураханович: 0.31
 Овчинников, Алексей Витальевич: 0.31
 Бондарко, Михаил Владимирович: 0.31
 Чобанян, Сергей: 0.31
 Мурадян, Максим: 0.31
 Harutyunyan, Mariam: 0.31
 Денисюк, Владимир: 0.31
 Бочаров, Геннадий Алексеевич: 0.31
 Хисамиев, Назиф Гарифуллинович: 0.31
 Молотков, Сергей Николаевич: 0.31
 Старченко, Сергей Степанович: 0.309
 Jefimow, Alexander Iwanowitsch: 0.309
 Ерёмин, Борис Львович: 0.3
 Треиль, Сергей Раймондович: 0.3
 Кузнецов, Борис Николаевич (учёный): 0.29
 Эйгес, Владимир Романович: 0.269
 Кран, Эдгар: 0.247
 Lehmer, Emma: 0.246
 Литвинова, Елизавета: 0.237
 Либер, Александр Витальевич: 0.227
 Мейланов, Вазиф Сиражутдинович: 0.227
 Габих, Эдвард Ян: 0.227
 Гришов, Августин Нафанаил: 0.218
 Жебравский, Теофил: 0.218
 Бабчиньский, Тытус: 0.218
 Ковалевский, Максим Евграфович: 0.208
 Ребане, Хелью: 0.208
 Усманов, Гумер Исмагилович: 0.208
 Naumov, Pavel: 0.208
 Гурвиц, Юлий Осипович: 0.208
 Аржанцева, Гульнара Нурулловна: 0.198
 Тимченко, Иван Юрьевич: 0.198
 Q3920128: 0.198
 Q11755342: 0.198
 Kharlamov, Viatcheslav: 0.198
 Schechtman, Vadim: 0.198
 Palamodov, Victor Pavlovich: 0.198
 Головин, Михаил Евсеевич: 0.189
 Литягин, Андрей: 0.189
 Рост, Иван Акимович: 0.189
 Hertz, Karol: 0.189
 Крыжановский, Дмитрий Антонович: 0.189
 Смирнов, Дмитрий Матвеевич: 0.189
 Rosenberg, Alexander L.: 0.189
 Кондрашов, Владимир Иосифович: 0.189
 Kulikow, Walentin Stepanowitsch: 0.18
 Зархин, Юрий Геннадьевич: 0.18
 Lyapin, Evgeny Sergeevich: 0.18
 Иде, Иван Андреевич: 0.18
 Hlaváček, Ivan: 0.18
 Q12767670: 0.18
 Dobrakov, Ivan: 0.18
 Bobenko, Alexander Iwanowitsch: 0.18
 Беллюстин, Всеволод Константинович: 0.18
 Saxl, Ivan: 0.18
 Шапиро, Борис: 0.18
 Лобанов, Владимир: 0.18
 Tsygan, Boris: 0.18
 Osin, Denis: 0.18
 Зетель, Семён Исаакович: 0.18
 Шольц, Владимир Германович: 0.18
 Старостин, Альберт Иванович: 0.18
 Кокорин, Али Иванович: 0.18
 Копытов, Валерий Матвеевич: 0.18
 Великанова, Татьяна Михайловна: 0.171
 Повзнер, Александр Яковлевич: 0.17
 Плоткин, Борис Исаакович: 0.17
 Андрианов, Дмитрий Леонидович: 0.17
 Максимова, Лариса Львовна: 0.17
 Тарасов, Василий: 0.17
 Шабат, Георгий Борисович: 0.17
 Чунихин, Сергей Антонович: 0.17
 Solomyak, Michael Zakharovich: 0.17
 Палютин, Евгений Андреевич: 0.17
 Zavarnitsine, Andrei Vitalievich: 0.17
 Лейтес, Дмитрий Александрович: 0.17
 Syskin, Sergei A.: 0.17
 Rubinshtein, Gennady Shlemovich: 0.17
 Panchishkin, Alexei: 0.17
 Stolin, Alexander: 0.17
 Yagunov, Serge A.: 0.17
 Vaintrob, Arkady: 0.17
 Mihailovs, Aleksandrs: 0.17
 Sonkin, Dmitriy: 0.17
 Bahturin, Yuri Alexandrovich: 0.17
 Vakhutinski, I. Ya.: 0.17
 Ovchinnikov, S. V.: 0.17
 Busyatskaya, I. K.: 0.17
 Zaitsev, A. A.: 0.17
 Ol'shanskii, G. I.: 0.17
 Rozenberg, A. L.: 0.17
 Fomin, A. I.: 0.17
 Shapovalov, N. N.: 0.17
 Suncheleev, R. R.: 0.17
 Shchepochkina, I. M.: 0.17
 Kostrikin, Igor Alexeevich: 0.17
 Belkin, S. E.: 0.17
 Sergeev, Aleksandr Nikolaevich: 0.17
 Korkina, Elena I.: 0.17
 Agranovich, I. M.: 0.17
 Barabasheva, Yu: 0.17
 Khoroshkin, Sergei Mikhailovich: 0.17
 Shiheeva, V.: 0.17
 Grozman, P.: 0.17
 Eliseev, S.: 0.17
 Bekbaev, U.: 0.17
 Gnedin, Alexander: 0.17
 Neretin, Yurii A.: 0.17
 Shander, V.: 0.17
 Mikhailov, A. A.: 0.17
 Karabegov, A. V.: 0.17
 Shtepin, V. V.: 0.17
 Golenishcheva-Kutuzova, Maria I.: 0.17
 Tsalenko, L. M.: 0.17
 Ovsienko, O. D.: 0.17
 Malikov, F. G.: 0.17
 Mikerin, A. G.: 0.17
 Nazarov, Maxim: 0.17
 Olshanski, Grigori: 0.17
 Odesskii, A. I.: 0.17
 Yuriev, D. V.: 0.17
 Fedyk, Yu A.: 0.17
 Kononenko, A. V.: 0.17
 Prosvetov, G.: 0.17
 Dergachev, Vladimir: 0.17
 Scorichenko, Alexander: 0.17
 Stotsky, Edward Danilovich: 0.17
 Nogina, Elena Yur'evna: 0.17
 Lyubetsky, Vassily Alexandrovich: 0.17
 Dushsky, Vladimir Alexandrovich: 0.17
 Plisko, Valery Egorovich: 0.17
 Vyugin, Vladimir Vyacheslavovich: 0.17
 Shabunin, Leonid Vasil'evich: 0.17
 Lomkovskaya, Mariya Vladimirovna: 0.17
 Gargov, George Kolev: 0.17
 Kanovey, Vladimir Grigor'evich: 0.17
 Soprunov, Sergey Fedorovich: 0.17
 Sotirov, Vladimir Khristov: 0.17
 Skvortsov, Dmitry Pavlovich: 0.17
 Vardanyan, Valerius Aramovich: 0.17
 Drugush, Yakim Mikhaylovich: 0.17
 Budinas, Borisas Leonardovich: 0.17
 Krupski, Vladimir Nikolaevich: 0.17
 Shum, Alexandr Anatol'evich: 0.17
 Kuzichev, Andrey Alexandrovich: 0.17
 Верещагин, Николай Константинович: 0.17
 Панкратьев, Николай Анатольевич: 0.17
 Горбунов, Константин Юрьевич: 0.17
 Rojkovskaia, Natalia A.: 0.17
 Матвеев, Владимир С.: 0.17
 Болсинов, Алексей В.: 0.17
 Pushin, Oleg: 0.17
 Voronov, Alexander A.: 0.17
 Belskii, Arkadii Aleksandrovich: 0.17
 Demidov, Evgenij Evgen'evich: 0.17
 Frumkin, M.: 0.17
 Kolmykov, Vladislav Alekseevich: 0.17
 Kurchanov, Pavel Fedorvich: 0.17
 Lebedev, D.: 0.17
 Levin, A.: 0.17
 Martynov, B.: 0.17
 Mustafin, G.: 0.17
 Roitman, A.: 0.17
 Shermenev, Aleksandr Mikhailovich: 0.17
 Vainberg, Yu.: 0.17
 Verevkin, Andrey Borisovich: 0.17
 Клейменов, Владимир Федорович: 0.17
 Блудов, Василий Васильевич: 0.17
 Муранов, Алексей: 0.17
 Викентьев, Александр Александрович: 0.17
 Penkov, Ivan B.: 0.17
 Рубнич, Борис А.: 0.17
 Vishik, Mikhail M.: 0.17
 Goryachev, Sergei Vasilievich: 0.17
 Shpilrain, Vladimir: 0.17
 Шмелёв, Г. Ю.: 0.17
 Grozman, Pavel Ja.: 0.17
 Kochetkov, Yuri: 0.17
 Shander, V. N.: 0.17
 Poletaeva, Elena I.: 0.17
 Bider, Ilia: 0.17
 Yakimova, Oksana Sergeevna: 0.17
 Скопенков, Аркадий Борисович: 0.17
 Окунев, Леопольд Яковлевич: 0.17
 Slavnov, Sergey: 0.17
 Семёнова, Марина Владимировна: 0.17
 Шеремет, Михаил Сергеевич: 0.17
 Кулаков, Александр Антипович: 0.17
 Александров, Виктор Алексеевич: 0.17
 Егоров, Александр Анатольевич: 0.17
 Коробков, Михаил Вячеславович: 0.17
 Карташов, Владимир Константинович: 0.17
 Русаков, Степан Афанасьевич: 0.17
 Bulavsky, Vladimir Aleksandrovich: 0.17
 Пришепёнок, Сергей: 0.17
 Камышников, В. Н.: 0.17
 Золин, Евгений Евгеньевич: 0.17
 Shavrukov, Vladimir Yurievich: 0.17
 Яворская, Татьяна Леонидовна: 0.17
 Yavorsky, Rostislav Eduardovich: 0.17
 Bryukhov, Yegor Nikolayevich: 0.17
 Щербин, Василий Матвеевич: 0.17
 Smirnova, Tamara Nikiforovna: 0.17
 Крупский, Николай Владимирович: 0.17
 Лелчук, Марк Пиневич: 0.17
 Пальчик, Е. М.: 0.17
 Petrova, Lyudmila Trofimovna: 0.17
 Вильяцер, Вульф Генахович: 0.17
 Беккер, Исаак Хаимович: 0.17
 Шлафер, Александр З.: 0.17
 Бусаркина, Лидия Руфинадиевна: 0.17
 Дицман, Алексей Петрович: 0.17
 Туркин, Владимир Константинович: 0.17
 Колянковский, Дормидонт Петрович: 0.17
 Прокофьев, Анатолий Николаевич: 0.17
 Мочульский, Евгений Николаевич: 0.17
 Гриндлингер, Елена Ивановна: 0.17
 Romanovskii, Iosif Vladimirovich: 0.17
 Makarov, Valerii Leonidovich: 0.17
 Копейко, Вячеслав: 0.17
 Пузаренко, Вадим Г.: 0.17
 Kuznets, Roman: 0.17
 Чернов, Алексей Вячеславович: 0.17
 Ромашенко, Андрей Евгеньевич: 0.17
 Вьюгин, Михаил Владимирович: 0.17
 Меленцов, Александр Александрович: 0.17
 Эдельман, Самуил Львович: 0.17
 Казачков, Борис Владимирович: 0.17
 Дулатова, Зайнеп А.: 0.17
 Васильев, Андрей Викторович: 0.17
 Khukhro, Evgeny Ivanovich: 0.17
 Vdovin, Evgeny Petrovich: 0.17
 Aleev, Rifkhat Zhalyalovich: 0.17
 Chekanov, Sergey Gennadievich: 0.17
 Chukanov, Nikolay Alexandrovich: 0.17
 Il'in, Valentin Ivanovich: 0.17
 Хорошевский, Михаил Васильевич: 0.17
 Kozlov, Sergey Dmitrievich: 0.17
 Revin, Danila Olegovich: 0.17
 Гречкосеева, Мария Александровна: 0.17
 Верхозина, Маргарита Ильинична: 0.17
 Тишковский, Дмитрий Евгеньевич: 0.17
 Рыбаков, Владимир Владимирович: 0.17
 Шрейнер, Павел Александрович: 0.17
 Мардаев, Сергей Ильич: 0.17
 Мурзина, Вета Фёдоровна: 0.17
 Krasilnikov, Alexei: 0.17
 Karakozov, Sergey Dmitrievich: 0.17
 Dyatlov, Vladimir Nikolaevich: 0.17
 Ruban, Anatoly Al'bertovich: 0.17
 Abasov, Nariman Magomedovich: 0.17
 Kolesnikov, Evgeny Vitalievich: 0.17
 Zaslavskii, Aleksandr Yakovlevich: 0.17
 Уснич, Александр: 0.17
 Степанова, Алёна Андреевна: 0.17
 Ряскин, Александр Николаевич: 0.17
 Овчинникова, Елена Викторовна: 0.17
 Власов, Дмитрий Юрьевич: 0.17
 Журков, Сергей Валерьевич: 0.17
 Лавров, Игорь Андреевич: 0.17
 Klyachko, Anton Aleksandrovich: 0.17
 Шиевский, М.: 0.17
 Жуфряков, А.: 0.17
 Глухов, М. М.: 0.17
 Бабиков, Георгий Васильевич: 0.17
 Житомирский, Владимир Габриэлович: 0.17
 Ейдинов, Михаил Иосифович: 0.17
 Щепин, Геннадий Григорьевич: 0.17
 Чарушников, Валерий Дмитриевич: 0.17
 Черток, Валентин Дмитриевич: 0.17
 Голдина, Наталья Павловна: 0.17
 Дюбюк, Пётр Евгеньевич: 0.17
 Громыко, Владимир Петрович: 0.17
 Сафонов, Сергей Аврамович: 0.17
 Торопов, Евгений Николаевич: 0.17
 Lebedev, Alexey: 0.17
 Огивецкий, Олег: 0.17
 Dolgushev, Alexander Nikolaevich: 0.17
 Berger, Sergey Mikhailovich: 0.17
 Semenov, Alexander Mikhailovich: 0.17
 Gudimenko, Alexey Ivanovich: 0.17
 Radnaev, Vitaly Antonovich: 0.17
 Бутурлакин, Александр Александрович: 0.17
 Рютин, Константин Сергеевич: 0.17
 Первухин, Михаил Александрович: 0.17
 Гильдерман, Юрий Ильич: 0.17
 Глобенко, Игорь Григорьевич: 0.17
 Ивановский, Сергей: 0.17
 Лившиц, Абрам Хаимович: 0.17
 Глибичук, Алексей: 0.17
 Mamontov, Andrey Sergeevich: 0.17
 Кабенюк, Михаил Иванович: 0.17
 Панов, Дмитрий А.: 0.17
 Рождественский, Алексей: 0.17
 Альбрехт, Павел: 0.17
 Малыхин, Юрий: 0.17
 Подольский, Владимир Владимирович: 0.17
 Даугавет, Игорь Карлович: 0.17
 Ильин, Валентин Петрович: 0.17
 Харрик, Изабелла Юрьевна: 0.17
 Подуфалов, Николай Дмитриевич: 0.17
 Симонов, Пётр Михайлович: 0.17
 Рочев, Игорь Петрович: 0.17
 Шевелева, Ирина Викторовна: 0.17
 Кравцова, Ольга Вадимовна: 0.17
 Румянцев, Андрей: 0.17
 Бабенко, Максим: 0.17
 Ахунжанов, Ренат Камильевич: 0.17
 Сильниченко, Александр Владимирович: 0.17
 Митричева, Ирина Михайловна: 0.17
 Дураков, Евгений Борисович: 0.17
 Трофимов, Владимир: 0.17
 Ильиных, Анатолий: 0.17
 Зюляркина, Наталья: 0.17
 Падучих, Дмитрий: 0.17
 Ткачёва, Ирина: 0.17
 Носов, Виталий: 0.17
 Белоусова, Вероника: 0.17
 Белоусов, Иван: 0.17
 Нирова, Марина: 0.17
 Гаврилюк, Александр: 0.17
 Чуксина, Наталия: 0.17
 Ефимов, Константин: 0.17
 Исакова, Мариана: 0.17
 Токбаева, Альбина: 0.17
 Карпенко, Анастасия Валерьевна: 0.17
 Крылов, Пётр Андреевич: 0.17
 Мантуров, Василий Олегович: 0.17
 Подберезина, Елена Ивановна: 0.17
 Yardykov, Egor Yurievich: 0.17
 Prikhodovskii, Mikhail Anatolievich: 0.17
 Timoshenko, Egor Aleksandrovich: 0.17
 Zinoviev, Egor Gennadievich: 0.17
 Бабанская, Олеся Мирославовна: 0.17
 Корытова, Марина Александровна: 0.17
 Дударев, Егор Петрович: 0.17
 Румянцев, Александр Николаевич: 0.17
 Потапов, Дмитрий Борисович: 0.17
 Миронов, Денис Александрович: 0.17
 Кузнецов, Константин Борисович: 0.17
 Шишкин, Владимир Андреевич: 0.17
 Смолин, Юрий Николаевич: 0.17
 Вербицкий, Олег Васильевич: 0.17
 Старолетов, Алексей Михайлович: 0.17
 Поносов, Дмитрий А.: 0.17
 Трофимов, Валерий Владимирович: 0.17
 Беляев, Александр Владимирович: 0.17
 Плужников, Андрей Иванович: 0.17
 Браилов, Андрей Владимирович: 0.17
 Тырин, Алексей Владиславович: 0.17
 Иванов, Александр Олегович: 0.17
 Новикова, Ирина Сергеевна: 0.17
 Ошимков, Андрей Александрович: 0.17
 Полякова, Лада Станиславовна: 0.17
 Плицина, Инга Вячеславовна: 0.17
 Селиванова, Елена Николаевна: 0.17
 Анисов, Сергей Семёнович: 0.17
 Аношкина, Елена Валерьевна: 0.17
 Борисенко, Алексей Александрович: 0.17
 Калашников, Вячеслав Владимирович: 0.17
 Браилов, Юрий Андреевич: 0.17
 Коровина, Наталья Валентиновна: 0.17
 Морозов, Павел Валерьевич: 0.17
 Москвин, Андрей Юрьевич: 0.17
 Воронцов, Александр Сергеевич: 0.17
 Авдеев, Иван Фёдорович: 0.17
 Снурницын, Павел Владимирович: 0.17
 Копанева, Анна Александровна: 0.17
 Бурлакова, Екатерина Анатольевна: 0.17
 Тюрина, Ольга Васильевна: 0.17
 Блохин, Александр: 0.17
 Маслова, Наталья Владимировна: 0.17
 Циовкина, Людмила: 0.17
 Anokhin, Mikhail Igorevich: 0.17
 Кораблева, Вера: 0.17
 Насибуллин, Анас: 0.17
 Зиновьева, Марианна: 0.17
 Алексеева, Оксана: 0.17
 Горшков, Илья: 0.17
 Купавский, Андрей Борисович: 0.17
 Мусатов, Даниил Владимирович: 0.17
 Сесекин, Николай Фёдорович: 0.17
 Фрейдман, Павел Абрамович: 0.17
 Иванов, Сергей Георгиевич: 0.17
 Кацман, Абрам Давидович: 0.17
 Кутиев, Константин Михайлович: 0.17
 Нагребецкий, Вацлав Тадеушевич: 0.17
 Шлык, Владимир Александрович: 0.17
 Берник, Василий Иванович: 0.17
 Штейников, Юрий: 0.17
 Татарский, Валериан: 0.17
 Гайфулин, Дмитрий: 0.17
 Журавлева, Виктория: 0.17
 Жабицкая, Елена: 0.17
 Душистова, Анна: 0.17
 Шкредов, Илья: 0.17
 Фроленков, Дмитрий: 0.17
 Мерзляков, Юрий Иванович: 0.17
 Romanovskiy, Nikolay Semenovich: 0.17
 Sosnovsky, Yury Vasil'evich: 0.17
 Shkuratsky, Anatoliy Ivanovich: 0.17
 Lyul'ko, Alexander Nikolaevich: 0.17
 Rozhkov, Alexander Victorovich: 0.17
 Bardakov, Valeriy Georgievich: 0.17
 Bryukhanov, Oleg Vadimovich: 0.17
 Neshchadim, Mikhail Vladimirovich: 0.17
 Korobov, Aleksey Alexandrovich: 0.17
 Zakhryamin, Evgeniy Anatolievich: 0.17
 Vapne, Julian Efimovich: 0.17
 Noskov, Gennady Andreevich: 0.17
 Bloshchitsyn, Vitaly Yakovlevich: 0.17
 Zakir′yanov, Kairat Hairullinovich: 0.17
 Чуркин, Валерий Авдеевич: 0.17
 Tazhetdinov, Sagalatdin: 0.17
 Котов, Серафим Васильевич: 0.17
 Ковалевская, Элла Ивановна: 0.17
 Трелина, Лариса Александровна: 0.17
 Юруть, Иван Ефимович: 0.17
 Желудевич, Франц Францевич: 0.17
 Вильчинский, Владимир Тадиевич: 0.17
 Машанов, Владимир Иванович: 0.17
 Тимошенко, Евгений Иосифович: 0.17
 Yakovlev, Evgenii Vladimirovich: 0.17
 Шацков, Денис: 0.17
 Bogopolski, Oleg Vladimirovich: 0.17
 Khramtsov, Dmitrii Gennad'evich: 0.17
 Dudkin, Fedor Anatolievich: 0.17
 Пекелис, Алиса Самойловна: 0.17
 Энтов, Владимир Маркович: 0.17
 Либрович, Вадим Брониславович: 0.17
 Милованов, Алексей: 0.17
 Андреев, Михаил: 0.17
 Бересневич, Виктор: 0.17
 Ольшевский, Кароль: 0.162
 Нётер, Фриц: 0.152
 Инкулец, Ион Константинович: 0.124
 Андрианов, Анатолий Николаевич: 0.095
 Штерн, Авраам: 0.085
 Маркович, Сима: 0.076
 Ботезат, Георгий Александрович: 0.076
 Линцбах, Яков Иванович: 0.076
 Левин, Владимир Леонидович: 0.066
 Гулак, Николай Иванович: 0.066
 Синцов, Дмитрий Матвеевич: 0.066
 Пикар, Софи: 0.066
 Жулиньский, Роман: 0.057
 Хесин, Борис Аронович: 0.057
 Вистелиус, Андрей Борисович: 0.057
 Гарбиньский, Кажетан: 0.048
 Аничков, Дмитрий Сергеевич: 0.048
 Новопашенный, Пётр Алексеевич: 0.048
 Folkierski, Władysław: 0.038
 Госиевский, Владислав: 0.038
 Кржижановский, Адриан: 0.038
 Мутанов, Галимкаир Мутанович: 0.038
 Шеврин, Лев Наумович: 0.038
 Арраго, Роман Семёнович: 0.038
 Гангнус, Рудольф Вильгельмович: 0.038
 Цейтин, Григорий Самуилович: 0.038
 Мифтахов, Азат Фанисович: 0.038
 Мухачёва, Элита Александровна: 0.038
 Штейнберг, Михаил: 0.028
 Кремер, Арон Иосифович: 0.028
 Каменомостская, Сусанна Львовна: 0.028
 Запольский, Иван Ипатович: 0.028
 Павловский, Андрей Фёдорович: 0.028
 Wenkow, Alexei Borissowitsch: 0.028
 Ruubel, Alma Johanna: 0.028
 Smbatyan, Ashot: 0.028
 Слисенко, Анатолий Олесьевич: 0.028
 Alderson, Helen Popova: 0.028
 Goussarov, Mikhail: 0.019
 Вильямс, Николай Николаевич: 0.019
 Gukov, Sergei: 0.019
 Kramsztyk, Stanisław: 0.019
 Budrewicz, Wincenty: 0.019
 Архимович, Зиновий Алоизиевич: 0.019
 Рычков, Вячеслав Сергеевич: 0.019
 Kasparow, Gennadi Georgijewitsch: 0.019
 Харазов, Георгий Артёмович: 0.019
 Кузьмина, Галина Васильевна: 0.019
 Сырмус, Тамара: 0.019
 Крысько, Вадим Анатольевич: 0.019
 Николаевич, Бронштейн Илья: 0.019
 Ященко, Иван Валериевич: 0.019
 Дернов, Николай Андреевич: 0.019
 Михайлов, Леонид Григорьевич: 0.019
 Q85988048: 0.019
 Ондар, Хеймер-оол Опанович: 0.019
 Reznikov, Alexander: 0.01
 Куликов, Виктор Степанович: 0.01
 Альбрехт, Владимир Янович: 0.01
 Богданов, Дмитрий Степанович: 0.01
 Краснопёров, Егор Иванович: 0.01
 Остапенко, Сергей (актёр): 0.01
 Редер, Александр Христофорович: 0.01
 Kalandiya, Apollon Iosifovich: 0.01
 Biermann, Otto: 0.01
 Chebyshev, Pafnuty Lvovich: 0.01
 Зморович, Валентин Анатольевич: 0.01
 Максимович, Владимир Павлович: 0.01
 Созанов, Валерий Гаврилович: 0.01
 Bleher, Pavel: 0.01
 Kulisch, Pjotr Petrowitsch: 0.01
 Matwejew, Wladimir Borissowitsch: 0.01
 Demjanenko, Wadim Andrejewitsch: 0.01
 Борисов, Евгений Васильевич: 0.01
 Шестопал, Анатолий Фёдорович: 0.01
 Ангарская, Надежда Викторовна: 0.01
 Botanarsky, Andrey: 0.01
 Косинский, Викентий Викентьевич: 0.01
 Q18707824: 0.01
 Rosanov, Yuri Anatolievich: 0.01
 Гордон, Владимир Осипович: 0.01
 Фетисов, Антонин Иванович: 0.01
 Лешкевич, Николай Анатольевич: 0.01
 Berlyand, Leonid: 0.01
 Браверман, Максим Эммануилович: 0.01
 Волкова, Валентина Александровна: 0.01
 Попруженко, Михаил Григорьевич: 0.01
 Bortniker, Liouba: 0.01
 Хасанова, Тамилла: 0.01
 Evdokimov, Sergei: 0.01
 Q71869813: 0.01
 Магарил-Ильяев, Георгий Георгиевич: 0.01
 Шифф, Вера Иосифовна: 0.01
 Q93593591: 0.01
 Gomtsyan, Arsen: 0.01
 Жемкова, Елена Борисовна: 0.01
 Chestakov, Ivan: 0.01
 Karczewski, Wincenty: 0.0
 Кислицын, Сергей Сергеевич: 0.0
 Zolotov, Borisz Jevgenyjevics: 0.0
 Тиморин, Владлен: 0.0
 Калинин, Никита: 0.0
 Tyupkin, Yury: 0.0
 Кострикин, Игорь Алексеевич: 0.0
 Заболоцкий, Микола Васильевич: 0.0
 Тарасюк, Роман Иванович: 0.0
 Шеремета, Мирослав Николаевич: 0.0
 Березанский, Леонид Миронович: 0.0
 Рахматуллина, Лина Фазыловна: 0.0
 Песин, Иван Николаевич: 0.0
 Даирбеков, Нурлан Слямханович: 0.0
 Ливчак, Яков Борисович: 0.0
 Туленбаев, Марат: 0.0
 Стукачёв, Алексей И.: 0.0
 Шегиров, Кайртай Мейрамович: 0.0
 Перязев, Николай Алексеевич: 0.0
 Зайналов, Б.: 0.0
 Нестеренко, Юрий: 0.0
 Камунтавичюс, Дарус Антанас: 0.0
 Шидов, Лион Измаилович: 0.0
 Дураков, Борис Константинович: 0.0
 Орел, Ольга Евгеньевна: 0.0
 Кушибаев, Кемаль: 0.0
 Берлинков, Меир Лазаревич: 0.0
 Оманадзе, Роман Шалвович: 0.0
 Факадзе, Шалва: 0.0
